test,stream,seed,fold,k_old,k_corrected,old_score_k_old,old_score_k_corrected,new_score_k_old,new_score_k_corrected,old_relative_gap,cause
B,LO2,13,66,1014,1796,3.88452507938695,inf,3.88452507938713,3.76453524047434,inf,old guard rejected the corrected choice
B,LO2,32,0,1453,120,3.91466439847986,inf,3.91466439847967,3.43973997859775,inf,old guard rejected the corrected choice
B,LO2,32,1,1453,120,3.95065540343241,inf,3.95065540343224,3.44641327932062,inf,old guard rejected the corrected choice
B,LO2,32,2,1453,120,3.95436148952066,inf,3.95436148952063,3.43956127573617,inf,old guard rejected the corrected choice
B,LO2,32,3,1453,120,3.89779189557801,inf,3.8977918955781,3.32575259895852,inf,old guard rejected the corrected choice
B,LO2,32,4,1453,120,3.96583223078983,inf,3.9658322307897,3.4394469513566,inf,old guard rejected the corrected choice
B,LO2,32,5,1453,120,3.95080402413807,inf,3.95080402413819,3.44427952635497,inf,old guard rejected the corrected choice
B,LO2,32,6,1453,120,3.96563209947332,inf,3.96563209947359,3.44149303629525,inf,old guard rejected the corrected choice
B,LO2,32,7,1453,120,3.95864745777411,inf,3.95864745777419,3.44808783231421,inf,old guard rejected the corrected choice
B,LO2,32,8,1453,120,3.96325946046704,inf,3.96325946046713,3.42996018421869,inf,old guard rejected the corrected choice
B,LO2,32,9,1453,120,3.96601876748838,inf,3.96601876748849,3.4495960119194,inf,old guard rejected the corrected choice
B,LO2,32,10,1453,120,3.96670578611221,inf,3.96670578611212,3.4498766120076,inf,old guard rejected the corrected choice
B,LO2,32,11,1453,120,3.96180192427755,inf,3.96180192427748,3.4479047435897,inf,old guard rejected the corrected choice
B,LO2,32,12,1453,120,3.96547664302511,inf,3.96547664302506,3.45108599260911,inf,old guard rejected the corrected choice
B,LO2,32,13,1453,120,3.96726742662032,inf,3.96726742662054,3.45064505650202,inf,old guard rejected the corrected choice
B,LO2,32,14,1453,120,3.96871591665523,inf,3.96871591665533,3.45256471719176,inf,old guard rejected the corrected choice
B,LO2,32,15,1453,120,3.94779766171744,inf,3.94779766171746,3.41196867751965,inf,old guard rejected the corrected choice
B,LO2,32,16,1453,120,3.95441488233317,inf,3.9544148823332,3.43544024348631,inf,old guard rejected the corrected choice
B,LO2,32,17,1453,120,3.96369836281961,inf,3.96369836281959,3.44473509226996,inf,old guard rejected the corrected choice
B,LO2,32,18,1453,120,3.96171367588742,inf,3.96171367588744,3.44410266213716,inf,old guard rejected the corrected choice
B,LO2,32,19,1453,120,3.92014232050807,inf,3.9201423205083,3.42014900768006,inf,old guard rejected the corrected choice
B,LO2,32,20,1453,120,3.96509242652815,inf,3.96509242652819,3.40975764939186,inf,old guard rejected the corrected choice
B,LO2,32,21,1453,120,3.96634291919518,inf,3.96634291919527,3.44347020246875,inf,old guard rejected the corrected choice
B,LO2,32,22,1453,120,3.96496233382781,inf,3.96496233382753,3.44576675456195,inf,old guard rejected the corrected choice
B,LO2,32,23,1453,120,3.96669896647746,inf,3.96669896647757,3.44906950728765,inf,old guard rejected the corrected choice
B,LO2,32,24,1453,120,3.9656054611643,inf,3.96560546116436,3.44941710118629,inf,old guard rejected the corrected choice
B,LO2,32,25,1453,120,3.95360775078123,inf,3.95360775078104,3.44984043829134,inf,old guard rejected the corrected choice
B,LO2,32,26,1453,120,3.93885434615755,inf,3.93885434615755,3.43206579263144,inf,old guard rejected the corrected choice
B,LO2,32,27,1453,120,3.96218175383424,inf,3.96218175383435,3.44757121034451,inf,old guard rejected the corrected choice
B,LO2,32,28,1453,120,3.96632839542735,inf,3.9663283954273,3.45026368052358,inf,old guard rejected the corrected choice
B,LO2,32,29,1453,120,3.96553972630092,inf,3.96553972630107,3.45015126628202,inf,old guard rejected the corrected choice
B,LO2,32,30,1453,120,3.91034265980191,inf,3.91034265980206,3.44770010930934,inf,old guard rejected the corrected choice
B,LO2,32,31,1453,120,3.96636297666697,inf,3.96636297666694,3.44916380485688,inf,old guard rejected the corrected choice
B,LO2,32,32,1453,120,3.94183469659556,inf,3.94183469659565,3.40502055935405,inf,old guard rejected the corrected choice
B,LO2,32,33,1453,120,3.91582359204056,inf,3.91582359204064,3.41793918080806,inf,old guard rejected the corrected choice
B,LO2,32,34,1453,120,3.96747547150078,inf,3.96747547150093,3.45202884285953,inf,old guard rejected the corrected choice
B,LO2,32,35,1453,120,3.95318028561347,inf,3.95318028561345,3.43499418143112,inf,old guard rejected the corrected choice
B,LO2,32,36,1453,120,3.96493475693389,inf,3.96493475693387,3.44822175746774,inf,old guard rejected the corrected choice
B,LO2,32,37,1453,120,3.96175781124732,inf,3.96175781124768,3.44925662653394,inf,old guard rejected the corrected choice
B,LO2,32,38,1453,120,3.96466819343943,inf,3.96466819343944,3.44933698598509,inf,old guard rejected the corrected choice
B,LO2,32,39,1453,120,3.91018358586626,inf,3.91018358586611,3.43354053685496,inf,old guard rejected the corrected choice
B,LO2,32,40,1453,120,3.91163885781592,inf,3.91163885781601,3.4508439042449,inf,old guard rejected the corrected choice
B,LO2,32,41,1453,120,3.95037570809572,inf,3.95037570809576,3.44952191921701,inf,old guard rejected the corrected choice
B,LO2,32,42,1453,120,3.96761498031495,inf,3.96761498031493,3.45036957086484,inf,old guard rejected the corrected choice
B,LO2,32,43,1453,120,3.96650083623221,inf,3.96650083623189,3.44810043689174,inf,old guard rejected the corrected choice
B,LO2,32,44,1453,120,3.96626178752852,inf,3.96626178752887,3.43816664962604,inf,old guard rejected the corrected choice
B,LO2,32,45,1453,120,3.96016998070392,inf,3.96016998070383,3.39350871649051,inf,old guard rejected the corrected choice
B,LO2,32,46,1453,120,3.95292040378754,inf,3.95292040378782,3.44971584572926,inf,old guard rejected the corrected choice
B,LO2,32,47,1453,120,3.96589655004339,inf,3.96589655004357,3.44748715260132,inf,old guard rejected the corrected choice
B,LO2,32,48,37,120,3.89934090839864,inf,3.89934090839817,3.40911370327788,inf,old guard rejected the corrected choice
B,LO2,32,49,1453,120,3.96713776701022,inf,3.96713776701022,3.44955209717539,inf,old guard rejected the corrected choice
B,LO2,32,50,1453,120,3.96588902422826,inf,3.96588902422819,3.45006639911579,inf,old guard rejected the corrected choice
B,LO2,32,51,1453,120,3.95353710184069,inf,3.95353710184063,3.4430306639992,inf,old guard rejected the corrected choice
B,LO2,32,52,1453,120,3.96198310660374,inf,3.96198310660383,3.44662359488693,inf,old guard rejected the corrected choice
B,LO2,32,53,1453,120,3.96407363829081,inf,3.96407363829084,3.43863020824117,inf,old guard rejected the corrected choice
B,LO2,32,54,1453,120,3.95423841978808,inf,3.95423841978819,3.44845047461068,inf,old guard rejected the corrected choice
B,LO2,32,55,1453,120,3.96416607282962,inf,3.96416607282978,3.44996353322367,inf,old guard rejected the corrected choice
B,LO2,32,56,1453,120,3.96477595921737,inf,3.96477595921718,3.44017151833826,inf,old guard rejected the corrected choice
B,LO2,32,57,1453,120,3.96193063540182,inf,3.96193063540178,3.44948715264155,inf,old guard rejected the corrected choice
B,LO2,32,58,1453,120,3.94873060393798,inf,3.94873060393828,3.41454480675966,inf,old guard rejected the corrected choice
B,LO2,32,59,1453,120,3.95289510149916,inf,3.95289510149899,3.4491430540453,inf,old guard rejected the corrected choice
B,LO2,32,60,1453,120,3.92765441771052,inf,3.92765441771063,3.43287972868443,inf,old guard rejected the corrected choice
B,LO2,32,61,1453,120,3.95998803867326,inf,3.95998803867348,3.42452792220574,inf,old guard rejected the corrected choice
B,LO2,32,62,1453,120,3.95463153289405,inf,3.95463153289421,3.44671297085825,inf,old guard rejected the corrected choice
B,LO2,32,63,1453,120,3.946835878341,inf,3.94683587834113,3.44712369160577,inf,old guard rejected the corrected choice
B,LO2,32,64,1453,120,3.94122206449728,inf,3.94122206449737,3.42597803884812,inf,old guard rejected the corrected choice
B,LO2,32,65,1453,120,3.94948518467262,inf,3.94948518467245,3.44950704612041,inf,old guard rejected the corrected choice
B,LO2,32,66,1453,120,3.93713623851539,inf,3.93713623851512,3.43715090747549,inf,old guard rejected the corrected choice
B,LO2,32,67,1453,120,3.96069798888638,inf,3.96069798888646,3.44395907997785,inf,old guard rejected the corrected choice
B,LO2,32,68,1453,120,3.95157316833413,inf,3.95157316833409,3.42028032131484,inf,old guard rejected the corrected choice
B,LO2,32,69,1453,120,3.9652999547465,inf,3.96529995474659,3.44875523101685,inf,old guard rejected the corrected choice
B,LO2,32,70,1453,120,3.96757068781478,inf,3.96757068781487,3.45033405952213,inf,old guard rejected the corrected choice
B,LO2,32,71,1453,120,3.96642145577087,inf,3.96642145577083,3.44527932428298,inf,old guard rejected the corrected choice
B,LO2,32,72,1453,120,3.96686468157448,inf,3.96686468157463,3.45028350659707,inf,old guard rejected the corrected choice
B,LO2,32,73,1453,120,3.95877696435064,inf,3.95877696435061,3.38935967953939,inf,old guard rejected the corrected choice
B,LO2,32,74,1453,120,3.94383741459117,inf,3.94383741459122,3.40101178442388,inf,old guard rejected the corrected choice
B,LO2,32,75,1453,120,3.89960115371511,inf,3.89960115371534,3.44760632388301,inf,old guard rejected the corrected choice
B,LO2,32,76,1453,120,3.95732918973293,inf,3.95732918973294,3.44797540602143,inf,old guard rejected the corrected choice
B,LO2,32,77,1453,120,3.94875830944935,inf,3.94875830944932,3.44880900683602,inf,old guard rejected the corrected choice
B,LO2,32,78,1453,120,3.95737318905731,inf,3.95737318905727,3.45077369202473,inf,old guard rejected the corrected choice
B,LO2,32,79,1453,120,3.9316400215356,inf,3.93164002153554,3.35387781206278,inf,old guard rejected the corrected choice
B,LO2,32,80,37,120,3.85834619679014,inf,3.85834619679029,3.40503831296273,inf,old guard rejected the corrected choice
B,LO2,32,81,1453,120,3.93166575164503,inf,3.93166575164516,3.41382584595933,inf,old guard rejected the corrected choice
B,LO2,32,82,1453,120,3.95976204146602,inf,3.95976204146615,3.43581021567099,inf,old guard rejected the corrected choice
B,LO2,32,83,1453,120,3.96404396224884,inf,3.96404396224897,3.450653273517,inf,old guard rejected the corrected choice
B,LO2,32,84,1453,120,3.96593368654661,inf,3.96593368654689,3.45138636623563,inf,old guard rejected the corrected choice
B,LO2,32,85,37,120,3.87923572982956,inf,3.87923572982895,3.36895438021227,inf,old guard rejected the corrected choice
B,LO2,32,86,1453,120,3.96761006003275,inf,3.96761006003274,3.4501217833477,inf,old guard rejected the corrected choice
B,LO2,32,87,1453,120,3.95507835758371,inf,3.95507835758371,3.42502108997774,inf,old guard rejected the corrected choice
B,LO2,32,88,1453,120,3.90786695837108,inf,3.90786695837098,3.34225640652863,inf,old guard rejected the corrected choice
B,LO2,32,89,1453,120,3.79642974641072,inf,3.79642974641061,3.31979640208644,inf,old guard rejected the corrected choice
B,LO2,32,90,1453,120,3.94339042694522,inf,3.94339042694523,3.44307364221134,inf,old guard rejected the corrected choice
B,LO2,32,91,1453,120,3.96637133616815,inf,3.96637133616813,3.45072515352708,inf,old guard rejected the corrected choice
B,LO2,32,92,37,120,3.88586013459472,inf,3.88586013459514,3.39810013357687,inf,old guard rejected the corrected choice
B,LO2,32,93,1453,120,3.79335036072078,inf,3.79335036072057,3.36142457149435,inf,old guard rejected the corrected choice
B,LO2,32,94,1453,120,3.96424790468165,inf,3.96424790468158,3.44770504214004,inf,old guard rejected the corrected choice
B,LO2,32,95,1453,120,3.96619869992175,inf,3.9661986999217,3.45112183806949,inf,old guard rejected the corrected choice
B,LO2,32,96,1453,120,3.9313765219922,inf,3.93137652199249,3.40256611515356,inf,old guard rejected the corrected choice
B,LO2,32,97,1453,120,3.84128613177155,inf,3.84128613177161,3.39578155838818,inf,old guard rejected the corrected choice
B,LO2,32,98,1453,120,3.92864167265301,inf,3.92864167265282,3.41564302830864,inf,old guard rejected the corrected choice
B,LO2,32,99,1453,120,3.96690465660443,inf,3.96690465660411,3.44900291752425,inf,old guard rejected the corrected choice
