test,stream,seed,fold,k_old,k_corrected,cause,ref_rmse_old_choice,ref_rmse_corrected_choice,ref_relative_gap,reference_prefers
B,LO2,13,66,1014,1796,guard 2 (rank),3.88452507938714,3.76453524047427,3.089e-02,corrected
B,LO2,32,0,1453,120,guard 2 (rank),3.91466439847966,3.43973997859766,1.213e-01,corrected
B,LO2,32,1,1453,120,guard 2 (rank),3.95065540343223,3.44641327932085,1.276e-01,corrected
B,LO2,32,2,1453,120,guard 2 (rank),3.95436148952063,3.43956127573691,1.302e-01,corrected
B,LO2,32,3,1453,120,guard 2 (rank),3.8977918955781,3.3257525989587,1.468e-01,corrected
B,LO2,32,4,1453,120,guard 2 (rank),3.9658322307897,3.43944695135676,1.327e-01,corrected
B,LO2,32,5,1453,120,guard 2 (rank),3.9508040241382,3.44427952635497,1.282e-01,corrected
B,LO2,32,6,1453,120,guard 2 (rank),3.96563209947358,3.44149303629583,1.322e-01,corrected
B,LO2,32,7,1453,120,guard 2 (rank),3.95864745777418,3.4480878323144,1.290e-01,corrected
B,LO2,32,8,1453,120,guard 2 (rank),3.96325946046712,3.42996018421852,1.346e-01,corrected
B,LO2,32,9,1453,120,guard 2 (rank),3.96601876748849,3.44959601191966,1.302e-01,corrected
B,LO2,32,10,1453,120,guard 2 (rank),3.96670578611212,3.44987661200769,1.303e-01,corrected
B,LO2,32,11,1453,120,guard 2 (rank),3.96180192427748,3.44790474358956,1.297e-01,corrected
B,LO2,32,12,1453,120,guard 2 (rank),3.96547664302505,3.45108599260918,1.297e-01,corrected
B,LO2,32,13,1453,120,guard 2 (rank),3.96726742662054,3.45064505650241,1.302e-01,corrected
B,LO2,32,14,1453,120,guard 2 (rank),3.96871591665533,3.45256471719173,1.301e-01,corrected
B,LO2,32,15,1453,120,guard 2 (rank),3.94779766171746,3.41196867751942,1.357e-01,corrected
B,LO2,32,16,1453,120,guard 2 (rank),3.9544148823332,3.43544024348651,1.312e-01,corrected
B,LO2,32,17,1453,120,guard 2 (rank),3.96369836281959,3.44473509226986,1.309e-01,corrected
B,LO2,32,18,1453,120,guard 2 (rank),3.96171367588745,3.4441026621374,1.307e-01,corrected
B,LO2,32,19,1453,120,guard 2 (rank),3.92014232050831,3.42014900768044,1.275e-01,corrected
B,LO2,32,20,1453,120,guard 2 (rank),3.96509242652818,3.40975764939123,1.401e-01,corrected
B,LO2,32,21,1453,120,guard 2 (rank),3.96634291919527,3.44347020246849,1.318e-01,corrected
B,LO2,32,22,1453,120,guard 2 (rank),3.96496233382753,3.44576675456174,1.309e-01,corrected
B,LO2,32,23,1453,120,guard 2 (rank),3.96669896647757,3.44906950728767,1.305e-01,corrected
B,LO2,32,24,1453,120,guard 2 (rank),3.96560546116436,3.44941710118629,1.302e-01,corrected
B,LO2,32,25,1453,120,guard 2 (rank),3.95360775078104,3.44984043829098,1.274e-01,corrected
B,LO2,32,26,1453,120,guard 2 (rank),3.93885434615755,3.4320657926315,1.287e-01,corrected
B,LO2,32,27,1453,120,guard 2 (rank),3.96218175383436,3.44757121034471,1.299e-01,corrected
B,LO2,32,28,1453,120,guard 2 (rank),3.9663283954273,3.45026368052335,1.301e-01,corrected
B,LO2,32,29,1453,120,guard 2 (rank),3.96553972630107,3.45015126628207,1.300e-01,corrected
B,LO2,32,30,1453,120,guard 2 (rank),3.91034265980206,3.4477001093092,1.183e-01,corrected
B,LO2,32,31,1453,120,guard 2 (rank),3.96636297666694,3.4491638048566,1.304e-01,corrected
B,LO2,32,32,1453,120,guard 2 (rank),3.94183469659564,3.40502055935357,1.362e-01,corrected
B,LO2,32,33,1453,120,guard 2 (rank),3.91582359204065,3.41793918080787,1.271e-01,corrected
B,LO2,32,34,1453,120,guard 2 (rank),3.96747547150094,3.45202884285931,1.299e-01,corrected
B,LO2,32,35,1453,120,guard 2 (rank),3.95318028561345,3.43499418143143,1.311e-01,corrected
B,LO2,32,36,1453,120,guard 2 (rank),3.96493475693387,3.44822175746806,1.303e-01,corrected
B,LO2,32,37,1453,120,guard 2 (rank),3.96175781124768,3.44925662653439,1.294e-01,corrected
B,LO2,32,38,1453,120,guard 2 (rank),3.96466819343944,3.44933698598515,1.300e-01,corrected
B,LO2,32,39,1453,120,guard 2 (rank),3.91018358586612,3.43354053685433,1.219e-01,corrected
B,LO2,32,40,1453,120,guard 2 (rank),3.91163885781601,3.450843904245,1.178e-01,corrected
B,LO2,32,41,1453,120,guard 2 (rank),3.95037570809576,3.44952191921684,1.268e-01,corrected
B,LO2,32,42,1453,120,guard 2 (rank),3.96761498031493,3.45036957086465,1.304e-01,corrected
B,LO2,32,43,1453,120,guard 2 (rank),3.96650083623189,3.44810043689178,1.307e-01,corrected
B,LO2,32,44,1453,120,guard 2 (rank),3.96626178752887,3.4381666496265,1.331e-01,corrected
B,LO2,32,45,1453,120,guard 2 (rank),3.96016998070384,3.39350871649029,1.431e-01,corrected
B,LO2,32,46,1453,120,guard 2 (rank),3.95292040378782,3.44971584572872,1.273e-01,corrected
B,LO2,32,47,1453,120,guard 2 (rank),3.96589655004358,3.4474871526012,1.307e-01,corrected
B,LO2,32,48,37,120,guard 2 (rank),3.89934090839818,3.40911370327835,1.257e-01,corrected
B,LO2,32,49,1453,120,guard 2 (rank),3.96713776701023,3.44955209717537,1.305e-01,corrected
B,LO2,32,50,1453,120,guard 2 (rank),3.96588902422819,3.4500663991155,1.301e-01,corrected
B,LO2,32,51,1453,120,guard 2 (rank),3.95353710184063,3.44303066399894,1.291e-01,corrected
B,LO2,32,52,1453,120,guard 2 (rank),3.96198310660383,3.44662359488686,1.301e-01,corrected
B,LO2,32,53,1453,120,guard 2 (rank),3.96407363829084,3.43863020824112,1.326e-01,corrected
B,LO2,32,54,1453,120,guard 2 (rank),3.95423841978819,3.44845047461081,1.279e-01,corrected
B,LO2,32,55,1453,120,guard 2 (rank),3.96416607282978,3.44996353322346,1.297e-01,corrected
B,LO2,32,56,1453,120,guard 2 (rank),3.96477595921718,3.44017151833775,1.323e-01,corrected
B,LO2,32,57,1453,120,guard 2 (rank),3.96193063540178,3.4494871526415,1.293e-01,corrected
B,LO2,32,58,1453,120,guard 2 (rank),3.94873060393828,3.41454480675921,1.353e-01,corrected
B,LO2,32,59,1453,120,guard 2 (rank),3.95289510149899,3.44914305404495,1.274e-01,corrected
B,LO2,32,60,1453,120,guard 2 (rank),3.92765441771063,3.43287972868462,1.260e-01,corrected
B,LO2,32,61,1453,120,guard 2 (rank),3.95998803867349,3.42452792220532,1.352e-01,corrected
B,LO2,32,62,1453,120,guard 2 (rank),3.95463153289421,3.446712970858,1.284e-01,corrected
B,LO2,32,63,1453,120,guard 2 (rank),3.94683587834113,3.4471236916053,1.266e-01,corrected
B,LO2,32,64,1453,120,guard 2 (rank),3.94122206449736,3.42597803884811,1.307e-01,corrected
B,LO2,32,65,1453,120,guard 2 (rank),3.94948518467246,3.4495070461202,1.266e-01,corrected
B,LO2,32,66,1453,120,guard 2 (rank),3.93713623851512,3.43715090747496,1.270e-01,corrected
B,LO2,32,67,1453,120,guard 2 (rank),3.96069798888647,3.44395907997739,1.305e-01,corrected
B,LO2,32,68,1453,120,guard 2 (rank),3.95157316833409,3.42028032131479,1.345e-01,corrected
B,LO2,32,69,1453,120,guard 2 (rank),3.96529995474658,3.44875523101646,1.303e-01,corrected
B,LO2,32,70,1453,120,guard 2 (rank),3.96757068781488,3.45033405952175,1.304e-01,corrected
B,LO2,32,71,1453,120,guard 2 (rank),3.96642145577083,3.44527932428321,1.314e-01,corrected
B,LO2,32,72,1453,120,guard 2 (rank),3.96686468157463,3.45028350659755,1.302e-01,corrected
B,LO2,32,73,1453,120,guard 2 (rank),3.95877696435061,3.3893596795394,1.438e-01,corrected
B,LO2,32,74,1453,120,guard 2 (rank),3.94383741459121,3.40101178442391,1.376e-01,corrected
B,LO2,32,75,1453,120,guard 2 (rank),3.89960115371535,3.44760632388292,1.159e-01,corrected
B,LO2,32,76,1453,120,guard 2 (rank),3.95732918973294,3.44797540602141,1.287e-01,corrected
B,LO2,32,77,1453,120,guard 2 (rank),3.94875830944932,3.4488090068363,1.266e-01,corrected
B,LO2,32,78,1453,120,guard 2 (rank),3.95737318905727,3.45077369202501,1.280e-01,corrected
B,LO2,32,79,1453,120,guard 2 (rank),3.93164002153553,3.35387781206396,1.470e-01,corrected
B,LO2,32,80,37,120,guard 2 (rank),3.85834619679029,3.40503831296306,1.175e-01,corrected
B,LO2,32,81,1453,120,guard 2 (rank),3.93166575164516,3.41382584595905,1.317e-01,corrected
B,LO2,32,82,1453,120,guard 2 (rank),3.95976204146615,3.43581021567103,1.323e-01,corrected
B,LO2,32,83,1453,120,guard 2 (rank),3.96404396224898,3.45065327351768,1.295e-01,corrected
B,LO2,32,84,1453,120,guard 2 (rank),3.96593368654689,3.45138636623592,1.297e-01,corrected
B,LO2,32,85,37,120,guard 2 (rank),3.87923572982896,3.36895438021152,1.315e-01,corrected
B,LO2,32,86,1453,120,guard 2 (rank),3.96761006003274,3.45012178334758,1.304e-01,corrected
B,LO2,32,87,1453,120,guard 2 (rank),3.9550783575837,3.42502108997764,1.340e-01,corrected
B,LO2,32,88,1453,120,guard 2 (rank),3.90786695837098,3.34225640652885,1.447e-01,corrected
B,LO2,32,89,1453,120,guard 2 (rank),3.79642974641061,3.31979640208637,1.255e-01,corrected
B,LO2,32,90,1453,120,guard 2 (rank),3.94339042694523,3.44307364221133,1.269e-01,corrected
B,LO2,32,91,1453,120,guard 2 (rank),3.96637133616814,3.45072515352712,1.300e-01,corrected
B,LO2,32,92,37,120,guard 2 (rank),3.88586013459514,3.39810013357694,1.255e-01,corrected
B,LO2,32,93,1453,120,guard 2 (rank),3.79335036072057,3.36142457149452,1.139e-01,corrected
B,LO2,32,94,1453,120,guard 2 (rank),3.96424790468158,3.4477050421406,1.303e-01,corrected
B,LO2,32,95,1453,120,guard 2 (rank),3.96619869992169,3.45112183806984,1.299e-01,corrected
B,LO2,32,96,1453,120,guard 2 (rank),3.9313765219925,3.40256611515397,1.345e-01,corrected
B,LO2,32,97,1453,120,guard 2 (rank),3.84128613177161,3.39578155838829,1.160e-01,corrected
B,LO2,32,98,1453,120,guard 2 (rank),3.92864167265282,3.41564302830896,1.306e-01,corrected
B,LO2,32,99,1453,120,guard 2 (rank),3.96690465660411,3.44900291752434,1.306e-01,corrected
