property,model,fold,heldout_index,sel_a,sel_b,sel_g,pred,actual,abs_err
T_B,GM,0,0,0.915,-1.154,0.000,115.340902,125.6000,10.259098
T_B,GM,1,1,0.849,-1.176,0.000,115.176926,117.6000,2.423074
T_B,GM,2,2,0.849,-1.176,0.000,118.030621,118.9000,0.869379
T_B,GM,3,3,0.849,-1.176,0.000,118.155232,117.7000,0.455232
T_B,GM,4,4,0.849,-1.176,0.000,107.610518,106.8000,0.810518
T_B,GM,5,5,0.849,-1.176,0.000,116.008715,115.6000,0.408715
T_B,GM,6,6,0.849,-1.176,0.000,113.982236,109.4000,4.582236
T_B,GM,7,7,0.849,-1.176,0.000,111.079084,109.1000,1.979084
T_B,GM,8,8,0.849,-1.176,0.000,111.917572,111.9000,0.017572
T_B,GM,9,9,0.849,-1.176,0.000,118.897341,117.7000,1.197341
T_B,GM,10,10,0.849,-1.176,0.000,119.147364,115.6000,3.547364
T_B,GM,11,11,0.849,-1.176,0.000,116.182110,118.3000,2.117890
T_B,GM,12,12,0.849,-1.176,0.000,121.351140,118.5000,2.851140
T_B,GM,13,13,0.849,-1.176,0.000,109.802289,109.8000,0.002289
T_B,GM,14,14,0.849,-1.176,0.000,104.615419,99.2000,5.415419
T_B,GM,15,15,0.849,-1.176,0.000,111.188940,114.8000,3.611060
T_B,GM,16,16,0.849,-1.176,0.000,113.871847,113.5000,0.371847
T_B,GM,17,17,0.849,-1.176,0.000,100.218609,106.5000,6.281391
T_B,LO,0,0,1.452,-1.773,-0.474,121.466255,125.6000,4.133745
T_B,LO,1,1,1.452,-1.773,-0.474,115.576242,117.6000,2.023758
T_B,LO,2,2,1.452,-1.773,-0.474,117.379069,118.9000,1.520931
T_B,LO,3,3,1.452,-1.773,-0.474,117.487806,117.7000,0.212194
T_B,LO,4,4,1.452,-1.773,-0.474,107.344737,106.8000,0.544737
T_B,LO,5,5,1.452,-1.773,-0.474,117.638104,115.6000,2.038104
T_B,LO,6,6,1.452,-1.773,-0.474,111.052764,109.4000,1.652764
T_B,LO,7,7,1.452,-1.773,-0.474,109.139618,109.1000,0.039618
T_B,LO,8,8,1.452,-1.773,-0.474,109.729675,111.9000,2.170325
T_B,LO,9,9,1.452,-1.773,-0.474,119.474239,117.7000,1.774239
T_B,LO,10,10,1.452,-1.773,-0.474,119.745793,115.6000,4.145793
T_B,LO,11,11,1.452,-1.773,-0.474,112.191911,118.3000,6.108089
T_B,LO,12,12,1.452,-1.773,-0.474,119.411800,118.5000,0.911800
T_B,LO,13,13,1.452,-1.773,-0.474,110.687926,109.8000,0.887926
T_B,LO,14,14,1.452,-1.773,-0.474,101.607455,99.2000,2.407455
T_B,LO,15,15,1.452,-1.773,-0.474,111.226365,114.8000,3.573635
T_B,LO,16,16,1.452,-1.773,-0.474,117.785913,113.5000,4.285913
T_B,LO,17,17,0.461,-0.345,-0.236,111.839161,106.5000,5.339161
dHf,GM,0,0,0.849,-1.176,0.000,-50.634822,-49.8200,0.814822
dHf,GM,1,1,0.849,-1.176,0.000,-51.477983,-51.5000,0.022017
dHf,GM,2,2,0.849,-1.176,0.000,-50.882423,-50.8200,0.062423
dHf,GM,3,3,0.849,-1.176,0.000,-50.895922,-50.6900,0.205922
dHf,GM,4,4,0.849,-1.176,0.000,-53.088393,-53.7100,0.621607
dHf,GM,5,5,0.849,-1.176,0.000,-51.351778,-51.1300,0.221778
dHf,GM,6,6,0.849,-1.176,0.000,-51.788278,-52.4400,0.651722
dHf,GM,7,7,0.849,-1.176,0.000,-52.367859,-53.2100,0.842141
dHf,GM,8,8,0.849,-1.176,0.000,-52.190095,-52.6100,0.419905
dHf,GM,9,9,0.849,-1.176,0.000,-50.713488,-50.9100,0.196512
dHf,GM,10,10,0.849,-1.176,0.000,-50.764684,-50.4800,0.284684
dHf,GM,11,11,0.849,-1.176,0.000,-51.253384,-51.3800,0.126616
dHf,GM,12,12,0.849,-1.176,0.000,-50.250088,-50.4000,0.149912
dHf,GM,13,13,0.849,-1.176,0.000,-52.679052,-52.6100,0.069052
dHf,GM,14,14,0.849,-1.176,0.000,-54.326978,-53.5700,0.756978
dHf,GM,15,15,0.849,-1.176,0.000,-52.363671,-51.7300,0.633671
dHf,GM,16,16,0.849,-1.176,0.000,-51.787644,-51.9700,0.182356
dHf,GM,17,17,0.849,-1.176,0.000,-54.466306,-53.9900,0.476306
dHf,LO,0,0,1.088,-1.613,0.164,-51.361543,-49.8200,1.541543
dHf,LO,1,1,-1.677,1.500,-0.285,-51.235078,-51.5000,0.264922
dHf,LO,2,2,-1.677,1.500,-0.285,-50.796983,-50.8200,0.023017
dHf,LO,3,3,-1.677,1.500,-0.285,-50.812141,-50.6900,0.122141
dHf,LO,4,4,-1.677,1.500,-0.285,-52.412025,-53.7100,1.297975
dHf,LO,5,5,-1.677,1.500,-0.285,-51.651855,-51.1300,0.521855
dHf,LO,6,6,1.088,-1.613,0.164,-51.500252,-52.4400,0.939748
dHf,LO,7,7,-1.677,1.500,-0.285,-52.415814,-53.2100,0.794186
dHf,LO,8,8,-1.677,1.500,-0.285,-51.770470,-52.6100,0.839530
dHf,LO,9,9,-1.677,1.500,-0.285,-51.188449,-50.9100,0.278449
dHf,LO,10,10,-1.677,1.500,-0.285,-51.223713,-50.4800,0.743713
dHf,LO,11,11,-1.677,1.500,-0.285,-51.100615,-51.3800,0.279385
dHf,LO,12,12,-1.677,1.500,-0.285,-50.334670,-50.4000,0.065330
dHf,LO,13,13,-1.677,1.500,-0.285,-52.820004,-52.6100,0.210004
dHf,LO,14,14,1.452,-1.773,-0.474,-55.048287,-53.5700,1.478287
dHf,LO,15,15,-1.677,1.500,-0.285,-52.631189,-51.7300,0.901189
dHf,LO,16,16,-1.677,1.500,-0.285,-52.481445,-51.9700,0.511445
dHf,LO,17,17,1.452,-1.773,-0.474,-52.831409,-53.9900,1.158591
dHvap,GM,0,0,0.749,-1.210,0.000,9.626499,9.9200,0.293501
dHvap,GM,1,1,1.021,-1.993,0.000,9.422749,9.4800,0.057251
dHvap,GM,2,2,1.021,-1.993,0.000,9.501602,9.5200,0.018398
dHvap,GM,3,3,1.021,-1.993,0.000,9.506681,9.4800,0.026681
dHvap,GM,4,4,1.021,-1.993,0.000,8.943041,8.9200,0.023041
dHvap,GM,5,5,1.021,-1.993,0.000,9.246353,9.2700,0.023647
dHvap,GM,6,6,1.021,-1.993,0.000,9.195097,9.0300,0.165097
dHvap,GM,7,7,1.021,-1.993,0.000,9.113674,9.0500,0.063674
dHvap,GM,8,8,1.021,-1.993,0.000,9.047660,9.0400,0.007660
dHvap,GM,9,9,1.021,-1.993,0.000,9.323752,9.3200,0.003752
dHvap,GM,10,10,0.749,-1.210,0.000,9.392834,9.2100,0.182834
dHvap,GM,11,11,1.021,-1.993,0.000,9.149729,9.2100,0.060271
dHvap,GM,12,12,1.021,-1.993,0.000,9.595506,9.4800,0.115506
dHvap,GM,13,13,1.021,-1.993,0.000,8.791020,8.8800,0.088980
dHvap,GM,14,14,0.402,-1.757,0.000,8.698156,8.4000,0.298156
dHvap,GM,15,15,1.021,-1.993,0.000,8.809794,9.0200,0.210206
dHvap,GM,16,16,1.021,-1.993,0.000,8.990585,9.0100,0.019415
dHvap,GM,17,17,1.021,-1.993,0.000,8.251448,8.4100,0.158552
dHvap,LO,0,0,-0.270,0.271,0.239,9.918625,9.9200,0.001375
dHvap,LO,1,1,-0.270,0.271,0.239,9.483513,9.4800,0.003513
dHvap,LO,2,2,-0.270,0.271,0.239,9.502950,9.5200,0.017050
dHvap,LO,3,3,-0.270,0.271,0.239,9.507959,9.4800,0.027959
dHvap,LO,4,4,-0.270,0.271,0.239,9.016341,8.9200,0.096341
dHvap,LO,5,5,-0.270,0.271,0.239,9.262414,9.2700,0.007586
dHvap,LO,6,6,-0.270,0.271,0.239,9.071342,9.0300,0.041342
dHvap,LO,7,7,-0.270,0.271,0.239,9.047056,9.0500,0.002944
dHvap,LO,8,8,-0.270,0.271,0.239,9.040752,9.0400,0.000752
dHvap,LO,9,9,-0.270,0.271,0.239,9.282169,9.3200,0.037831
dHvap,LO,10,10,-0.270,0.271,0.239,9.289663,9.2100,0.079663
dHvap,LO,11,11,-0.270,0.271,0.239,9.062656,9.2100,0.147344
dHvap,LO,12,12,-0.270,0.271,0.239,9.532794,9.4800,0.052794
dHvap,LO,13,13,-0.270,0.271,0.239,8.790170,8.8800,0.089830
dHvap,LO,14,14,-0.270,0.271,0.239,8.617481,8.4000,0.217481
dHvap,LO,15,15,-0.270,0.271,0.239,8.783764,9.0200,0.236236
dHvap,LO,16,16,-0.270,0.271,0.239,9.021638,9.0100,0.011638
dHvap,LO,17,17,-0.270,0.271,0.239,8.447870,8.4100,0.037870
S,GM,0,0,0.110,1.077,0.000,113.110933,111.5500,1.560933
S,GM,1,1,0.102,1.411,0.000,109.913464,109.8400,0.073464
S,GM,2,2,0.102,1.411,0.000,109.414425,111.2600,1.845575
S,GM,3,3,0.102,1.411,0.000,109.658243,109.3200,0.338243
S,GM,4,4,0.102,1.411,0.000,103.948592,103.1300,0.818592
S,GM,5,5,0.102,1.411,0.000,106.536883,108.0200,1.483117
S,GM,6,6,0.102,1.411,0.000,106.873325,106.9800,0.106675
S,GM,7,7,0.228,1.477,0.000,107.602226,105.7200,1.882226
S,GM,8,8,0.102,1.411,0.000,103.242049,104.7400,1.497951
S,GM,9,9,0.102,1.411,0.000,106.328033,106.5900,0.261967
S,GM,10,10,-0.098,1.643,0.000,106.641694,106.0600,0.581694
S,GM,11,11,-0.257,1.975,0.000,103.499562,101.4800,2.019562
S,GM,12,12,0.102,1.411,0.000,109.325291,109.4300,0.104709
S,GM,13,13,0.102,1.411,0.000,100.253873,101.3100,1.056127
S,GM,14,14,-0.257,1.975,0.000,100.299481,101.8100,1.510519
S,GM,15,15,0.102,1.411,0.000,99.928740,101.3100,1.381260
S,GM,16,16,-0.098,1.643,0.000,103.871711,102.3900,1.481711
S,GM,17,17,0.110,1.077,0.000,95.119953,93.0600,2.059953
S,LO,0,0,0.185,1.751,-0.020,112.684387,111.5500,1.134387
S,LO,1,1,-0.458,1.923,-0.349,109.100301,109.8400,0.739699
S,LO,2,2,0.185,1.751,-0.020,109.340380,111.2600,1.919620
S,LO,3,3,0.185,1.751,-0.020,109.580396,109.3200,0.260396
S,LO,4,4,0.185,1.751,-0.020,104.313504,103.1300,1.183504
S,LO,5,5,-0.458,1.923,-0.349,106.346448,108.0200,1.673552
S,LO,6,6,0.185,1.751,-0.020,107.122550,106.9800,0.142550
S,LO,7,7,0.185,1.751,-0.020,107.714676,105.7200,1.994676
S,LO,8,8,0.185,1.751,-0.020,103.192588,104.7400,1.547412
S,LO,9,9,0.185,1.751,-0.020,106.134468,106.5900,0.455532
S,LO,10,10,-0.458,1.923,-0.349,106.884466,106.0600,0.824466
S,LO,11,11,-0.458,1.923,-0.349,104.721508,101.4800,3.241508
S,LO,12,12,-0.458,1.923,-0.349,110.017558,109.4300,0.587558
S,LO,13,13,0.185,1.751,-0.020,100.247885,101.3100,1.062115
S,LO,14,14,-0.458,1.923,-0.349,100.480498,101.8100,1.329502
S,LO,15,15,0.185,1.751,-0.020,99.660723,101.3100,1.649277
S,LO,16,16,0.185,1.751,-0.020,103.773868,102.3900,1.383868
S,LO,17,17,0.367,0.951,0.431,96.075238,93.0600,3.015238
omega,GM,0,0,0.618,0.353,0.000,0.398781,0.3980,0.000781
omega,GM,1,1,0.618,0.353,0.000,0.376803,0.3780,0.001197
omega,GM,2,2,0.618,0.353,0.000,0.370461,0.3710,0.000539
omega,GM,3,3,0.618,0.353,0.000,0.370336,0.3720,0.001664
omega,GM,4,4,0.618,0.353,0.000,0.333318,0.3390,0.005682
omega,GM,5,5,0.618,0.353,0.000,0.342922,0.3480,0.005078
omega,GM,6,6,0.618,0.353,0.000,0.349220,0.3440,0.005220
omega,GM,7,7,0.618,0.353,0.000,0.355191,0.3570,0.001809
omega,GM,8,8,0.618,0.353,0.000,0.320938,0.3220,0.001062
omega,GM,9,9,0.618,0.353,0.000,0.336589,0.3400,0.003411
omega,GM,10,10,0.618,0.353,0.000,0.337179,0.3300,0.007179
omega,GM,11,11,0.618,0.353,0.000,0.308972,0.3020,0.006972
omega,GM,12,12,0.618,0.353,0.000,0.364293,0.3620,0.002293
omega,GM,13,13,0.618,0.353,0.000,0.293796,0.3000,0.006204
omega,GM,14,14,0.863,0.632,0.000,0.320485,0.3050,0.015485
omega,GM,15,15,0.618,0.353,0.000,0.287929,0.2910,0.003071
omega,GM,16,16,0.618,0.353,0.000,0.315837,0.3170,0.001163
omega,GM,17,17,0.618,0.353,0.000,0.247721,0.2470,0.000721
omega,LO,0,0,1.058,-0.344,0.480,0.407139,0.3980,0.009139
omega,LO,1,1,0.893,0.930,0.070,0.375924,0.3780,0.002076
omega,LO,2,2,0.893,0.930,0.070,0.368614,0.3710,0.002386
omega,LO,3,3,0.893,0.930,0.070,0.368495,0.3720,0.003505
omega,LO,4,4,0.185,1.751,-0.020,0.325879,0.3390,0.013121
omega,LO,5,5,0.893,0.930,0.070,0.343885,0.3480,0.004115
omega,LO,6,6,0.893,0.930,0.070,0.352185,0.3440,0.008185
omega,LO,7,7,1.058,-0.344,0.480,0.351529,0.3570,0.005471
omega,LO,8,8,1.058,-0.344,0.480,0.316597,0.3220,0.005403
omega,LO,9,9,0.893,0.930,0.070,0.336614,0.3400,0.003386
omega,LO,10,10,0.893,0.930,0.070,0.337205,0.3300,0.007205
omega,LO,11,11,0.893,0.930,0.070,0.304711,0.3020,0.002711
omega,LO,12,12,0.893,0.930,0.070,0.361499,0.3620,0.000501
omega,LO,13,13,0.893,0.930,0.070,0.294243,0.3000,0.005757
omega,LO,14,14,0.893,0.930,0.070,0.320486,0.3050,0.015486
omega,LO,15,15,0.893,0.930,0.070,0.285246,0.2910,0.005754
omega,LO,16,16,0.893,0.930,0.070,0.319558,0.3170,0.002558
omega,LO,17,17,1.058,-0.344,0.480,0.261614,0.2470,0.014614
