property,model,Q2,RMSE,MAE,r_signed,mean_abs_err,paired_diff_mean_LOminusGM,paired_diff_median_LOminusGM,n_LO_better,n_LO_worse,n_tied,sel_a_mean,sel_a_sd,sel_a_min,sel_a_max,sel_b_mean,sel_b_sd,sel_b_min,sel_b_max,sel_g_mean,sel_g_sd,sel_g_min,sel_g_max,frac_absg_gt_1.5
T_B,GM,0.6128,3.7000,2.6223,0.7898,2.6223,,,,,,0.853,0.015,0.849,0.915,-1.175,0.005,-1.176,-1.154,,,,,
T_B,LO,0.7483,2.9827,2.4317,0.8660,2.4317,-0.190581,-0.140232,10,8,0,1.397,0.227,0.461,1.452,-1.694,0.327,-1.773,-0.345,-0.461,0.055,-0.474,-0.236,0.000
dHf,GM,0.8552,0.4627,0.3744,0.9259,0.3744,,,,,,0.849,0.000,0.849,0.849,-1.176,0.000,-1.176,-1.176,,,,,
dHf,LO,0.5494,0.8164,0.6651,0.7521,0.6651,0.290716,0.277772,4,14,0,-1.022,1.228,-1.677,1.452,0.790,1.328,-1.773,1.500,-0.256,0.160,-0.474,0.164,0.000
dHvap,GM,0.8593,0.1374,0.1009,0.9273,0.1009,,,,,,0.956,0.159,0.402,1.021,-1.893,0.247,-1.993,-1.210,,,,,
dHvap,LO,0.9349,0.0934,0.0616,0.9669,0.0616,-0.039282,-0.011918,12,6,0,-0.270,0.000,-0.270,-0.270,0.271,0.000,0.271,0.271,0.239,0.000,0.239,0.239,0.000
S,GM,0.9149,1.3096,1.1147,0.9568,1.1147,,,,,,0.048,0.129,-0.257,0.228,1.466,0.226,1.077,1.975,,,,,
S,LO,0.8772,1.5731,1.3414,0.9376,1.3414,0.226699,0.151442,4,14,0,-0.019,0.313,-0.458,0.367,1.764,0.213,0.951,1.923,-0.105,0.201,-0.349,0.431,0.000
omega,GM,0.9786,0.0053,0.0039,0.9893,0.0039,,,,,,0.632,0.056,0.618,0.863,0.368,0.064,0.353,0.632,,,,,
omega,LO,0.9565,0.0075,0.0062,0.9782,0.0062,0.002325,0.001618,5,13,0,0.890,0.184,0.185,1.058,0.693,0.585,-0.344,1.751,0.156,0.174,-0.020,0.480,0.000
