,M1,M2,HM,mM2,R,chi,H2,ISI,GA,AG,LO001,LO002
M1,1.0000000000,0.9475031554,0.9951137186,-0.9050832690,-0.9710491677,-0.9842731430,-0.9709030420,0.5815693441,-0.9779585783,0.9759642422,0.9736038759,0.9801892073
M2,0.9475031554,1.0000000000,0.9676261945,-0.7459337752,-0.8606477654,-0.8901517067,-0.8631381712,0.8074181230,-0.8655708010,0.8594266865,0.8868238212,0.8829713121
HM,0.9951137186,0.9676261945,1.0000000000,-0.8627528071,-0.9439886439,-0.9625512568,-0.9434378322,0.6338794987,-0.9538293395,0.9526381277,0.9523884720,0.9579088708
mM2,-0.9050832690,-0.7459337752,-0.8627528071,1.0000000000,0.9793131449,0.9635126652,0.9776191177,-0.2548801243,0.9710840303,-0.9726566351,-0.9236498769,-0.9461918095
R,-0.9710491677,-0.8606477654,-0.9439886439,0.9793131449,1.0000000000,0.9977116030,0.9997236226,-0.4250363954,0.9975338259,-0.9961149054,-0.9738942802,-0.9876036615
chi,-0.9842731430,-0.8901517067,-0.9625512568,0.9635126652,0.9977116030,1.0000000000,0.9979126621,-0.4750286937,0.9976395397,-0.9951717117,-0.9824217181,-0.9929482577
H2,-0.9709030420,-0.8631381712,-0.9434378322,0.9776191177,0.9997236226,0.9979126621,1.0000000000,-0.4338832668,0.9968539334,-0.9943584477,-0.9768597274,-0.9890899863
ISI,0.5815693441,0.8074181230,0.6338794987,-0.2548801243,-0.4250363954,-0.4750286937,-0.4338832668,1.0000000000,-0.4209812520,0.4048047127,0.4962521234,0.4691039407
GA,-0.9779585783,-0.8655708010,-0.9538293395,0.9710840303,0.9975338259,0.9976395397,0.9968539334,-0.4209812520,1.0000000000,-0.9989234367,-0.9800511254,-0.9924898465
AG,0.9759642422,0.8594266865,0.9526381277,-0.9726566351,-0.9961149054,-0.9951717117,-0.9943584477,0.4048047127,-0.9989234367,1.0000000000,0.9714518710,0.9869218910
LO001,0.9736038759,0.8868238212,0.9523884720,-0.9236498769,-0.9738942802,-0.9824217181,-0.9768597274,0.4962521234,-0.9800511254,0.9714518710,1.0000000000,0.9969788038
LO002,0.9801892073,0.8829713121,0.9579088708,-0.9461918095,-0.9876036615,-0.9929482577,-0.9890899863,0.4691039407,-0.9924898465,0.9869218910,0.9969788038,1.0000000000
