seed,budget,Q2_GM,Q2_LO,dQ2,Q2_LOzero,dQ2_paired
0,200,+0.8769362366,+0.9439338165,+0.0669975799,+0.8835474888,+0.0603863277
0,500,+0.8955522152,+0.9461655239,+0.0506133087,+0.8897459594,+0.0564195645
1,200,+0.8846895268,+0.9561133938,+0.0714238670,+0.8798835418,+0.0762298519
1,500,+0.8942159859,+0.9561133938,+0.0618974079,+0.8930530382,+0.0630603556
2,200,+0.9050451256,+0.9588664462,+0.0538213206,+0.9038978080,+0.0549686382
2,500,+0.8928075376,+0.9503681688,+0.0575606312,+0.8956838375,+0.0546843312
3,200,+0.8821250928,+0.9400667811,+0.0579416883,+0.8897795460,+0.0502872351
3,500,+0.8897636627,+0.9204382639,+0.0306746011,+0.8873047227,+0.0331335411
4,200,+0.8783818876,+0.8868117303,+0.0084298427,+0.8775560125,+0.0092557178
4,500,+0.8946041340,+0.8669073525,-0.0276967815,+0.8890449604,-0.0221376079
5,200,+0.8815647729,+0.9448369070,+0.0632721341,+0.8918606060,+0.0529763010
5,500,+0.8839237846,+0.9335550550,+0.0496312704,+0.8918606060,+0.0416944490
6,200,+0.8911194329,+0.8795259699,-0.0115934630,+0.9083025958,-0.0287766259
6,500,+0.8847688535,+0.9479165073,+0.0631476538,+0.8948813702,+0.0530351371
7,200,+0.8752026391,+0.8923074780,+0.0171048390,+0.8759149345,+0.0163925435
7,500,+0.8788595098,+0.9428062019,+0.0639466921,+0.8895013102,+0.0533048917
8,200,+0.8841751690,+0.9219628244,+0.0377876555,+0.8906461205,+0.0313167039
8,500,+0.8730757173,+0.9219628244,+0.0488871071,+0.8821511039,+0.0398117205
9,200,+0.8702809492,+0.9484133730,+0.0781324239,+0.8790921975,+0.0693211755
9,500,+0.8864430308,+0.9469240138,+0.0604809831,+0.8763539242,+0.0705700896
10,200,+0.8742909021,+0.9205606135,+0.0462697114,+0.8778958680,+0.0426647455
10,500,+0.9036811827,+0.9416823878,+0.0380012052,+0.8883023208,+0.0533800670
11,200,+0.8963579128,+0.9239533419,+0.0275954290,+0.8582841549,+0.0656691870
11,500,+0.8832876474,+0.8890755550,+0.0057879076,+0.8896686963,-0.0005931413
12,200,+0.8801975737,+0.9210121184,+0.0408145447,+0.8987440669,+0.0222680515
12,500,+0.8870494554,+0.9156224599,+0.0285730045,+0.8860279255,+0.0295945344
13,200,+0.8882608625,+0.9347411239,+0.0464802614,+0.9008422006,+0.0338989233
13,500,+0.8780277134,+0.9180948017,+0.0400670883,+0.8842386718,+0.0338561299
14,200,+0.9069635484,+0.9034146424,-0.0035489061,+0.9031895666,+0.0002250757
14,500,+0.8931916199,+0.9307554533,+0.0375638335,+0.9031895666,+0.0275658867
15,200,+0.8799700399,+0.9237881386,+0.0438180987,+0.8986704402,+0.0251176984
15,500,+0.8890148928,+0.9573359255,+0.0683210327,+0.8986704402,+0.0586654854
16,200,+0.8832249977,+0.8378345904,-0.0453904073,+0.8916122335,-0.0537776431
16,500,+0.8923483870,+0.8443141748,-0.0480342122,+0.8803742740,-0.0360600992
17,200,+0.8807475422,+0.9287255802,+0.0479780379,+0.8666133565,+0.0621122236
17,500,+0.8837845003,+0.9254130594,+0.0416285591,+0.8797828435,+0.0456302159
18,200,+0.9029836860,+0.8954890214,-0.0074946646,+0.8818973560,+0.0135916654
18,500,+0.8936458782,+0.9238307187,+0.0301848405,+0.8858904730,+0.0379402457
19,200,+0.9046846605,+0.9320429998,+0.0273583393,+0.8935182241,+0.0385247756
19,500,+0.8698826919,+0.9077488275,+0.0378661356,+0.8917110360,+0.0160377915
20,200,+0.8869643201,+0.9277309929,+0.0407666729,+0.8707346154,+0.0569963776
20,500,+0.8892940018,+0.9072465137,+0.0179525119,+0.8852532115,+0.0219933022
21,200,+0.8833866320,+0.9464345513,+0.0630479193,+0.8915042793,+0.0549302720
21,500,+0.8868503956,+0.9505933522,+0.0637429566,+0.8905709302,+0.0600224221
22,200,+0.8946487085,+0.9470991753,+0.0524504668,+0.8773374451,+0.0697617302
22,500,+0.8644891765,+0.9509707948,+0.0864816183,+0.8888022307,+0.0621685641
23,200,+0.8977599534,+0.9055353635,+0.0077754102,+0.8814523049,+0.0240830587
23,500,+0.8880036917,+0.8812477182,-0.0067559735,+0.8927859249,-0.0115382067
24,200,+0.8913805680,+0.9296824209,+0.0383018529,+0.8828581003,+0.0468243207
24,500,+0.8767089133,+0.9296824209,+0.0529735076,+0.8814698178,+0.0482126031
25,200,+0.9006480577,+0.9665535677,+0.0659055100,+0.8978338216,+0.0687197461
25,500,+0.8788878672,+0.9485140332,+0.0696261660,+0.8956586287,+0.0528554046
26,200,+0.8922903519,+0.9371730948,+0.0448827429,+0.8696752753,+0.0674978195
26,500,+0.8865072636,+0.9522384283,+0.0657311648,+0.8623388967,+0.0898995316
27,200,+0.8796610931,+0.9344434956,+0.0547824025,+0.8850896479,+0.0493538478
27,500,+0.8855357322,+0.9344434956,+0.0489077635,+0.8902092164,+0.0442342792
28,200,+0.8953490915,+0.9630077348,+0.0676586434,+0.8867951692,+0.0762125656
28,500,+0.9005327528,+0.9562573466,+0.0557245937,+0.8810684563,+0.0751888902
29,200,+0.8944615019,+0.9422869364,+0.0478254345,+0.8505148659,+0.0917720705
29,500,+0.8943385068,+0.9370718968,+0.0427333901,+0.8897282221,+0.0473436747
30,200,+0.9010116646,+0.9383495328,+0.0373378682,+0.8736153047,+0.0647342281
30,500,+0.8861508811,+0.9518933182,+0.0657424371,+0.8877419116,+0.0641514066
31,200,+0.8577173679,+0.9325711731,+0.0748538052,+0.8795286810,+0.0530424921
31,500,+0.8988782431,+0.9325711731,+0.0336929300,+0.8934105970,+0.0391605761
32,200,+0.8850072437,+0.9163308233,+0.0313235796,+0.8655718431,+0.0507589802
32,500,+0.8818429283,+0.9613212036,+0.0794782753,+0.8919058504,+0.0694153532
33,200,+0.8987755032,+0.9357369446,+0.0369614414,+0.8746901426,+0.0610468020
33,500,+0.8909593307,+0.9475472031,+0.0565878724,+0.8786300723,+0.0689171308
34,200,+0.8588219443,+0.9486661142,+0.0898441700,+0.8857838234,+0.0628822909
34,500,+0.8861201585,+0.9486661142,+0.0625459558,+0.8935953691,+0.0550707451
35,200,+0.8961127988,+0.9130055149,+0.0168927161,+0.8732101911,+0.0397953238
35,500,+0.8954520582,+0.9306198346,+0.0351677764,+0.8810296408,+0.0495901937
36,200,+0.8895936771,+0.9427541683,+0.0531604912,+0.8747067512,+0.0680474171
36,500,+0.8897480536,+0.9427541683,+0.0530061147,+0.8816489184,+0.0611052499
37,200,+0.8922699067,+0.9438348475,+0.0515649408,+0.9024369503,+0.0413978972
37,500,+0.8877249665,+0.9471772811,+0.0594523145,+0.8921908540,+0.0549864271
38,200,+0.9001239890,+0.9437856368,+0.0436616477,+0.8995414725,+0.0442441643
38,500,+0.8770987096,+0.9293584162,+0.0522597067,+0.8861419939,+0.0432164223
39,200,+0.8835332542,+0.9324010151,+0.0488677609,+0.8828280161,+0.0495729990
39,500,+0.8857171866,+0.9269675837,+0.0412503971,+0.8851446045,+0.0418229792
40,200,+0.8939338130,+0.9414399669,+0.0475061540,+0.8508607625,+0.0905792044
40,500,+0.8951926041,+0.9532758323,+0.0580832282,+0.8875039861,+0.0657718462
41,200,+0.8891297965,+0.9223682863,+0.0332384898,+0.8783248500,+0.0440434363
41,500,+0.8943979781,+0.9307426516,+0.0363446735,+0.8862741564,+0.0444684952
42,200,+0.8960798004,+0.9044217500,+0.0083419496,+0.8716439000,+0.0327778500
42,500,+0.8865392734,+0.9310623968,+0.0445231233,+0.8836559078,+0.0474064889
43,200,+0.8969586743,+0.9330544234,+0.0360957491,+0.9039437155,+0.0291107079
43,500,+0.8900025650,+0.9370777776,+0.0470752126,+0.8830674259,+0.0540103517
44,200,+0.8992095101,+0.9237399601,+0.0245304500,+0.8921356246,+0.0316043354
44,500,+0.8945354827,+0.9237399601,+0.0292044774,+0.8864274034,+0.0373125567
45,200,+0.9096950380,+0.9026982994,-0.0069967386,+0.8830693214,+0.0196289780
45,500,+0.8948028104,+0.9098598467,+0.0150570363,+0.8917057518,+0.0181540950
46,200,+0.8778399831,+0.9599946013,+0.0821546182,+0.8802808134,+0.0797137879
46,500,+0.8853615765,+0.9540842328,+0.0687226563,+0.8805982440,+0.0734859888
47,200,+0.8779735465,+0.9417703849,+0.0637968384,+0.8885055563,+0.0532648285
47,500,+0.8807095219,+0.9446271404,+0.0639176186,+0.8830090010,+0.0616181394
48,200,+0.8972209859,+0.9437276608,+0.0465066749,+0.8812085702,+0.0625190906
48,500,+0.8848868280,+0.9437276608,+0.0588408328,+0.8949387067,+0.0487889541
49,200,+0.9002834793,+0.8844923299,-0.0157911494,+0.8891352725,-0.0046429426
49,500,+0.8889722033,+0.9633487629,+0.0743765596,+0.8825857144,+0.0807630486
50,200,+0.8770615624,+0.9634989322,+0.0864373697,+0.8921414381,+0.0713574941
50,500,+0.8868234605,+0.9634989322,+0.0766754716,+0.8808201049,+0.0826788273
51,200,+0.8803506455,+0.9385532703,+0.0582026249,+0.8818143297,+0.0567389406
51,500,+0.8963222999,+0.9303466505,+0.0340243506,+0.8972032816,+0.0331433689
52,200,+0.8961740410,+0.9150559468,+0.0188819059,+0.8763148432,+0.0387411037
52,500,+0.8930787555,+0.9108527090,+0.0177739535,+0.8849500708,+0.0259026382
53,200,+0.8945936268,+0.9452584443,+0.0506648175,+0.8846515779,+0.0606068664
53,500,+0.8789432273,+0.9358863522,+0.0569431248,+0.8919004194,+0.0439859328
54,200,+0.8921856396,+0.9589020750,+0.0667164354,+0.8967834236,+0.0621186514
54,500,+0.8740303019,+0.9589020750,+0.0848717731,+0.8892054536,+0.0696966214
55,200,+0.8575111679,+0.9554531142,+0.0979419463,+0.8861582978,+0.0692948164
55,500,+0.8789028313,+0.9554531142,+0.0765502829,+0.8862291903,+0.0692239239
56,200,+0.8891127002,+0.9466253732,+0.0575126729,+0.8811853144,+0.0654400588
56,500,+0.9015352996,+0.9466253732,+0.0450900735,+0.8842395776,+0.0623857955
57,200,+0.8953488109,+0.9141684455,+0.0188196346,+0.8913033614,+0.0228650841
57,500,+0.8993456544,+0.8942631296,-0.0050825248,+0.8914685371,+0.0027945925
58,200,+0.8932873778,+0.9328206366,+0.0395332587,+0.8893327871,+0.0434878495
58,500,+0.8856420855,+0.9300925375,+0.0444504520,+0.8844221072,+0.0456704303
59,200,+0.8735443838,+0.9311003914,+0.0575560076,+0.8830983046,+0.0480020869
59,500,+0.8820850322,+0.9433661228,+0.0612810906,+0.8850450923,+0.0583210304
60,200,+0.8765589692,+0.9358952254,+0.0593362562,+0.9059478688,+0.0299473567
60,500,+0.8953288184,+0.9116404465,+0.0163116282,+0.9020487258,+0.0095917207
61,200,+0.8973314571,+0.9638330638,+0.0665016067,+0.8791168239,+0.0847162399
61,500,+0.8804732439,+0.9485215824,+0.0680483385,+0.8811856205,+0.0673359619
62,200,+0.8916687065,+0.9049224609,+0.0132537544,+0.8840550950,+0.0208673659
62,500,+0.8751663247,+0.9284788937,+0.0533125690,+0.8780818026,+0.0503970911
63,200,+0.8849197638,+0.9301494200,+0.0452296562,+0.8834264098,+0.0467230102
63,500,+0.8847076086,+0.9091222485,+0.0244146399,+0.8923616684,+0.0167605800
64,200,+0.8873094830,+0.9627884581,+0.0754789751,+0.8960630154,+0.0667254427
64,500,+0.8985957613,+0.9627884581,+0.0641926968,+0.8828696059,+0.0799188522
65,200,+0.8996767320,+0.9134410075,+0.0137642756,+0.8796510578,+0.0337899498
65,500,+0.8963699770,+0.9134410075,+0.0170710305,+0.8903015123,+0.0231394953
66,200,+0.8923664520,+0.9471832569,+0.0548168049,+0.9078142529,+0.0393690040
66,500,+0.8784069232,+0.9471832569,+0.0687763337,+0.8797143981,+0.0674688588
67,200,+0.8852104884,+0.9491161103,+0.0639056219,+0.8688262252,+0.0802898851
67,500,+0.8780783083,+0.9491161103,+0.0710378019,+0.8830915764,+0.0660245339
68,200,+0.8984431740,+0.9216305545,+0.0231873805,+0.8711582563,+0.0504722982
68,500,+0.8861310301,+0.9298088860,+0.0436778560,+0.8820605542,+0.0477483319
69,200,+0.9013758339,+0.9361468437,+0.0347710098,+0.8869636366,+0.0491832070
69,500,+0.8928546484,+0.9332531709,+0.0403985225,+0.8998928768,+0.0333602941
70,200,+0.9087821870,+0.9455300879,+0.0367479009,+0.8839319065,+0.0615981814
70,500,+0.8986514026,+0.9499223300,+0.0512709274,+0.8879679569,+0.0619543731
71,200,+0.8679370601,+0.9148902367,+0.0469531766,+0.8846791753,+0.0302110613
71,500,+0.8820312355,+0.9493486577,+0.0673174223,+0.8860194455,+0.0633292122
72,200,+0.8770610894,+0.9482213944,+0.0711603050,+0.8672619469,+0.0809594475
72,500,+0.8820572756,+0.9510467940,+0.0689895184,+0.8730082008,+0.0780385932
73,200,+0.8774634976,+0.9595074227,+0.0820439252,+0.8967713289,+0.0627360938
73,500,+0.8904123828,+0.9511945226,+0.0607821398,+0.8888060960,+0.0623884266
74,200,+0.9002187547,+0.9192492637,+0.0190305090,+0.9014260669,+0.0178231967
74,500,+0.8927660146,+0.9202259852,+0.0274599705,+0.9014260669,+0.0187999182
75,200,+0.8780019036,+0.8671179664,-0.0108839372,+0.9009557004,-0.0338377340
75,500,+0.8869737691,+0.9359552583,+0.0489814892,+0.8987150690,+0.0372401893
76,200,+0.8813335191,+0.9133320486,+0.0319985295,+0.9053161730,+0.0080158757
76,500,+0.8952073913,+0.9447019067,+0.0494945155,+0.9010005797,+0.0437013270
77,200,+0.8926082176,+0.9225403247,+0.0299321070,+0.8784170474,+0.0441232772
77,500,+0.8832148866,+0.9225403247,+0.0393254380,+0.8888486088,+0.0336917159
78,200,+0.8508970452,+0.8947495358,+0.0438524906,+0.8959651841,-0.0012156483
78,500,+0.8872239526,+0.8944573536,+0.0072334010,+0.8867561610,+0.0077011926
79,200,+0.8725472012,+0.9264591045,+0.0539119033,+0.8707209636,+0.0557381410
79,500,+0.8917159064,+0.9464235291,+0.0547076227,+0.8845541482,+0.0618693809
80,200,+0.8937543907,+0.9042531692,+0.0104987785,+0.8920343529,+0.0122188163
80,500,+0.8878517743,+0.9134811945,+0.0256294202,+0.8833397370,+0.0301414575
81,200,+0.8951581657,+0.9156756312,+0.0205174656,+0.8899901033,+0.0256855280
81,500,+0.8922374444,+0.9478492358,+0.0556117914,+0.8883211018,+0.0595281341
82,200,+0.8671572002,+0.9223154879,+0.0551582878,+0.8921323195,+0.0301831684
82,500,+0.8962381089,+0.9433417830,+0.0471036741,+0.8859080064,+0.0574337765
83,200,+0.8985725966,+0.9497606350,+0.0511880384,+0.8806037036,+0.0691569314
83,500,+0.8869519316,+0.9331595644,+0.0462076328,+0.8908457610,+0.0423138034
84,200,+0.8934875915,+0.9396085699,+0.0461209784,+0.9007924257,+0.0388161442
84,500,+0.8963783165,+0.9521576211,+0.0557793046,+0.8870105169,+0.0651471042
85,200,+0.8827392366,+0.9544037099,+0.0716644733,+0.8876151948,+0.0667885151
85,500,+0.8931955489,+0.9316897708,+0.0384942220,+0.8876410533,+0.0440487176
86,200,+0.8840714629,+0.9535115528,+0.0694400899,+0.8573067771,+0.0962047757
86,500,+0.8845747454,+0.9485601298,+0.0639853844,+0.8785261658,+0.0700339640
87,200,+0.8744238009,+0.9208194358,+0.0463956349,+0.8899924403,+0.0308269955
87,500,+0.8767444255,+0.9379667004,+0.0612222749,+0.8899924403,+0.0479742601
88,200,+0.8626753200,+0.9438222306,+0.0811469106,+0.8988788871,+0.0449433434
88,500,+0.8827570167,+0.9560142689,+0.0732572522,+0.8956428895,+0.0603713793
89,200,+0.8929946945,+0.9297467450,+0.0367520505,+0.8774964904,+0.0522502546
89,500,+0.8968497298,+0.9183351600,+0.0214854302,+0.8940338488,+0.0243013112
90,200,+0.9000725890,+0.9067796472,+0.0067070582,+0.8868974769,+0.0198821703
90,500,+0.8966292434,+0.9066856448,+0.0100564014,+0.8945186184,+0.0121670264
91,200,+0.8667186316,+0.9021233486,+0.0354047170,+0.8574106658,+0.0447126828
91,500,+0.8882719219,+0.9501990513,+0.0619271294,+0.8728401713,+0.0773588800
92,200,+0.9037046987,+0.9423568983,+0.0386521996,+0.8801918629,+0.0621650354
92,500,+0.8884194127,+0.9571366223,+0.0687172096,+0.8900585724,+0.0670780499
93,200,+0.8781696756,+0.9290247488,+0.0508550732,+0.8870772244,+0.0419475244
93,500,+0.8788892219,+0.9041625838,+0.0252733619,+0.8761872942,+0.0279752896
94,200,+0.8932620753,+0.9412814486,+0.0480193732,+0.8821704614,+0.0591109872
94,500,+0.8905267586,+0.9540361129,+0.0635093543,+0.8980241946,+0.0560119184
95,200,+0.8961935402,+0.9390856120,+0.0428920718,+0.9038847304,+0.0352008816
95,500,+0.8561837314,+0.9379998151,+0.0818160837,+0.9004637387,+0.0375360763
96,200,+0.8981341102,+0.9406922211,+0.0425581109,+0.8856330175,+0.0550592035
96,500,+0.8975462444,+0.9281355662,+0.0305893217,+0.8813939051,+0.0467416610
97,200,+0.8891575432,+0.9114448684,+0.0222873252,+0.9041564358,+0.0072884326
97,500,+0.8817870028,+0.9600713461,+0.0782843433,+0.8804559471,+0.0796153990
98,200,+0.8979200055,+0.9620617169,+0.0641417114,+0.8890028239,+0.0730588930
98,500,+0.8719370736,+0.9449389136,+0.0730018400,+0.8871241755,+0.0578147380
99,200,+0.8985230560,+0.9420153994,+0.0434923434,+0.8667564339,+0.0752589655
99,500,+0.8950672713,+0.9420153994,+0.0469481281,+0.8896796177,+0.0523357817
