index,r_S_original,r_S_alternative,displayed_original,displayed_alternative,displayed_changes,winner_changes
M1,-0.9699747979,-0.9567734109,-0.970,-0.957,True,True
M2,-0.9337999067,-0.9175472338,-0.934,-0.918,True,True
HM,-0.9710005260,-0.9530461138,-0.971,-0.953,True,True
mM2,+0.8630765625,+0.8695698924,+0.863,+0.870,True,True
R,+0.9322008265,+0.9315325733,+0.932,+0.932,False,True
chi,+0.9468925963,+0.9427532134,+0.947,+0.943,True,True
H/2,+0.9316338004,+0.9306827992,+0.932,+0.931,True,True
ISI,-0.5925164253,-0.5847314921,-0.593,-0.585,True,True
GA,+0.9393611380,+0.9324937352,+0.939,+0.932,True,True
AG,-0.9383613048,-0.9327940871,-0.938,-0.933,True,True
"LO(0,0,1)",-0.9280336832,-0.9148237222,-0.928,-0.915,True,True
"LO(0,0,2)",-0.9369079566,-0.9262371797,-0.937,-0.926,True,True
