budget,property,n_seeds,LO_better,LO_worse,paired_better,paired_worse,dQ2_min,dQ2_median,dQ2_max
200,T_B,100,53,47,51,49,-0.5236,+0.0100,+0.3728
200,dHf,100,14,86,17,83,-0.4076,-0.1205,+0.2058
200,dHvap,100,91,9,93,7,-0.0217,+0.0379,+0.1211
200,S,100,35,65,35,65,-0.1385,-0.0104,+0.0374
200,omega,100,26,74,20,80,-0.0744,-0.0105,+0.0158
500,T_B,100,64,36,66,34,-0.3071,+0.0655,+0.2314
500,dHf,100,24,76,22,78,-0.3728,-0.0952,+0.1183
500,dHvap,100,93,7,93,7,-0.0351,+0.0429,+0.0979
500,S,100,29,71,27,73,-0.0991,-0.0108,+0.0271
500,omega,100,28,72,25,75,-0.0515,-0.0061,+0.0124
