seed,budget,property,Q2_GM,Q2_LO,dQ2,Q2_LOzero,dQ2_paired
0,200,T_B,0.7059438796,0.6780862951,-0.0278575844,0.5096151222,+0.1684711730
0,200,dHf,0.8262267082,0.6398525163,-0.1863741918,0.6823778026,-0.0425252863
0,200,dHvap,0.8572362640,0.9485210958,+0.0912848317,0.8840797802,+0.0644413156
0,200,S,0.9208021319,0.9401471176,+0.0193449857,0.9201470975,+0.0200000201
0,200,omega,0.9829959800,0.9714023361,-0.0115936439,0.9811566488,-0.0097543126
0,500,T_B,0.6255545989,0.6928739872,+0.0673193883,0.6551343301,+0.0377396571
0,500,dHf,0.8133829385,0.6556962546,-0.1576866839,0.8398029056,-0.1841066510
0,500,dHvap,0.8847772165,0.9707416419,+0.0859644254,0.8890461316,+0.0816955103
0,500,S,0.9214874780,0.9329543450,+0.0114668669,0.9197148878,+0.0132394572
0,500,omega,0.9779693664,0.9629755165,-0.0149938499,0.9786708034,-0.0156952869
1,200,T_B,0.5769711485,0.5709609755,-0.0060101730,0.5741000416,-0.0031390660
1,200,dHf,0.7783576233,0.4930734920,-0.2852841313,0.7295290568,-0.2364555648
1,200,dHvap,0.8910605789,0.9678059883,+0.0767454094,0.8808173968,+0.0869885915
1,200,S,0.9115722052,0.8723342773,-0.0392379280,0.9274335765,-0.0550992992
1,200,omega,0.9777308015,0.9564402500,-0.0212905515,0.9788516392,-0.0224113892
1,500,T_B,0.7099120573,0.5749220878,-0.1349899695,0.6262908786,-0.0513687908
1,500,dHf,0.8500854209,0.5168372880,-0.3332481329,0.8136165176,-0.2967792296
1,500,dHvap,0.8944351603,0.9678059883,+0.0733708280,0.8860204688,+0.0817855195
1,500,S,0.9214411150,0.8583460794,-0.0630950356,0.9173331379,-0.0589870585
1,500,omega,0.9793655558,0.9710611247,-0.0083044311,0.9803403735,-0.0092792488
2,200,T_B,0.5560742007,0.3912748000,-0.1647994007,0.6438798197,-0.2526050198
2,200,dHf,0.8409498436,0.7189873574,-0.1219624863,0.8392400494,-0.1202526921
2,200,dHvap,0.9056841518,0.9473285785,+0.0416444267,0.8965301505,+0.0507984280
2,200,S,0.9088047606,0.9304773106,+0.0216725500,0.9176638862,+0.0128134244
2,200,omega,0.9752018708,0.9713200205,-0.0038818503,0.9830827908,-0.0117627703
2,500,T_B,0.6159777973,0.5458643379,-0.0701134594,0.6498899814,-0.1040256435
2,500,dHf,0.7653498517,0.6862034372,-0.0791464145,0.8308822071,-0.1446787699
2,500,dHvap,0.8951262751,0.9408503703,+0.0457240951,0.8968365597,+0.0440138106
2,500,S,0.9177927056,0.9352072258,+0.0174145202,0.9195235029,+0.0156837229
2,500,omega,0.9828513540,0.9811115659,-0.0017397882,0.9815953123,-0.0004837465
3,200,T_B,0.5144926855,0.7632735892,+0.2487809037,0.6389301054,+0.1243434838
3,200,dHf,0.8391691305,0.6142700486,-0.2248990819,0.8071144950,-0.1928444465
3,200,dHvap,0.8864091962,0.9560281465,+0.0696189503,0.8873886362,+0.0686395103
3,200,S,0.9091189226,0.9309371914,+0.0218182688,0.9036378276,+0.0272993638
3,200,omega,0.9845573911,0.9860466675,+0.0014892764,0.9798854498,+0.0061612177
3,500,T_B,0.5954125192,0.7022188075,+0.1068062883,0.6372953805,+0.0649234270
3,500,dHf,0.7812820934,0.8309113081,+0.0496292147,0.8452086711,-0.0142973630
3,500,dHvap,0.8793020975,0.9597827853,+0.0804806878,0.8853337658,+0.0744490195
3,500,S,0.9150190812,0.9114062483,-0.0036128329,0.9157621583,-0.0043559100
3,500,omega,0.9765634396,0.9816408998,+0.0050774602,0.9795513246,+0.0020895753
4,200,T_B,0.7049959020,0.8257891731,+0.1207932712,0.6993637587,+0.1264254144
4,200,dHf,0.8306957005,0.7294963373,-0.1011993633,0.8288364767,-0.0993401394
4,200,dHvap,0.8814492592,0.9195046669,+0.0380554077,0.8848410745,+0.0346635924
4,200,S,0.9244722698,0.8999965130,-0.0244757567,0.9249529122,-0.0249563991
4,200,omega,0.9677001200,0.9727644329,+0.0050643129,0.9783036156,-0.0055391827
4,500,T_B,0.6100374580,0.8257891731,+0.2157517151,0.7062068769,+0.1195822962
4,500,dHf,0.8135305295,0.7957468539,-0.0177836755,0.8321432333,-0.0363963794
4,500,dHvap,0.8864842267,0.9343360609,+0.0478518342,0.8856511034,+0.0486849574
4,500,S,0.9163965722,0.8960913022,-0.0203052700,0.9250218032,-0.0289305010
4,500,omega,0.9799580042,0.9558565803,-0.0241014239,0.9805791094,-0.0247225291
5,200,T_B,0.6799600280,0.4432813734,-0.2366786546,0.6662307989,-0.2229494255
5,200,dHf,0.8025967129,0.8111105215,+0.0085138086,0.8628861116,-0.0517755901
5,200,dHvap,0.8846578592,0.9545009003,+0.0698430411,0.8888002206,+0.0657006798
5,200,S,0.9144993131,0.9022444621,-0.0122548511,0.9190864316,-0.0168419695
5,200,omega,0.9668234273,0.9277077171,-0.0391157103,0.9833039579,-0.0555962408
5,500,T_B,0.6422115295,0.5500010112,-0.0922105183,0.6662307989,-0.1162297877
5,500,dHf,0.8335052704,0.7240080196,-0.1094972507,0.8539811226,-0.1299731030
5,500,dHvap,0.8830865174,0.9520827974,+0.0689962799,0.8888002206,+0.0632825768
5,500,S,0.9215577902,0.9293003701,+0.0077425800,0.9139693233,+0.0153310468
5,500,omega,0.9788777290,0.9711828840,-0.0076948450,0.9819716170,-0.0107887330
6,200,T_B,0.5931048232,0.4429787326,-0.1501260906,0.6925693385,-0.2495906060
6,200,dHf,0.8555647833,0.6686579671,-0.1869068163,0.8431030788,-0.1744451117
6,200,dHvap,0.8978322135,0.9432736486,+0.0454414351,0.8782207093,+0.0650529393
6,200,S,0.9213030863,0.9270456361,+0.0057425498,0.9126427414,+0.0144028948
6,200,omega,0.9797210335,0.9873762596,+0.0076552261,0.9792944456,+0.0080818140
6,500,T_B,0.6324759859,0.8139979978,+0.1815220119,0.5813137260,+0.2326842719
6,500,dHf,0.8161992744,0.6742612380,-0.1419380364,0.7825466484,-0.1082854104
6,500,dHvap,0.8875641920,0.9457617376,+0.0581975456,0.8782207093,+0.0675410284
6,500,S,0.9169006486,0.8951273670,-0.0217732816,0.9151142710,-0.0199869040
6,500,omega,0.9787005795,0.9873762596,+0.0086756801,0.9815041664,+0.0058720932
7,200,T_B,0.7079000107,0.8233143297,+0.1154143190,0.6592239303,+0.1640903993
7,200,dHf,0.8557247986,0.6119834157,-0.2437413829,0.8596835340,-0.2477001183
7,200,dHvap,0.8876492641,0.9366893263,+0.0490400622,0.8853039400,+0.0513853863
7,200,S,0.9197519364,0.9286030573,+0.0088511209,0.9207912100,+0.0078118473
7,200,omega,0.9779727486,0.9647329882,-0.0132397604,0.9803630602,-0.0156300720
7,500,T_B,0.6770031704,0.7662541028,+0.0892509324,0.6516433557,+0.1146107471
7,500,dHf,0.8230336930,0.8581747645,+0.0351410715,0.8165965952,+0.0415781693
7,500,dHvap,0.8877896257,0.9540744897,+0.0662848640,0.8894813950,+0.0645930947
7,500,S,0.9139768818,0.9087028408,-0.0052740410,0.9215053677,-0.0128025270
7,500,omega,0.9807491098,0.9737218909,-0.0070272189,0.9816566769,-0.0079347860
8,200,T_B,0.6159858307,0.8207686209,+0.2047827902,0.6133092974,+0.2074593235
8,200,dHf,0.8217868284,0.6138254662,-0.2079613622,0.7963188210,-0.1824933548
8,200,dHvap,0.8888931199,0.9637689136,+0.0748757938,0.8772396203,+0.0865292934
8,200,S,0.9155320806,0.9314509862,+0.0159189056,0.9186522402,+0.0127987460
8,200,omega,0.9784116871,0.9626395355,-0.0157721516,0.9801288791,-0.0174893436
8,500,T_B,0.6547153939,0.8538080297,+0.1990926358,0.6053410707,+0.2484669590
8,500,dHf,0.8231715538,0.6518854642,-0.1712860895,0.7916765267,-0.1397910625
8,500,dHvap,0.8844884787,0.9637689136,+0.0792804350,0.8801454713,+0.0836234423
8,500,S,0.9118333839,0.8989751912,-0.0128581927,0.9143206697,-0.0153454785
8,500,omega,0.9740777310,0.9675114169,-0.0065663141,0.9793572314,-0.0118458146
9,200,T_B,0.6385745413,0.4020252581,-0.2365492832,0.6292995062,-0.2272742481
9,200,dHf,0.8427069821,0.7994547980,-0.0432521841,0.7679451421,+0.0315096558
9,200,dHvap,0.8802810811,0.9605404889,+0.0802594078,0.8829764849,+0.0775640039
9,200,S,0.9199644303,0.9173064388,-0.0026579915,0.9181535636,-0.0008471248
9,200,omega,0.9817983330,0.9752102822,-0.0065880509,0.9734770347,+0.0017332475
9,500,T_B,0.6846630441,0.5744448080,-0.1102182362,0.6586130738,-0.0841682658
9,500,dHf,0.8052066404,0.6944697817,-0.1107368587,0.8213519952,-0.1268822136
9,500,dHvap,0.8822689261,0.9596424655,+0.0773735393,0.8803170792,+0.0793253862
9,500,S,0.9156297248,0.9160963857,+0.0004666609,0.9211049510,-0.0050085652
9,500,omega,0.9801476509,0.9583799703,-0.0217676807,0.9804542196,-0.0220742493
10,200,T_B,0.6616233312,0.8139995791,+0.1523762479,0.6015451495,+0.2124544295
10,200,dHf,0.8127504241,0.8073914662,-0.0053589580,0.7971912110,+0.0102002551
10,200,dHvap,0.8791125641,0.9226797046,+0.0435671405,0.8865807560,+0.0360989486
10,200,S,0.9192443170,0.9003926402,-0.0188516768,0.9183913106,-0.0179986704
10,200,omega,0.9850019440,0.9670471521,-0.0179547919,0.9787962200,-0.0117490679
10,500,T_B,0.5799868119,0.7591755493,+0.1791887374,0.6423902134,+0.1167853359
10,500,dHf,0.7809684705,0.8559659814,+0.0749975109,0.7915722188,+0.0643937626
10,500,dHvap,0.8867325889,0.9551167119,+0.0683841230,0.8899686579,+0.0651480540
10,500,S,0.9166817721,0.8818568986,-0.0348248735,0.9151100144,-0.0332531158
10,500,omega,0.9794196273,0.9752591301,-0.0041604972,0.9795446147,-0.0042854846
11,200,T_B,0.7052570149,0.3451381884,-0.3601188265,0.6086256217,-0.2634874333
11,200,dHf,0.8471561209,0.8156911139,-0.0314650070,0.8118310120,+0.0038601020
11,200,dHvap,0.8963676713,0.9562761545,+0.0599084832,0.8830936140,+0.0731825405
11,200,S,0.9154101470,0.8934732267,-0.0219369203,0.9211287949,-0.0276555682
11,200,omega,0.9794251242,0.9857782952,+0.0063531709,0.9807046615,+0.0050736336
11,500,T_B,0.6686172938,0.8130087022,+0.1443914085,0.6474193633,+0.1655893389
11,500,dHf,0.8207817086,0.7351141465,-0.0856675622,0.7874826579,-0.0523685114
11,500,dHvap,0.8763602463,0.9497623609,+0.0734021146,0.8906531819,+0.0591091790
11,500,S,0.9132808598,0.8885456708,-0.0247351889,0.9163574047,-0.0278117339
11,500,omega,0.9798283949,0.9824688932,+0.0026404983,0.9805904608,+0.0018784324
12,200,T_B,0.6503051158,0.4402200091,-0.2100851066,0.6844449556,-0.2442249465
12,200,dHf,0.8499669247,0.4423759214,-0.4075910033,0.8184770678,-0.3761011463
12,200,dHvap,0.8926391289,0.9262598437,+0.0336207148,0.8798576780,+0.0464021658
12,200,S,0.9118489159,0.9305397667,+0.0186908508,0.9254850759,+0.0050546908
12,200,omega,0.9836590192,0.9634560990,-0.0202029202,0.9775703005,-0.0141142015
12,500,T_B,0.6167082001,0.6146266508,-0.0020815493,0.6662091034,-0.0515824526
12,500,dHf,0.7242013502,0.8237657681,+0.0995644179,0.8078968495,+0.0158689186
12,500,dHvap,0.8863259338,0.9449251051,+0.0585991713,0.8798576780,+0.0650674271
12,500,S,0.9127885353,0.9318429150,+0.0190543796,0.9168564023,+0.0149865127
12,500,omega,0.9798858919,0.9837329352,+0.0038470433,0.9774428825,+0.0062900527
13,200,T_B,0.6454635608,0.3790252580,-0.2664383029,0.6601712515,-0.2811459936
13,200,dHf,0.8399452467,0.8030606810,-0.0368845656,0.8612047388,-0.0581440578
13,200,dHvap,0.8812126226,0.9409500407,+0.0597374181,0.8980167786,+0.0429332621
13,200,S,0.9108947797,0.9165658808,+0.0056711010,0.8992097564,+0.0173561243
13,200,omega,0.9780124557,0.9759400763,-0.0020723794,0.9790134604,-0.0030733841
13,500,T_B,0.6814055453,0.3852689810,-0.2961365643,0.6505031771,-0.2652341961
13,500,dHf,0.8046840913,0.7398398197,-0.0648442716,0.8433052122,-0.1034653925
13,500,dHvap,0.8756068501,0.9407927522,+0.0651859021,0.8863512790,+0.0544414732
13,500,S,0.9174959258,0.8788963286,-0.0385995972,0.9236333895,-0.0447370609
13,500,omega,0.9808266963,0.9757647368,-0.0050619596,0.9780142260,-0.0022494892
14,200,T_B,0.6711184779,0.5385534915,-0.1325649863,0.6490248092,-0.1104713176
14,200,dHf,0.8157202433,0.7176417214,-0.0980785219,0.7889948874,-0.0713531660
14,200,dHvap,0.8761741342,0.9470080883,+0.0708339541,0.8969965194,+0.0500115689
14,200,S,0.9186269671,0.8066877746,-0.1119391926,0.9121399033,-0.1054521287
14,200,omega,0.9773078033,0.9728128354,-0.0044949679,0.9770620785,-0.0042492431
14,500,T_B,0.6329433899,0.8272310103,+0.1942876204,0.6655133114,+0.1617176989
14,500,dHf,0.8204266686,0.6593244288,-0.1611022398,0.7946131073,-0.1352886785
14,500,dHvap,0.8937842431,0.9511628560,+0.0573786128,0.8805792742,+0.0705835818
14,500,S,0.9189772658,0.8680277407,-0.0509495251,0.9220199552,-0.0539922145
14,500,omega,0.9771268561,0.9728128354,-0.0043140206,0.9800964819,-0.0072836465
15,200,T_B,0.7137919601,0.7893484218,+0.0755564617,0.5233950312,+0.2659533906
15,200,dHf,0.8565128536,0.8352977808,-0.0212150728,0.7937918926,+0.0415058882
15,200,dHvap,0.8830673646,0.9548150396,+0.0717476750,0.8989130350,+0.0559020046
15,200,S,0.9234494271,0.8817121431,-0.0417372840,0.9153274013,-0.0336152581
15,200,omega,0.9746879303,0.9547051971,-0.0199827332,0.9768125042,-0.0221073071
15,500,T_B,0.7092632539,0.6996069612,-0.0096562927,0.5233950312,+0.1762119300
15,500,dHf,0.8174224232,0.7778943731,-0.0395280501,0.7937918926,-0.0158975195
15,500,dHvap,0.8845859233,0.9562009975,+0.0716150742,0.8943074402,+0.0618935573
15,500,S,0.9185409316,0.8932976397,-0.0252432920,0.9118635629,-0.0185659232
15,500,omega,0.9795311561,0.9546046622,-0.0249264939,0.9758207204,-0.0212160582
16,200,T_B,0.6447528146,0.8567642626,+0.2120114480,0.7311278002,+0.1256364624
16,200,dHf,0.8356380393,0.8400626822,+0.0044246429,0.8605531207,-0.0204904385
16,200,dHvap,0.8875002536,0.9346396300,+0.0471393763,0.8897709442,+0.0448686857
16,200,S,0.9229604628,0.9405029022,+0.0175424394,0.9263089705,+0.0141939317
16,200,omega,0.9797940551,0.9853973036,+0.0056032484,0.9794668771,+0.0059304264
16,500,T_B,0.6253881030,0.8567642626,+0.2313761596,0.6593343588,+0.1974299038
16,500,dHf,0.7656727633,0.8174681168,+0.0517953535,0.8097185938,+0.0077495230
16,500,dHvap,0.8809505094,0.9410053740,+0.0600548646,0.8795217465,+0.0614836275
16,500,S,0.9179486931,0.9405029022,+0.0225542091,0.9242275777,+0.0162753245
16,500,omega,0.9752213328,0.9739380624,-0.0012832705,0.9774991574,-0.0035610951
17,200,T_B,0.6954613594,0.3765364954,-0.3189248640,0.7211863272,-0.3446498317
17,200,dHf,0.8433146474,0.6833732481,-0.1599413994,0.8606539459,-0.1772806979
17,200,dHvap,0.8891657729,0.9334434444,+0.0442776715,0.8741841142,+0.0592593302
17,200,S,0.9174082505,0.9378389118,+0.0204306613,0.9184031031,+0.0194358087
17,200,omega,0.9755903662,0.9802796368,+0.0046892706,0.9804770710,-0.0001974343
17,500,T_B,0.6134127432,0.4202264700,-0.1931862733,0.6381136849,-0.2178872150
17,500,dHf,0.8360011042,0.6642775563,-0.1717235479,0.8589447106,-0.1946671543
17,500,dHvap,0.8833405837,0.9389660551,+0.0556254714,0.8817925998,+0.0571734553
17,500,S,0.9185130848,0.9347816563,+0.0162685715,0.9184741888,+0.0163074676
17,500,omega,0.9768520237,0.9703474388,-0.0065045849,0.9747626387,-0.0044151999
18,200,T_B,0.5967304379,0.6748900207,+0.0781595828,0.6617247928,+0.0131652279
18,200,dHf,0.7384042581,0.6486893919,-0.0897148662,0.7631674041,-0.1144780121
18,200,dHvap,0.8939076252,0.9379023203,+0.0439946951,0.8819968295,+0.0559054908
18,200,S,0.9109505090,0.9057540159,-0.0051964931,0.9294879814,-0.0237339655
18,200,omega,0.9724805863,0.9660213519,-0.0064592344,0.9820787235,-0.0160573716
18,500,T_B,0.6530701513,0.6132002549,-0.0398698964,0.6341110130,-0.0209107581
18,500,dHf,0.8306611016,0.6961171529,-0.1345439487,0.8263540065,-0.1302368536
18,500,dHvap,0.8828706561,0.9448698843,+0.0619992282,0.8886452605,+0.0562246237
18,500,S,0.9209628353,0.8913424301,-0.0296204052,0.9171518977,-0.0258094676
18,500,omega,0.9790249454,0.9555418234,-0.0234831220,0.9810594513,-0.0255176280
19,200,T_B,0.6657139616,0.7908243889,+0.1251104274,0.5903116391,+0.2005127498
19,200,dHf,0.8083906435,0.6738484606,-0.1345421829,0.6987205278,-0.0248720671
19,200,dHvap,0.8983028875,0.9537250539,+0.0554221664,0.8938755780,+0.0598494759
19,200,S,0.9125230195,0.8051934179,-0.1073296016,0.9182484520,-0.1130550342
19,200,omega,0.9760813917,0.9648065536,-0.0112748381,0.9825248347,-0.0177182811
19,500,T_B,0.6903087657,0.7908243889,+0.1005156233,0.6483139320,+0.1425104570
19,500,dHf,0.7865415800,0.6423277350,-0.1442138450,0.8290714201,-0.1867436852
19,500,dHvap,0.8848709026,0.9259886442,+0.0411177416,0.8891883181,+0.0368003261
19,500,S,0.9192134698,0.9362735986,+0.0170601289,0.9179991758,+0.0182744228
19,500,omega,0.9830167432,0.9841713573,+0.0011546141,0.9810339271,+0.0031374302
20,200,T_B,0.7264991145,0.8218875359,+0.0953884215,0.4653678685,+0.3565196674
20,200,dHf,0.8619209987,0.8243006626,-0.0376203361,0.7055638944,+0.1187367682
20,200,dHvap,0.8940119651,0.9445587357,+0.0505467705,0.8781404440,+0.0664182917
20,200,S,0.9269971812,0.8738484920,-0.0531486892,0.9098711719,-0.0360226799
20,200,omega,0.9783924115,0.9774068808,-0.0009855307,0.9796707134,-0.0022638326
20,500,T_B,0.7056772984,0.7469087911,+0.0412314928,0.6580153419,+0.0888934492
20,500,dHf,0.8318945864,0.7682825810,-0.0636120053,0.8634237242,-0.0951411432
20,500,dHvap,0.8792295997,0.9401063501,+0.0608767504,0.8804263662,+0.0596799839
20,500,S,0.9229868586,0.8238746890,-0.0991121696,0.9209395229,-0.0970648339
20,500,omega,0.9796959768,0.9726313652,-0.0070646115,0.9795025189,-0.0068711537
21,200,T_B,0.7081362689,0.7181841328,+0.0100478639,0.5923714479,+0.1258126849
21,200,dHf,0.8192354006,0.8689533759,+0.0497179753,0.7873610610,+0.0815923149
21,200,dHvap,0.8812768384,0.9611626590,+0.0798858206,0.8884277265,+0.0727349325
21,200,S,0.9234524526,0.8928355630,-0.0306168896,0.9105330248,-0.0176974618
21,200,omega,0.9675873686,0.9718228247,+0.0042354561,0.9818511367,-0.0100283120
21,500,T_B,0.6629419698,0.6359461755,-0.0269957943,0.5941901215,+0.0417560540
21,500,dHf,0.8289871946,0.8264796521,-0.0025075425,0.7811793038,+0.0453003483
21,500,dHvap,0.8863277356,0.9571303662,+0.0708026306,0.8893019654,+0.0678284008
21,500,S,0.9196148471,0.9236141553,+0.0039993081,0.9141078139,+0.0095063414
21,500,omega,0.9805237504,0.9854363157,+0.0049125653,0.9796792858,+0.0057570299
22,200,T_B,0.5502164928,0.8524550901,+0.3022385973,0.6002163867,+0.2522387034
22,200,dHf,0.6558322937,0.8616342991,+0.2058020054,0.8558840470,+0.0057502521
22,200,dHvap,0.8916814530,0.9616847911,+0.0700033381,0.8894963996,+0.0721883915
22,200,S,0.9066074115,0.9175574004,+0.0109499888,0.9158365439,+0.0017208565
22,200,omega,0.9765097360,0.9532975585,-0.0232121775,0.9713707421,-0.0180731837
22,500,T_B,0.6462830930,0.7875130377,+0.1412299447,0.6464505854,+0.1410624523
22,500,dHf,0.7433673590,0.8616342991,+0.1182669401,0.8266542758,+0.0349800233
22,500,dHvap,0.8703932733,0.9702292465,+0.0998359732,0.8851177773,+0.0851114692
22,500,S,0.9183876663,0.9098389609,-0.0085487054,0.9155149831,-0.0056760222
22,500,omega,0.9780104014,0.9830113981,+0.0050009967,0.9791123019,+0.0038990962
23,200,T_B,0.3990587312,0.7718593384,+0.3728006072,0.6091471776,+0.1627121608
23,200,dHf,0.6687642324,0.6330340110,-0.0357302215,0.8477953828,-0.2147613718
23,200,dHvap,0.8759406428,0.9456447301,+0.0697040874,0.8750826481,+0.0705620821
23,200,S,0.9036067020,0.8780315316,-0.0255751704,0.9215563179,-0.0435247862
23,200,omega,0.9774567883,0.9718569235,-0.0055998648,0.9797084258,-0.0078515022
23,500,T_B,0.5920798744,0.7504996852,+0.1584198108,0.6408847663,+0.1096149189
23,500,dHf,0.7785487580,0.8609717846,+0.0824230266,0.8273658696,+0.0336059150
23,500,dHvap,0.8907999408,0.9455887618,+0.0547888210,0.8913188088,+0.0542699529
23,500,S,0.9202700750,0.8780315316,-0.0422385433,0.9220172918,-0.0439857602
23,500,omega,0.9800718720,0.9694843533,-0.0105875187,0.9773076868,-0.0078233335
24,200,T_B,0.6490938470,0.5677546551,-0.0813391919,0.6784505592,-0.1106959041
24,200,dHf,0.8543275398,0.8148253389,-0.0395022009,0.7954421522,+0.0193831867
24,200,dHvap,0.8989744079,0.9435960945,+0.0446216867,0.8860062275,+0.0575898671
24,200,S,0.9295016981,0.8793676305,-0.0501340676,0.9097719132,-0.0304042827
24,200,omega,0.9799954327,0.9634027006,-0.0165927320,0.9794042479,-0.0160015472
24,500,T_B,0.6923822080,0.6131570658,-0.0792251422,0.6476883723,-0.0345313065
24,500,dHf,0.8063527445,0.8148253389,+0.0084725943,0.8165124499,-0.0016871110
24,500,dHvap,0.8740541384,0.9435960945,+0.0695419561,0.8860062275,+0.0575898671
24,500,S,0.9161254058,0.9141379267,-0.0019874791,0.9192390968,-0.0051011701
24,500,omega,0.9811965899,0.9817977977,+0.0006012079,0.9790645518,+0.0027332460
25,200,T_B,0.6168285611,0.8116692020,+0.1948406409,0.6410880408,+0.1705811612
25,200,dHf,0.8333558904,0.7310023797,-0.1023535106,0.7957419570,-0.0647395772
25,200,dHvap,0.9014709670,0.9759652563,+0.0744942892,0.8896450869,+0.0863201694
25,200,S,0.8985713128,0.8933813182,-0.0051899946,0.9209255218,-0.0275442036
25,200,omega,0.9729470294,0.9460980411,-0.0268489883,0.9786094006,-0.0325113594
25,500,T_B,0.6347328372,0.7782250730,+0.1434922357,0.6269948620,+0.1512302110
25,500,dHf,0.8418469971,0.6395471137,-0.2022998835,0.7957419570,-0.1561948433
25,500,dHvap,0.8781822862,0.9759652563,+0.0977829701,0.8896450869,+0.0863201694
25,500,S,0.9138426672,0.8779812062,-0.0358614610,0.9207416195,-0.0427604133
25,500,omega,0.9760688655,0.9788434235,+0.0027745580,0.9777652275,+0.0010781960
26,200,T_B,0.5396018381,0.5376881118,-0.0019137262,0.6231071611,-0.0854190493
26,200,dHf,0.8013189304,0.5852488035,-0.2160701269,0.7907484671,-0.2054996636
26,200,dHvap,0.8949187588,0.9693533957,+0.0744346370,0.8557731615,+0.1135802342
26,200,S,0.9132548333,0.9251784497,+0.0119236165,0.9157795615,+0.0093988883
26,200,omega,0.9751191483,0.9792953841,+0.0041762358,0.9750188516,+0.0042765325
26,500,T_B,0.6683417134,0.4446621841,-0.2236795294,0.6763964439,-0.2317342599
26,500,dHf,0.7982793830,0.8304362403,+0.0321568573,0.7972717465,+0.0331644938
26,500,dHvap,0.8826663791,0.9657113811,+0.0830450020,0.8803182651,+0.0853931159
26,500,S,0.9223647105,0.9169194246,-0.0054452859,0.9165339857,+0.0003854390
26,500,omega,0.9785411932,0.9738902335,-0.0046509597,0.9759098491,-0.0020196156
27,200,T_B,0.4807879886,0.7384291463,+0.2576411577,0.7137915003,+0.0246376459
27,200,dHf,0.8228317213,0.4417681806,-0.3810635406,0.8361370854,-0.3943689048
27,200,dHvap,0.8763214639,0.9419181211,+0.0655966572,0.8868108730,+0.0551072480
27,200,S,0.9065593858,0.8453974210,-0.0611619647,0.9254736974,-0.0800762764
27,200,omega,0.9781639487,0.9552728406,-0.0228911081,0.9733693468,-0.0180965062
27,500,T_B,0.6775599660,0.7384291463,+0.0608691803,0.7117796494,+0.0266494968
27,500,dHf,0.8146017051,0.4417681806,-0.3728335244,0.8277692541,-0.3860010735
27,500,dHvap,0.8871450301,0.9419181211,+0.0547730909,0.8868108730,+0.0551072480
27,500,S,0.9163211270,0.9434243865,+0.0271032595,0.9171795495,+0.0262448370
27,500,omega,0.9747661301,0.9790847361,+0.0043186060,0.9833239480,-0.0042392119
28,200,T_B,0.5748943779,0.6793832709,+0.1044888930,0.6376303749,+0.0417528961
28,200,dHf,0.7766328327,0.6957211068,-0.0809117259,0.7411258803,-0.0454047734
28,200,dHvap,0.8712971822,0.9736202605,+0.1023230783,0.8887772716,+0.0848429888
28,200,S,0.9188895025,0.8199668199,-0.0989226827,0.8987109904,-0.0787441705
28,200,omega,0.9772901690,0.9630130746,-0.0142770945,0.9812792915,-0.0182662169
28,500,T_B,0.7013235448,0.6751443217,-0.0261792232,0.6448542270,+0.0302900947
28,500,dHf,0.8331245425,0.7596060475,-0.0735184950,0.7711167480,-0.0115107005
28,500,dHvap,0.8789138586,0.9604089175,+0.0814950589,0.8902870536,+0.0701218639
28,500,S,0.9165951323,0.8914793161,-0.0251158162,0.9109576482,-0.0194783321
28,500,omega,0.9744358238,0.9740188150,-0.0004170088,0.9813434043,-0.0073245892
29,200,T_B,0.7075914681,0.4530205481,-0.2545709200,0.6497142113,-0.1966936632
29,200,dHf,0.8502316655,0.6048537422,-0.2453779232,0.8127562783,-0.2079025361
29,200,dHvap,0.8925491877,0.9544325201,+0.0618833323,0.8572225627,+0.0972099574
29,200,S,0.9208861432,0.9217602314,+0.0008740882,0.9184147093,+0.0033455221
29,200,omega,0.9828248374,0.9547621470,-0.0280626903,0.9816431292,-0.0268809822
29,500,T_B,0.6225677284,0.7788275517,+0.1562598234,0.6515497719,+0.1272777798
29,500,dHf,0.8486608204,0.7098936347,-0.1387671857,0.8389246077,-0.1290309730
29,500,dHvap,0.8785424080,0.9452584539,+0.0667160459,0.8964527525,+0.0488057014
29,500,S,0.9208139647,0.8996331327,-0.0211808320,0.9185822886,-0.0189491559
29,500,omega,0.9807825434,0.9873589850,+0.0065764416,0.9793464145,+0.0080125704
30,200,T_B,0.6140297913,0.8065048675,+0.1924750761,0.6575685768,+0.1489362906
30,200,dHf,0.8593013555,0.8585539517,-0.0007474038,0.8173327632,+0.0412211885
30,200,dHvap,0.8853181833,0.9657766195,+0.0804584361,0.8750765093,+0.0907001102
30,200,S,0.9106270234,0.9396051259,+0.0289781024,0.9246978376,+0.0149072883
30,200,omega,0.9805874565,0.9867989014,+0.0062114449,0.9767251318,+0.0100737696
30,500,T_B,0.6888775987,0.7205692730,+0.0316916743,0.6287330394,+0.0918362337
30,500,dHf,0.8020455531,0.8585539517,+0.0565083986,0.8206154832,+0.0379384685
30,500,dHvap,0.8834956327,0.9639944267,+0.0804987940,0.8909609484,+0.0730334783
30,500,S,0.9159600776,0.9192731391,+0.0033130615,0.9163503632,+0.0029227760
30,500,omega,0.9796335342,0.9789068374,-0.0007266968,0.9760737144,+0.0028331230
31,200,T_B,0.5621854672,0.8126004955,+0.2504150283,0.6909807270,+0.1216197685
31,200,dHf,0.8372438052,0.6478353636,-0.1894084416,0.8413864641,-0.1935511004
31,200,dHvap,0.8745716410,0.9481824255,+0.0736107845,0.8870592301,+0.0611231954
31,200,S,0.9167134258,0.9371061616,+0.0203927357,0.9171769013,+0.0199292602
31,200,omega,0.9784196956,0.9642769090,-0.0141427867,0.9715472164,-0.0072703075
31,500,T_B,0.5959619005,0.8126004955,+0.2166385950,0.6381020701,+0.1744984254
31,500,dHf,0.8472016678,0.6039409647,-0.2432607031,0.8616489844,-0.2577080197
31,500,dHvap,0.8866874919,0.9481824255,+0.0614949336,0.8864894616,+0.0616929639
31,500,S,0.9145725902,0.8956124080,-0.0189601822,0.9168288426,-0.0212164346
31,500,omega,0.9808826671,0.9588110912,-0.0220715759,0.9798743355,-0.0210632443
32,200,T_B,0.6867260509,0.8333023572,+0.1465763062,0.6046845253,+0.2286178319
32,200,dHf,0.8362222415,0.7926721614,-0.0435500801,0.7919750861,+0.0006970754
32,200,dHvap,0.8702169029,0.9252856884,+0.0550687855,0.8571205243,+0.0681651641
32,200,S,0.9196856540,0.9291334153,+0.0094477613,0.9066422265,+0.0224911889
32,200,omega,0.9819194349,0.9790901281,-0.0028293068,0.9789693555,+0.0001207726
32,500,T_B,0.6272271275,0.8333023572,+0.2060752297,0.6669023167,+0.1664000405
32,500,dHf,0.8444778627,0.7926721614,-0.0518057013,0.8443970147,-0.0517248533
32,500,dHvap,0.8907175202,0.9714982022,+0.0807806820,0.8703401509,+0.1011580513
32,500,S,0.9157378757,0.9023855821,-0.0133522936,0.9216550053,-0.0192694232
32,500,omega,0.9801735970,0.9592530961,-0.0209205010,0.9800245651,-0.0207714691
33,200,T_B,0.7138581447,0.3525364092,-0.3613217355,0.6665164136,-0.3139800044
33,200,dHf,0.8438291854,0.7182726459,-0.1255565396,0.7475750739,-0.0293024280
33,200,dHvap,0.9001276300,0.9525437919,+0.0524161619,0.8849703654,+0.0675734265
33,200,S,0.9259183040,0.8533607967,-0.0725575073,0.9178552941,-0.0644944974
33,200,omega,0.9754804417,0.9677241387,-0.0077563031,0.9672157392,+0.0005083995
33,500,T_B,0.6490821965,0.7421461692,+0.0930639727,0.6598541263,+0.0822920429
33,500,dHf,0.8282155244,0.7327437185,-0.0954718060,0.8126734414,-0.0799297229
33,500,dHvap,0.8948559304,0.9558171223,+0.0609611919,0.8863926664,+0.0694244558
33,500,S,0.9190544696,0.8591338369,-0.0599206328,0.9230839339,-0.0639500970
33,500,omega,0.9808885114,0.9807034413,-0.0001850701,0.9724520907,+0.0082513506
34,200,T_B,0.6456584818,0.6779538899,+0.0322954081,0.6173750177,+0.0605788722
34,200,dHf,0.8333233065,0.4951257873,-0.3381975192,0.8559785639,-0.3608527766
34,200,dHvap,0.8606092431,0.9588558414,+0.0982465983,0.8813022968,+0.0775535447
34,200,S,0.9136220053,0.9070612572,-0.0065607481,0.9294581522,-0.0223968951
34,200,omega,0.9803289064,0.9863978056,+0.0060688992,0.9760434288,+0.0103543768
34,500,T_B,0.6749674494,0.6678217635,-0.0071456859,0.6473662631,+0.0204555005
34,500,dHf,0.8236289505,0.8474739380,+0.0238449875,0.8183224834,+0.0291514546
34,500,dHvap,0.8766218686,0.9588558414,+0.0822339728,0.8823331666,+0.0765226749
34,500,S,0.9182219418,0.8920349690,-0.0261869728,0.9161877028,-0.0241527338
34,500,omega,0.9770256901,0.9863978056,+0.0093721155,0.9804464084,+0.0059513972
35,200,T_B,0.5862436418,0.4335469743,-0.1526966676,0.7021589339,-0.2686119597
35,200,dHf,0.7653571070,0.7049370500,-0.0604200570,0.8177117894,-0.1127747395
35,200,dHvap,0.8919927430,0.9403525906,+0.0483598476,0.8892674079,+0.0510851827
35,200,S,0.9161867425,0.9063095153,-0.0098772272,0.9196610366,-0.0133515212
35,200,omega,0.9820058776,0.9507922861,-0.0312135914,0.9727197077,-0.0219274216
35,500,T_B,0.6862452077,0.4876770083,-0.1985681994,0.6568360038,-0.1691589955
35,500,dHf,0.8606312419,0.7303684817,-0.1302627602,0.8177117894,-0.0873433077
35,500,dHvap,0.8852318075,0.9434535416,+0.0582217341,0.8838193201,+0.0596342216
35,500,S,0.9208109014,0.8635991939,-0.0572117075,0.9147744695,-0.0511752756
35,500,omega,0.9778231835,0.9504788653,-0.0273443182,0.9797434499,-0.0292645846
36,200,T_B,0.5643030252,0.7532063166,+0.1889032914,0.6488452312,+0.1043610854
36,200,dHf,0.7635075186,0.5146953235,-0.2488121952,0.8125854639,-0.2978901404
36,200,dHvap,0.8891817141,0.9581161878,+0.0689344737,0.8846873676,+0.0734288202
36,200,S,0.9138574982,0.9016099721,-0.0122475261,0.9156814112,-0.0140714390
36,200,omega,0.9807602634,0.9706093322,-0.0101509313,0.9807119476,-0.0101026154
36,500,T_B,0.6663558268,0.7492685315,+0.0829127048,0.6791212494,+0.0701472822
36,500,dHf,0.8253262638,0.7349769227,-0.0903493410,0.8224345287,-0.0874576060
36,500,dHvap,0.8886597951,0.9581161878,+0.0694563927,0.8846873676,+0.0734288202
36,500,S,0.9193430098,0.9261558258,+0.0068128161,0.9187911676,+0.0073646582
36,500,omega,0.9741715127,0.9674956290,-0.0066758838,0.9806266742,-0.0131310452
37,200,T_B,0.7079682086,0.8187581071,+0.1107898985,0.6867809314,+0.1319771757
37,200,dHf,0.8556924611,0.5365188231,-0.3191736380,0.8273152780,-0.2907964549
37,200,dHvap,0.8889594291,0.9652569085,+0.0762974793,0.8987466485,+0.0665102599
37,200,S,0.9097105654,0.8717988243,-0.0379117411,0.9177712051,-0.0459723808
37,200,omega,0.9789404012,0.9494879818,-0.0294524194,0.9795389453,-0.0300509635
37,500,T_B,0.6445828396,0.7548384700,+0.1102556304,0.6292247103,+0.1256137597
37,500,dHf,0.8385115745,0.8665224550,+0.0280108805,0.7649528346,+0.1015696203
37,500,dHvap,0.8862150430,0.9665011012,+0.0802860583,0.8911893948,+0.0753117064
37,500,S,0.9169441984,0.9212807040,+0.0043365056,0.9162767574,+0.0050039465
37,500,omega,0.9808752527,0.9293603481,-0.0515149046,0.9815633678,-0.0522030197
38,200,T_B,0.3257158425,0.6908783036,+0.3651624611,0.6553203223,+0.0355579814
38,200,dHf,0.7046116773,0.8257329145,+0.1211212372,0.8528371600,-0.0271042455
38,200,dHvap,0.8908929606,0.9577985199,+0.0669055593,0.8860640091,+0.0717345108
38,200,S,0.9111151613,0.8799211447,-0.0311940165,0.9201554112,-0.0402342665
38,200,omega,0.9815256047,0.9071706526,-0.0743549520,0.9788803733,-0.0717097207
38,500,T_B,0.6852155091,0.8536334979,+0.1684179888,0.6845409670,+0.1690925309
38,500,dHf,0.8237385026,0.7734419218,-0.0502965808,0.8528371600,-0.0793952382
38,500,dHvap,0.8560009021,0.9577985199,+0.1017976178,0.8930385915,+0.0647599285
38,500,S,0.9182029859,0.9023958017,-0.0158071842,0.9182669780,-0.0158711763
38,500,omega,0.9757725657,0.9611696728,-0.0146028929,0.9818119082,-0.0206422354
39,200,T_B,0.6613868484,0.8124142673,+0.1510274189,0.6479277864,+0.1644864809
39,200,dHf,0.7718302333,0.7202568983,-0.0515733350,0.8124267460,-0.0921698477
39,200,dHvap,0.8699265571,0.9552492814,+0.0853227243,0.8800429041,+0.0752063772
39,200,S,0.9184263511,0.9372903709,+0.0188640197,0.9246322735,+0.0126580974
39,200,omega,0.9697219466,0.9503330238,-0.0193889229,0.9757124816,-0.0253794578
39,500,T_B,0.6400369186,0.7495361830,+0.1094992644,0.6610687990,+0.0884673840
39,500,dHf,0.7778630771,0.7202568983,-0.0576061788,0.7982818515,-0.0780249532
39,500,dHvap,0.8765405084,0.9664285299,+0.0898880215,0.8916687415,+0.0747597884
39,500,S,0.9167072773,0.9372903709,+0.0205830936,0.9147751006,+0.0225152703
39,500,omega,0.9776249178,0.9468013227,-0.0308235951,0.9799657457,-0.0331644230
40,200,T_B,0.6778526672,0.8052902882,+0.1274376210,0.6346546313,+0.1706356569
40,200,dHf,0.7657111846,0.8482981884,+0.0825870038,0.8585432310,-0.0102450426
40,200,dHvap,0.8808080512,0.9467685299,+0.0659604787,0.8722832835,+0.0744852464
40,200,S,0.9008883091,0.9366494227,+0.0357611135,0.9178625237,+0.0187868990
40,200,omega,0.9818632716,0.9594939762,-0.0223692954,0.9804065218,-0.0209125456
40,500,T_B,0.6044190234,0.7095821736,+0.1051631502,0.6346546313,+0.0749275423
40,500,dHf,0.8488388628,0.7841185399,-0.0647203229,0.8585432310,-0.0744246911
40,500,dHvap,0.8890096621,0.9676515556,+0.0786418935,0.8753195275,+0.0923320281
40,500,S,0.9204339831,0.9112429012,-0.0091910819,0.9169863436,-0.0057434425
40,500,omega,0.9806723657,0.9834340271,+0.0027616614,0.9804065218,+0.0030275054
41,200,T_B,0.5662273826,0.5201160128,-0.0461113698,0.6683692657,-0.1482532529
41,200,dHf,0.8465229234,0.4934022039,-0.3531207195,0.8306630437,-0.3372608398
41,200,dHvap,0.8714812439,0.9649533000,+0.0934720562,0.8837662540,+0.0811870461
41,200,S,0.9230104552,0.9173284059,-0.0056820493,0.9279106238,-0.0105822179
41,200,omega,0.9755304482,0.9478167971,-0.0277136511,0.9824305732,-0.0346137761
41,500,T_B,0.6196537506,0.3751601605,-0.2444935901,0.6683692657,-0.2932091051
41,500,dHf,0.8098831892,0.5868676957,-0.2230154935,0.8306630437,-0.2437953480
41,500,dHvap,0.8939277380,0.9506413938,+0.0567136558,0.8806982373,+0.0699431565
41,500,S,0.9206461465,0.9293341073,+0.0086879609,0.9087706960,+0.0205634113
41,500,omega,0.9737025013,0.9637082659,-0.0099942353,0.9813900026,-0.0176817367
42,200,T_B,0.6675378140,0.5766547032,-0.0908831108,0.6431436937,-0.0664889906
42,200,dHf,0.8229043996,0.7966081774,-0.0262962223,0.8239430656,-0.0273348883
42,200,dHvap,0.8859227862,0.9410178007,+0.0550950145,0.8821395216,+0.0588782791
42,200,S,0.9012737813,0.9386706866,+0.0373969054,0.9244417941,+0.0142288925
42,200,omega,0.9694800143,0.9776711234,+0.0081911090,0.9791159709,-0.0014448476
42,500,T_B,0.6066369400,0.6765981466,+0.0699612066,0.6551858578,+0.0214122888
42,500,dHf,0.7959577019,0.6569625222,-0.1389951798,0.8066558310,-0.1496933088
42,500,dHvap,0.8830023275,0.9517258268,+0.0687234992,0.8835902324,+0.0681355944
42,500,S,0.9196536758,0.9220096989,+0.0023560231,0.9202906347,+0.0017190642
42,500,omega,0.9766658556,0.9776711234,+0.0010052677,0.9789112559,-0.0012401326
43,200,T_B,0.6346929369,0.8006059997,+0.1659130629,0.6639074146,+0.1366985851
43,200,dHf,0.8272415845,0.7258650539,-0.1013765306,0.8332762151,-0.1074111612
43,200,dHvap,0.8958172680,0.9426782054,+0.0468609374,0.8726699016,+0.0700083038
43,200,S,0.9187107898,0.9389346565,+0.0202238667,0.9122009539,+0.0267337026
43,200,omega,0.9766289962,0.9337674117,-0.0428615845,0.9786710936,-0.0449036819
43,500,T_B,0.6668477492,0.8006059997,+0.1337582505,0.6639074146,+0.1366985851
43,500,dHf,0.8241794706,0.6984394512,-0.1257400193,0.8332762151,-0.1348367638
43,500,dHvap,0.8908204531,0.9464916956,+0.0556712425,0.8932111233,+0.0532805723
43,500,S,0.9195258657,0.9354770829,+0.0159512171,0.9143317306,+0.0211453523
43,500,omega,0.9783700582,0.9293301760,-0.0490398821,0.9790325787,-0.0497024026
44,200,T_B,0.5861431545,0.5982493569,+0.0121062024,0.7152821367,-0.1170327798
44,200,dHf,0.8128071642,0.6943595056,-0.1184476586,0.8581224639,-0.1637629583
44,200,dHvap,0.8956170497,0.9312123231,+0.0355952733,0.8978030145,+0.0334093086
44,200,S,0.9107412618,0.8331971494,-0.0775441124,0.9246863621,-0.0914892127
44,200,omega,0.9789307574,0.9729340539,-0.0059967035,0.9790064026,-0.0060723488
44,500,T_B,0.6433697116,0.6811356429,+0.0377659313,0.6115828059,+0.0695528370
44,500,dHf,0.7867255080,0.6323452660,-0.1543802420,0.8581224639,-0.2257771979
44,500,dHvap,0.8961265779,0.9317364928,+0.0356099149,0.8801511186,+0.0515853742
44,500,S,0.9196542177,0.8582964283,-0.0613577893,0.9181670788,-0.0598706505
44,500,omega,0.9811577993,0.9636910455,-0.0174667538,0.9786106856,-0.0149196401
45,200,T_B,0.5894283021,0.6509775131,+0.0615492109,0.6965339554,-0.0455564424
45,200,dHf,0.8194243413,0.6932643176,-0.1261600237,0.8394405917,-0.1461762741
45,200,dHvap,0.8965977275,0.9525105421,+0.0559128146,0.8689598782,+0.0835506639
45,200,S,0.9319259014,0.8761375526,-0.0557883488,0.9193944314,-0.0432568789
45,200,omega,0.9774059767,0.9595918459,-0.0178141308,0.9789525613,-0.0193607154
45,500,T_B,0.6358707650,0.5823199050,-0.0535508600,0.6473557294,-0.0650358244
45,500,dHf,0.8009197060,0.6835764117,-0.1173432944,0.8317425967,-0.1481661851
45,500,dHvap,0.8873540468,0.9595225041,+0.0721684573,0.8856984496,+0.0738240545
45,500,S,0.9202270778,0.8680590364,-0.0521680414,0.9169744563,-0.0489154199
45,500,omega,0.9803738660,0.9522873837,-0.0280864823,0.9793683157,-0.0270809320
46,200,T_B,0.6460069222,0.6905359769,+0.0445290547,0.6721590486,+0.0183769284
46,200,dHf,0.7890303240,0.8431231540,+0.0540928300,0.8635176954,-0.0203945415
46,200,dHvap,0.8750458799,0.9715143787,+0.0964684988,0.8809503867,+0.0905639919
46,200,S,0.9203411276,0.7817962180,-0.1385449096,0.9289582105,-0.1471619925
46,200,omega,0.9821796231,0.9672079113,-0.0149717118,0.9800328610,-0.0128249498
46,500,T_B,0.6631388174,0.8153334143,+0.1521945968,0.6459741575,+0.1693592567
46,500,dHf,0.8321273720,0.7837230141,-0.0484043579,0.8405913472,-0.0568683331
46,500,dHvap,0.8890878789,0.9662623662,+0.0771744873,0.8839782117,+0.0822841545
46,500,S,0.9163051005,0.9149424513,-0.0013626493,0.9206440217,-0.0057015704
46,500,omega,0.9798839383,0.9672079113,-0.0126760270,0.9811676511,-0.0139597398
47,200,T_B,0.6181994989,0.4194237168,-0.1987757821,0.6984108628,-0.2789871461
47,200,dHf,0.7979897732,0.6371383906,-0.1608513826,0.8499962468,-0.2128578562
47,200,dHvap,0.8848183149,0.9537469208,+0.0689286059,0.8811863921,+0.0725605287
47,200,S,0.9186510458,0.8796118532,-0.0390391925,0.9262991179,-0.0466872647
47,200,omega,0.9786810836,0.9775449695,-0.0011361141,0.9780255778,-0.0004806082
47,500,T_B,0.6532813946,0.4154486228,-0.2378327718,0.6632502208,-0.2478015981
47,500,dHf,0.8483167551,0.5928207592,-0.2554959960,0.8332664553,-0.2404456961
47,500,dHvap,0.8854669241,0.9537469208,+0.0682799967,0.8922233376,+0.0615235833
47,500,S,0.9203170835,0.9133359369,-0.0069811465,0.9157127987,-0.0023768618
47,500,omega,0.9779054502,0.9791220310,+0.0012165808,0.9767551015,+0.0023669296
48,200,T_B,0.6689322486,0.5234631611,-0.1454690875,0.5963980647,-0.0729349036
48,200,dHf,0.8269889985,0.8181048605,-0.0088841381,0.7667103349,+0.0513945256
48,200,dHvap,0.8923269268,0.9607224526,+0.0683955259,0.8934642230,+0.0672582297
48,200,S,0.9196608475,0.8503752160,-0.0692856315,0.9299293240,-0.0795541080
48,200,omega,0.9784931941,0.9433347194,-0.0351584747,0.9800498703,-0.0367151509
48,500,T_B,0.6325617878,0.8422349573,+0.2096731695,0.6873885014,+0.1548464559
48,500,dHf,0.8033824728,0.6979965079,-0.1053859649,0.8395679135,-0.1415714056
48,500,dHvap,0.8958390194,0.9607224526,+0.0648834333,0.8905096197,+0.0702128329
48,500,S,0.9166349098,0.9098304178,-0.0068044920,0.9217967746,-0.0119663569
48,500,omega,0.9752307088,0.9755690001,+0.0003382913,0.9794665733,-0.0038975731
49,200,T_B,0.5274231787,0.3286943844,-0.1987287942,0.7095442341,-0.3808498497
49,200,dHf,0.7709628750,0.5714763728,-0.1994865023,0.8399210737,-0.2684447009
49,200,dHvap,0.8978998354,0.9421359875,+0.0442361521,0.8745067879,+0.0676291996
49,200,S,0.9249782078,0.9204432805,-0.0045349273,0.9264740406,-0.0060307600
49,200,omega,0.9764225344,0.9664753253,-0.0099472091,0.9767112444,-0.0102359191
49,500,T_B,0.6595965049,0.3930420913,-0.2665544136,0.6712838858,-0.2782417945
49,500,dHf,0.8166198439,0.7656701141,-0.0509497297,0.8288871012,-0.0632169871
49,500,dHvap,0.8868699561,0.9731245314,+0.0862545753,0.8714021263,+0.1017224050
49,500,S,0.9184906018,0.9286602754,+0.0101696735,0.9166435428,+0.0120167325
49,500,omega,0.9763739821,0.9694499187,-0.0069240634,0.9793696063,-0.0099196876
50,200,T_B,0.6877226967,0.7486662322,+0.0609435356,0.6726711514,+0.0759950808
50,200,dHf,0.8001996995,0.6830346203,-0.1171650792,0.8264672993,-0.1434326790
50,200,dHvap,0.8797624546,0.9735522594,+0.0937898048,0.8901395703,+0.0834126890
50,200,S,0.9252333451,0.9356196762,+0.0103863311,0.9204305415,+0.0151891347
50,200,omega,0.9773072042,0.9561126771,-0.0211945272,0.9803899666,-0.0242772896
50,500,T_B,0.6688819713,0.7486662322,+0.0797842609,0.6837628111,+0.0649034212
50,500,dHf,0.8241512750,0.5987740758,-0.2253771992,0.8289632638,-0.2301891880
50,500,dHvap,0.8805390470,0.9735522594,+0.0930132124,0.8826433702,+0.0909088892
50,500,S,0.9163612310,0.9356196762,+0.0192584452,0.9230945086,+0.0125251676
50,500,omega,0.9776949944,0.9742438534,-0.0034511411,0.9763415725,-0.0020977191
51,200,T_B,0.5904004108,0.6391722141,+0.0487718033,0.6594317323,-0.0202595182
51,200,dHf,0.8316643151,0.6135934141,-0.2180709010,0.8337516789,-0.2201582648
51,200,dHvap,0.8839608379,0.9500557163,+0.0660948784,0.8853401809,+0.0647155354
51,200,S,0.9144591695,0.9312708585,+0.0168116890,0.9203528682,+0.0109179903
51,200,omega,0.9798244115,0.9811590860,+0.0013346746,0.9814063275,-0.0002472414
51,500,T_B,0.6580926988,0.8794162453,+0.2213235465,0.5068021732,+0.3726140721
51,500,dHf,0.8404598086,0.6297896337,-0.2106701750,0.7469837792,-0.1171941456
51,500,dHvap,0.8890456758,0.9493913133,+0.0603456375,0.8877299195,+0.0616613939
51,500,S,0.9155295112,0.8979944516,-0.0175350595,0.9162509151,-0.0182564635
51,500,omega,0.9766658851,0.9688423899,-0.0078234951,0.9806953306,-0.0118529407
52,200,T_B,0.6739878695,0.4878143385,-0.1861735309,0.6354376330,-0.1476232945
52,200,dHf,0.8332679870,0.7091131817,-0.1241548053,0.8456350131,-0.1365218313
52,200,dHvap,0.8955467645,0.9450787762,+0.0495320117,0.8630261758,+0.0820526004
52,200,S,0.9194901584,0.8790587885,-0.0404313700,0.9016891387,-0.0226303503
52,200,omega,0.9741193561,0.9549169975,-0.0192023586,0.9787912118,-0.0238742144
52,500,T_B,0.6502292253,0.6900500816,+0.0398208563,0.6522060284,+0.0378440532
52,500,dHf,0.8258495792,0.8693553577,+0.0435057786,0.8385810744,+0.0307742834
52,500,dHvap,0.8922182809,0.9287924919,+0.0365742110,0.8849690576,+0.0438234343
52,500,S,0.9175827949,0.8558123666,-0.0617704283,0.9143128544,-0.0585004878
52,500,omega,0.9784159910,0.9637139484,-0.0147020427,0.9779106468,-0.0141966984
53,200,T_B,0.6287596117,0.4962281910,-0.1325314207,0.5661615339,-0.0699333428
53,200,dHf,0.8288042257,0.7412174365,-0.0875867892,0.8488001296,-0.1075826931
53,200,dHvap,0.8748062503,0.9498736720,+0.0750674218,0.8836731350,+0.0662005370
53,200,S,0.9147350283,0.9155415930,+0.0008065647,0.9181276774,-0.0025860844
53,200,omega,0.9815919070,0.9869468780,+0.0053549710,0.9780950271,+0.0088518509
53,500,T_B,0.6723766175,0.5247096464,-0.1476669711,0.6325288350,-0.1078191886
53,500,dHf,0.8160650219,0.7962046946,-0.0198603273,0.8419133495,-0.0457086549
53,500,dHvap,0.8774279164,0.9416307823,+0.0642028658,0.8904123748,+0.0512184074
53,500,S,0.9191907288,0.9155415930,-0.0036491357,0.9171244990,-0.0015829059
53,500,omega,0.9801082301,0.9824288796,+0.0023206495,0.9776943533,+0.0047345262
54,200,T_B,0.7092741128,0.8052969160,+0.0960228031,0.5613474844,+0.2439494316
54,200,dHf,0.8350674648,0.5873234658,-0.2477439990,0.7155731644,-0.1282496986
54,200,dHvap,0.8925297895,0.9678560850,+0.0753262956,0.8905231874,+0.0773328977
54,200,S,0.9211310570,0.9117400310,-0.0093910260,0.9158506190,-0.0041105881
54,200,omega,0.9740281563,0.9851605796,+0.0111324233,0.9749485148,+0.0102120647
54,500,T_B,0.6598671650,0.8052969160,+0.1454297510,0.6535490224,+0.1517478935
54,500,dHf,0.7826472057,0.5534927991,-0.2291544066,0.8594147567,-0.3059219576
54,500,dHvap,0.8803062674,0.9678560850,+0.0875498177,0.8897044442,+0.0781516409
54,500,S,0.9158291682,0.8912368338,-0.0245923344,0.9117017737,-0.0204649400
54,500,omega,0.9823612647,0.9831878280,+0.0008265634,0.9822891298,+0.0008986983
55,200,T_B,0.6770902508,0.5694661363,-0.1076241145,0.6587621313,-0.0892959951
55,200,dHf,0.8253145374,0.8658491501,+0.0405346126,0.8577424479,+0.0081067022
55,200,dHvap,0.8650953249,0.9519593265,+0.0868640016,0.8474421415,+0.1045171850
55,200,S,0.9122792831,0.9260221569,+0.0137428738,0.9092591124,+0.0167630445
55,200,omega,0.9760513139,0.9830589483,+0.0070076344,0.9731996987,+0.0098592496
55,500,T_B,0.6078743052,0.6607320143,+0.0528577091,0.6745273873,-0.0137953730
55,500,dHf,0.8163742132,0.8658491501,+0.0494749369,0.8193108481,+0.0465383020
55,500,dHvap,0.8711190124,0.9523569931,+0.0812379807,0.8722357940,+0.0801211991
55,500,S,0.9179382740,0.8884541856,-0.0294840884,0.9167182524,-0.0282640669
55,500,omega,0.9776596456,0.9700466231,-0.0076130225,0.9808752162,-0.0108285931
56,200,T_B,0.6828231082,0.6754264180,-0.0073966903,0.5992115296,+0.0762148884
56,200,dHf,0.8383815454,0.8510373555,+0.0126558100,0.8228852525,+0.0281521030
56,200,dHvap,0.8851786285,0.9613412389,+0.0761626103,0.8806392677,+0.0807019712
56,200,S,0.8936726356,0.8936725757,-0.0000000599,0.9194814931,-0.0258089174
56,200,omega,0.9812467298,0.9567312440,-0.0245154858,0.9811152234,-0.0243839794
56,500,T_B,0.6635847337,0.5726826567,-0.0909020769,0.6275288965,-0.0548462398
56,500,dHf,0.8033447928,0.7890445826,-0.0143002102,0.7723556063,+0.0166889763
56,500,dHvap,0.8797888706,0.9613412389,+0.0815523683,0.8946405566,+0.0667006823
56,500,S,0.9185015175,0.9230100628,+0.0045085454,0.9185185815,+0.0044914813
56,500,omega,0.9788097490,0.9619278430,-0.0168819060,0.9808960005,-0.0189681575
57,200,T_B,0.6179962637,0.7984689066,+0.1804726430,0.6074881388,+0.1909807678
57,200,dHf,0.7739323504,0.7037178665,-0.0702144839,0.7974674819,-0.0937496153
57,200,dHvap,0.8946187333,0.9321757308,+0.0375569976,0.8950193910,+0.0371563399
57,200,S,0.9113290369,0.8984675076,-0.0128615293,0.9097158579,-0.0112483503
57,200,omega,0.9744666652,0.9700190225,-0.0044476427,0.9779172029,-0.0078981803
57,500,T_B,0.6467634178,0.7984689066,+0.1517054888,0.5627492467,+0.2357196599
57,500,dHf,0.8097734446,0.7037178665,-0.1060555781,0.7793078155,-0.0755899489
57,500,dHvap,0.8856570178,0.9314651698,+0.0458081521,0.8960582372,+0.0354069326
57,500,S,0.9185698354,0.9120769843,-0.0064928512,0.9181724259,-0.0060954416
57,500,omega,0.9797668180,0.9728029310,-0.0069638870,0.9788766385,-0.0060737076
58,200,T_B,0.4992436270,0.6112836815,+0.1120400546,0.6684502769,-0.0571665954
58,200,dHf,0.7007523901,0.7019944573,+0.0012420673,0.8296952775,-0.1277008202
58,200,dHvap,0.8970036931,0.9491007633,+0.0520970702,0.8905928089,+0.0585079543
58,200,S,0.9243615182,0.9234203510,-0.0009411673,0.9189924694,+0.0044278816
58,200,omega,0.9829199761,0.9710211981,-0.0118987780,0.9786190405,-0.0075978424
58,500,T_B,0.6398579602,0.7316628058,+0.0918048456,0.6339313176,+0.0977314882
58,500,dHf,0.8335183782,0.7085654988,-0.1249528794,0.8296952775,-0.1211297787
58,500,dHvap,0.8823742526,0.9536012909,+0.0712270382,0.8888346205,+0.0647666703
58,500,S,0.9177199248,0.9091360275,-0.0085838973,0.9197161357,-0.0105801082
58,500,omega,0.9757144057,0.9710211981,-0.0046932076,0.9801857976,-0.0091645995
59,200,T_B,0.6541162255,0.4418348069,-0.2122814185,0.6575399615,-0.2157051546
59,200,dHf,0.7445410067,0.7502606620,+0.0057196553,0.8630911383,-0.1128304763
59,200,dHvap,0.8680819051,0.9593436132,+0.0912617081,0.8649634219,+0.0943801913
59,200,S,0.9144067653,0.9124837457,-0.0019230196,0.9105254687,+0.0019582770
59,200,omega,0.9771626716,0.9781268398,+0.0009641682,0.9814846633,-0.0033578235
59,500,T_B,0.7046712205,0.4663616138,-0.2383096067,0.6759702598,-0.2096086460
59,500,dHf,0.8057927254,0.7071765119,-0.0986162135,0.8277750634,-0.1205985515
59,500,dHvap,0.8799547518,0.9494205935,+0.0694658418,0.8886701877,+0.0607504058
59,500,S,0.9153008862,0.9043982773,-0.0109026088,0.9120558987,-0.0076576214
59,500,omega,0.9721417128,0.9845283962,+0.0123866834,0.9756487991,+0.0088795971
60,200,T_B,0.6743045916,0.7858816090,+0.1115770175,0.5920224903,+0.1938591187
60,200,dHf,0.7952594980,0.5131760251,-0.2820834729,0.8434601590,-0.3302841339
60,200,dHvap,0.8724244397,0.9509961685,+0.0785717289,0.8847061117,+0.0662900569
60,200,S,0.9280468923,0.8794016210,-0.0486452712,0.9263581798,-0.0469565588
60,200,omega,0.9779143613,0.9805786574,+0.0026642961,0.9858500336,-0.0052713762
60,500,T_B,0.7128113322,0.6857248477,-0.0270864844,0.6755035276,+0.0102213201
60,500,dHf,0.8549177860,0.6938220206,-0.1610957654,0.8354032528,-0.1415812322
60,500,dHvap,0.8836661669,0.9428628687,+0.0591967018,0.8847061117,+0.0581567571
60,500,S,0.9133164539,0.8934088496,-0.0199076044,0.9251924808,-0.0317836312
60,500,omega,0.9784155619,0.9491107001,-0.0293048619,0.9809325054,-0.0318218053
61,200,T_B,0.6317534185,0.7946560826,+0.1629026641,0.6039027835,+0.1907532991
61,200,dHf,0.8386547431,0.8060753163,-0.0325794268,0.8037507347,+0.0023245816
61,200,dHvap,0.8908215889,0.9737443653,+0.0829227764,0.8833117929,+0.0904325724
61,200,S,0.9261432040,0.9044334737,-0.0217097303,0.9170247811,-0.0125913074
61,200,omega,0.9723942888,0.9550952921,-0.0172989967,0.9689225899,-0.0138272979
61,500,T_B,0.6588924994,0.7946560826,+0.1357635832,0.6637917259,+0.1308643567
61,500,dHf,0.8223805801,0.8431098255,+0.0207292454,0.8291025692,+0.0140072563
61,500,dHvap,0.8819222638,0.9607152864,+0.0787930226,0.8857609253,+0.0749543611
61,500,S,0.9237971294,0.8997634663,-0.0240336631,0.9185179959,-0.0187545296
61,500,omega,0.9805123484,0.9420996747,-0.0384126736,0.9739192407,-0.0318195659
62,200,T_B,0.5072000091,0.3984220297,-0.1087779794,0.6573189448,-0.2588969151
62,200,dHf,0.8328980481,0.6164989616,-0.2163990865,0.8496640353,-0.2331650737
62,200,dHvap,0.8875511222,0.9304462428,+0.0428951206,0.8948559086,+0.0355903341
62,200,S,0.9235054235,0.9337658414,+0.0102604179,0.9228317171,+0.0109341243
62,200,omega,0.9829448724,0.9521830762,-0.0307617962,0.9760841058,-0.0239010296
62,500,T_B,0.6654622702,0.5024198480,-0.1630424222,0.7036849738,-0.2012651257
62,500,dHf,0.8276089361,0.8567255837,+0.0291166476,0.8450984771,+0.0116271066
62,500,dHvap,0.8818218614,0.9584040771,+0.0765822157,0.8916199894,+0.0667840878
62,500,S,0.9126163947,0.9234142749,+0.0107978802,0.9214953694,+0.0019189055
62,500,omega,0.9840351283,0.9667327131,-0.0173024152,0.9805985046,-0.0138657915
63,200,T_B,0.6127575888,0.3626927320,-0.2500648567,0.7166419668,-0.3539492348
63,200,dHf,0.8489801565,0.5834783273,-0.2655018292,0.8588185132,-0.2753401859
63,200,dHvap,0.8869503128,0.9438887367,+0.0569384239,0.8785900139,+0.0652987229
63,200,S,0.9103697936,0.9430158374,+0.0326460438,0.9204174981,+0.0225983393
63,200,omega,0.9856253461,0.9826271944,-0.0029981517,0.9737886112,+0.0088385832
63,500,T_B,0.6009049579,0.6523517067,+0.0514467488,0.6567233087,-0.0043716020
63,500,dHf,0.8454306671,0.6629939093,-0.1824367577,0.8198779923,-0.1568840829
63,500,dHvap,0.8832373625,0.9241460798,+0.0409087173,0.8787645793,+0.0453815005
63,500,S,0.9176991039,0.9325629205,+0.0148638166,0.9189085802,+0.0136543403
63,500,omega,0.9798313219,0.9804071928,+0.0005758709,0.9772026728,+0.0032045200
64,200,T_B,0.7122445702,0.4284936870,-0.2837508832,0.6938642552,-0.2653705683
64,200,dHf,0.8590893312,0.7154571663,-0.1436321648,0.8300154075,-0.1145582412
64,200,dHvap,0.8880546490,0.9718625910,+0.0838079420,0.8687507742,+0.1031118168
64,200,S,0.9200643054,0.9075521892,-0.0125121162,0.9181210243,-0.0105688351
64,200,omega,0.9844888239,0.9719162784,-0.0125725455,0.9818841804,-0.0099679020
64,500,T_B,0.6764601692,0.4284936870,-0.2479664822,0.6680740048,-0.2395803178
64,500,dHf,0.8063194703,0.7152596671,-0.0910598032,0.8168258431,-0.1015661760
64,500,dHvap,0.8989236634,0.9718625910,+0.0729389277,0.8923595120,+0.0795030790
64,500,S,0.9113876634,0.9008221175,-0.0105655459,0.9212218527,-0.0203997352
64,500,omega,0.9813245650,0.9686877995,-0.0126367655,0.9812811989,-0.0125933994
65,200,T_B,0.3552677790,0.3595471339,+0.0042793549,0.6460940958,-0.2865469619
65,200,dHf,0.7350014894,0.5823776150,-0.1526238745,0.8159924445,-0.2336148295
65,200,dHvap,0.8837533627,0.9337404581,+0.0499870954,0.8737378808,+0.0600025773
65,200,S,0.9074396357,0.8946239106,-0.0128157250,0.9197596264,-0.0251357158
65,200,omega,0.9734468950,0.9214256818,-0.0520212132,0.9822761694,-0.0608504875
65,500,T_B,0.6282164661,0.6930915762,+0.0648751102,0.6989869219,-0.0058953457
65,500,dHf,0.7674259839,0.5501048669,-0.2173211170,0.8136451600,-0.2635402932
65,500,dHvap,0.8993548640,0.9349673527,+0.0356124888,0.8890414119,+0.0459259408
65,500,S,0.9186240749,0.8822971786,-0.0363268963,0.9184637483,-0.0361665697
65,500,omega,0.9762598649,0.9288734286,-0.0473864362,0.9821270941,-0.0532536655
66,200,T_B,0.6456443052,0.6725394483,+0.0268951430,0.5272423930,+0.1452970553
66,200,dHf,0.8564892388,0.5388983052,-0.3175909336,0.8241185515,-0.2852202463
66,200,dHvap,0.8914071918,0.9474146645,+0.0560074727,0.9034379032,+0.0439767613
66,200,S,0.9115523803,0.9273134699,+0.0157610895,0.9269561149,+0.0003573549
66,200,omega,0.9803627834,0.9579430284,-0.0224197550,0.9787437858,-0.0208007574
66,500,T_B,0.6488856788,0.6725394483,+0.0236537695,0.6536286933,+0.0189107550
66,500,dHf,0.8359572283,0.6105928179,-0.2253644104,0.8100354902,-0.1994426724
66,500,dHvap,0.8916953582,0.9474146645,+0.0557193062,0.8884184340,+0.0589962304
66,500,S,0.9219704864,0.9016808717,-0.0202896147,0.9174672518,-0.0157863802
66,500,omega,0.9780230069,0.9802374505,+0.0022144437,0.9783401013,+0.0018973493
67,200,T_B,0.7115286126,0.3663159243,-0.3452126883,0.6729530116,-0.3066370874
67,200,dHf,0.8573209133,0.7757802806,-0.0815406327,0.7654640569,+0.0103162238
67,200,dHvap,0.8902277401,0.9642993126,+0.0740715725,0.8720454591,+0.0922538535
67,200,S,0.9288266422,0.9212013814,-0.0076252608,0.9228390888,-0.0016377074
67,200,omega,0.9812771237,0.9818039415,+0.0005268178,0.9805546592,+0.0012492823
67,500,T_B,0.6920502005,0.4001732079,-0.2918769926,0.6539190149,-0.2537458070
67,500,dHf,0.8323897775,0.8460632824,+0.0136735050,0.8208998959,+0.0251633865
67,500,dHvap,0.8802813882,0.9605834656,+0.0803020774,0.8816081825,+0.0789752831
67,500,S,0.9126932811,0.9142824643,+0.0015891832,0.9209031150,-0.0066206508
67,500,omega,0.9825767166,0.9564126361,-0.0261640805,0.9784075579,-0.0219949218
68,200,T_B,0.6465054969,0.3696751248,-0.2768303721,0.4998978984,-0.1302227736
68,200,dHf,0.7663887281,0.6850035312,-0.0813851969,0.6897207902,-0.0047172590
68,200,dHvap,0.8752206264,0.9446540738,+0.0694334474,0.8742830213,+0.0703710525
68,200,S,0.9253731684,0.9273924867,+0.0020193183,0.9192715262,+0.0081209605
68,200,omega,0.9816702016,0.9533984466,-0.0282717550,0.9794988388,-0.0261003922
68,500,T_B,0.6616844982,0.7073210890,+0.0456365908,0.5871459935,+0.1201750955
68,500,dHf,0.8188363551,0.7158822702,-0.1029540849,0.8528514618,-0.1369691916
68,500,dHvap,0.8829244087,0.9342187283,+0.0512943196,0.8803735990,+0.0538451293
68,500,S,0.9197418719,0.8878177108,-0.0319241610,0.9194987020,-0.0316809911
68,500,omega,0.9807258688,0.9863930243,+0.0056671555,0.9775795731,+0.0088134512
69,200,T_B,0.6619512114,0.8041028997,+0.1421516882,0.4783542284,+0.3257486713
69,200,dHf,0.8039194194,0.6870090626,-0.1169103568,0.7440476853,-0.0570386227
69,200,dHvap,0.8992659611,0.9473778657,+0.0481119046,0.8903821010,+0.0569957647
69,200,S,0.9297035281,0.8764544738,-0.0532490542,0.9161676303,-0.0397131565
69,200,omega,0.9782068257,0.9747410831,-0.0034657425,0.9804572088,-0.0057161257
69,500,T_B,0.6452989142,0.8078518235,+0.1625529093,0.6263241352,+0.1815276883
69,500,dHf,0.8499830506,0.7393677565,-0.1106152941,0.8376757603,-0.0983080037
69,500,dHvap,0.8906224461,0.9402820223,+0.0496595762,0.8893444696,+0.0509375526
69,500,S,0.9186035672,0.8848941656,-0.0337094016,0.9178777753,-0.0329836097
69,500,omega,0.9785538186,0.9747410831,-0.0038127355,0.9793590335,-0.0046179504
70,200,T_B,0.6985636896,0.8014184217,+0.1028547321,0.7083033834,+0.0931150383
70,200,dHf,0.8625426169,0.5315479440,-0.3309946729,0.8227828951,-0.2912349511
70,200,dHvap,0.8741754151,0.9578914203,+0.0837160052,0.8801546253,+0.0777367950
70,200,S,0.9111294288,0.9033833455,-0.0077460833,0.9217764573,-0.0183931118
70,200,omega,0.9645280575,0.9803399341,+0.0158118766,0.9811602728,-0.0008203387
70,500,T_B,0.6279285537,0.7408218764,+0.1128933227,0.6542535829,+0.0865682936
70,500,dHf,0.7899206615,0.7508957445,-0.0390249170,0.8040369660,-0.0531412215
70,500,dHvap,0.8951643642,0.9598594490,+0.0646950848,0.8801546253,+0.0797048237
70,500,S,0.9170482094,0.9154085112,-0.0016396983,0.9184037730,-0.0029952618
70,500,omega,0.9801426411,0.9798287461,-0.0003138950,0.9811167631,-0.0012880170
71,200,T_B,0.6929067181,0.5931620120,-0.0997447060,0.7181576734,-0.1249956614
71,200,dHf,0.8479372266,0.5691258142,-0.2788114124,0.8463596028,-0.2772337886
71,200,dHvap,0.8884511497,0.9287744123,+0.0403232626,0.8848777011,+0.0438967112
71,200,S,0.9245770275,0.7933985117,-0.1311785158,0.9130333812,-0.1196348695
71,200,omega,0.9809329698,0.9760318495,-0.0049011204,0.9779851777,-0.0019533283
71,500,T_B,0.6507205428,0.4231105280,-0.2276100148,0.7035705589,-0.2804600309
71,500,dHf,0.8138709425,0.6248332495,-0.1890376930,0.8284452231,-0.2036119736
71,500,dHvap,0.8804079076,0.9734046292,+0.0929967216,0.8831105988,+0.0902940304
71,500,S,0.9170650785,0.9168974238,-0.0001676548,0.9162638079,+0.0006336159
71,500,omega,0.9797648266,0.9585942346,-0.0211705920,0.9773278321,-0.0187335975
72,200,T_B,0.5689748841,0.2971505655,-0.2718243185,0.6434456120,-0.3462950464
72,200,dHf,0.8288641162,0.6695667247,-0.1592973915,0.8604607675,-0.1908940428
72,200,dHvap,0.8907409932,0.9544584240,+0.0637174308,0.8906557077,+0.0638027164
72,200,S,0.9035470125,0.8731690553,-0.0303779572,0.9217009317,-0.0485318764
72,200,omega,0.9769803810,0.9819703659,+0.0049899849,0.9825412611,-0.0005708952
72,500,T_B,0.6537895981,0.6596440267,+0.0058544285,0.6384625501,+0.0211814766
72,500,dHf,0.8181825103,0.6844490208,-0.1337334895,0.7934275354,-0.1089785147
72,500,dHvap,0.8888869006,0.9660279660,+0.0771410654,0.8858056788,+0.0802222872
72,500,S,0.9154507805,0.9334833580,+0.0180325775,0.9165513849,+0.0169319731
72,500,omega,0.9817352697,0.9819703659,+0.0002350962,0.9825412611,-0.0005708952
73,200,T_B,0.6676655655,0.6702694739,+0.0026039084,0.5898902585,+0.0803792153
73,200,dHf,0.8224521460,0.6699969739,-0.1524551722,0.7483856706,-0.0783886967
73,200,dHvap,0.8929641132,0.9707394765,+0.0777753633,0.8951732265,+0.0755662500
73,200,S,0.9245781446,0.8457654150,-0.0788127296,0.9158581507,-0.0700927357
73,200,omega,0.9775305256,0.9749235208,-0.0026070047,0.9755861305,-0.0006626096
73,500,T_B,0.6938220984,0.4861433752,-0.2076787232,0.6445224275,-0.1583790523
73,500,dHf,0.8138353864,0.5956861958,-0.2181491906,0.8224521460,-0.2267659503
73,500,dHvap,0.8845877258,0.9674528221,+0.0828650962,0.8929270821,+0.0745257400
73,500,S,0.9139683073,0.9313627390,+0.0173944317,0.9185383487,+0.0128243903
73,500,omega,0.9777162876,0.9728341660,-0.0048821216,0.9795977261,-0.0067635601
74,200,T_B,0.6959619471,0.7059433279,+0.0099813809,0.6368426105,+0.0691007175
74,200,dHf,0.8503731527,0.7313782891,-0.1189948636,0.8238063456,-0.0924280565
74,200,dHvap,0.8717647366,0.9465344109,+0.0747696743,0.8811131374,+0.0654212736
74,200,S,0.9124840186,0.9076473325,-0.0048366861,0.9201294487,-0.0124821161
74,200,omega,0.9756320477,0.9760915050,+0.0004594574,0.9828212833,-0.0067297783
74,500,T_B,0.6311714079,0.7678606702,+0.1366892623,0.6732302735,+0.0946303967
74,500,dHf,0.8546139002,0.7839423669,-0.0706715333,0.8327549956,-0.0488126287
74,500,dHvap,0.8908972610,0.9462927688,+0.0553955078,0.8815087086,+0.0647840602
74,500,S,0.9217449963,0.9109665124,-0.0107784840,0.9144121745,-0.0034456621
74,500,omega,0.9784109988,0.9730671069,-0.0053438919,0.9771465682,-0.0040794613
75,200,T_B,0.6929153060,0.5633180618,-0.1295972442,0.6636103578,-0.1002922960
75,200,dHf,0.7934045928,0.8142791429,+0.0208745501,0.8482181945,-0.0339390516
75,200,dHvap,0.8893745524,0.9279452414,+0.0385706890,0.8867846938,+0.0411605476
75,200,S,0.9152241863,0.9147054033,-0.0005187829,0.9130920671,+0.0016133362
75,200,omega,0.9741293501,0.9568622925,-0.0172670575,0.9799047720,-0.0230424795
75,500,T_B,0.6436591269,0.8217172037,+0.1780580768,0.6626493748,+0.1590678290
75,500,dHf,0.8176264981,0.8300622374,+0.0124357393,0.8185946347,+0.0114676027
75,500,dHvap,0.8911647704,0.9325429074,+0.0413781369,0.8867846938,+0.0457582136
75,500,S,0.9186899328,0.9151919709,-0.0034979619,0.9172685020,-0.0020765311
75,500,omega,0.9817365418,0.9605576072,-0.0211789346,0.9795423548,-0.0189847476
76,200,T_B,0.7132438435,0.8078724439,+0.0946286004,0.4650447075,+0.3428277363
76,200,dHf,0.8544335783,0.8209756640,-0.0334579142,0.6261221250,+0.1948535391
76,200,dHvap,0.8744482718,0.9530818639,+0.0786335921,0.8843474453,+0.0687344186
76,200,S,0.9068284975,0.9108004409,+0.0039719434,0.9196770267,-0.0088765859
76,200,omega,0.9791369233,0.9829052927,+0.0037683694,0.9819691685,+0.0009361243
76,500,T_B,0.6394952655,0.8078724439,+0.1683771783,0.6581369817,+0.1497354622
76,500,dHf,0.8180091438,0.7991538280,-0.0188553158,0.8174547317,-0.0183009037
76,500,dHvap,0.8927231472,0.9537013592,+0.0609782120,0.8760171247,+0.0776842346
76,500,S,0.9221995013,0.9108004409,-0.0113990604,0.9196770267,-0.0088765859
76,500,omega,0.9797198301,0.9867653988,+0.0070455686,0.9822488559,+0.0045165428
77,200,T_B,0.6647792436,0.6371692663,-0.0276099774,0.6650148449,-0.0278455787
77,200,dHf,0.8038126163,0.7240801540,-0.0797324623,0.8319359753,-0.1078558213
77,200,dHvap,0.8769605175,0.9657837558,+0.0888232383,0.8855882936,+0.0801954622
77,200,S,0.9310618593,0.9330515086,+0.0019896493,0.9171736233,+0.0158778853
77,200,omega,0.9806973548,0.9792911845,-0.0014061703,0.9839625178,-0.0046713333
77,500,T_B,0.6547270312,0.7142176650,+0.0594906338,0.6650148449,+0.0492028201
77,500,dHf,0.8294201306,0.6905478043,-0.1388723264,0.8256315220,-0.1350837177
77,500,dHvap,0.8862783672,0.9657837558,+0.0795053886,0.8817060918,+0.0840776640
77,500,S,0.9140135212,0.9228277378,+0.0088142165,0.9207929466,+0.0020347912
77,500,omega,0.9781694470,0.9755853976,-0.0025840494,0.9781720500,-0.0025866524
78,200,T_B,0.6654850633,0.7762219446,+0.1107368813,0.6950843529,+0.0811375917
78,200,dHf,0.8397215569,0.6621415580,-0.1775799989,0.8466217339,-0.1844801759
78,200,dHvap,0.8623330609,0.9579526613,+0.0956196004,0.8743013812,+0.0836512801
78,200,S,0.9237781062,0.8356498051,-0.0881283011,0.9129690527,-0.0773192477
78,200,omega,0.9718355812,0.9255408243,-0.0462947569,0.9852877703,-0.0597469460
78,500,T_B,0.6668549896,0.6681307283,+0.0012757386,0.6398270674,+0.0283036609
78,500,dHf,0.8047100191,0.8738389754,+0.0691289564,0.8422244962,+0.0316144792
78,500,dHvap,0.8827525405,0.9536506451,+0.0708981045,0.8679982688,+0.0856523763
78,500,S,0.9231461299,0.9136182972,-0.0095278327,0.9179528651,-0.0043345679
78,500,omega,0.9821888795,0.9436157543,-0.0385731252,0.9852877703,-0.0416720160
79,200,T_B,0.6879722032,0.3293990883,-0.3585731149,0.7226578622,-0.3932587739
79,200,dHf,0.8453974816,0.6606575398,-0.1847399417,0.8581385810,-0.1974810412
79,200,dHvap,0.8715849952,0.9566713983,+0.0850864031,0.8689116190,+0.0877597793
79,200,S,0.9185284633,0.9276388611,+0.0091103978,0.9222615556,+0.0053773055
79,200,omega,0.9693974602,0.9651230463,-0.0042744139,0.9775159720,-0.0123929257
79,500,T_B,0.6729539192,0.6482661790,-0.0246877403,0.6936259864,-0.0453598075
79,500,dHf,0.8061783817,0.4793759325,-0.3268024492,0.8372182412,-0.3578423087
79,500,dHvap,0.8947569285,0.9678888043,+0.0731318759,0.8831591302,+0.0847296742
79,500,S,0.9171879213,0.8898850923,-0.0273028290,0.9185060446,-0.0286209523
79,500,omega,0.9792631182,0.9679786329,-0.0112844853,0.9788541502,-0.0108755173
80,200,T_B,0.5915621063,0.5015739626,-0.0899881437,0.6980266793,-0.1964527167
80,200,dHf,0.8307879976,0.4844248071,-0.3463631905,0.8513533891,-0.3669285819
80,200,dHvap,0.8929531631,0.9552536539,+0.0623004909,0.8846012842,+0.0706523698
80,200,S,0.9302358000,0.8955705030,-0.0346652970,0.9228516703,-0.0272811673
80,200,omega,0.9788761293,0.9551523336,-0.0237237957,0.9794034341,-0.0242511005
80,500,T_B,0.6494375753,0.4333596179,-0.2160779574,0.6840594063,-0.2506997884
80,500,dHf,0.7647911089,0.8068549947,+0.0420638858,0.8231965747,-0.0163415800
80,500,dHvap,0.8849394665,0.9440892779,+0.0591498115,0.8838130883,+0.0602761896
80,500,S,0.9188255325,0.8851276445,-0.0336978880,0.9220164457,-0.0368888013
80,500,omega,0.9762458851,0.9673897026,-0.0088561826,0.9787206431,-0.0113309405
81,200,T_B,0.7102446520,0.3888610222,-0.3213836297,0.6569062325,-0.2680452103
81,200,dHf,0.8300235133,0.8331289245,+0.0031054112,0.8359999812,-0.0028710567
81,200,dHvap,0.8863521402,0.9582809812,+0.0719288410,0.8908469547,+0.0674340265
81,200,S,0.9267547418,0.8479921039,-0.0787626379,0.9166727872,-0.0686806833
81,200,omega,0.9841162177,0.9673710062,-0.0167452115,0.9746081663,-0.0072371601
81,500,T_B,0.6669049868,0.7801172541,+0.1132122673,0.6569062325,+0.1232110216
81,500,dHf,0.8287563947,0.8565122996,+0.0277559049,0.8351672621,+0.0213450374
81,500,dHvap,0.8976412451,0.9602557285,+0.0626144834,0.8908469547,+0.0694087738
81,500,S,0.9151429619,0.8948117029,-0.0203312590,0.9173140701,-0.0225023671
81,500,omega,0.9782406089,0.9671971531,-0.0110434559,0.9771944499,-0.0099972968
82,200,T_B,0.7077903917,0.8019681483,+0.0941777566,0.5477257638,+0.2542423846
82,200,dHf,0.8555023060,0.6984759821,-0.1570263239,0.8144228325,-0.1159468503
82,200,dHvap,0.8793395624,0.9568265730,+0.0774870106,0.8923982857,+0.0644282872
82,200,S,0.9182028772,0.8537930395,-0.0644098377,0.9134671362,-0.0596740967
82,200,omega,0.9752256482,0.9856639465,+0.0104382982,0.9824396127,+0.0032243337
82,500,T_B,0.6276535654,0.8378538472,+0.2102002818,0.6609785489,+0.1768752983
82,500,dHf,0.8384088910,0.5033615111,-0.3350473799,0.8606814341,-0.3573199230
82,500,dHvap,0.8968467731,0.9630331219,+0.0661863488,0.8847026102,+0.0783305117
82,500,S,0.9150170446,0.9009394233,-0.0140776213,0.9113834926,-0.0104440693
82,500,omega,0.9752067883,0.9856639465,+0.0104571582,0.9810459958,+0.0046179507
83,200,T_B,0.6735319485,0.5335620689,-0.1399698795,0.6430191386,-0.1094570696
83,200,dHf,0.8252590519,0.5596593117,-0.2655997402,0.6740780542,-0.1144187425
83,200,dHvap,0.8968289357,0.9483478799,+0.0515189442,0.8893372040,+0.0590106758
83,200,S,0.9210258198,0.8526112187,-0.0684146011,0.9192801352,-0.0666689166
83,200,omega,0.9796198188,0.9747103360,-0.0049094828,0.9790033429,-0.0042930070
83,500,T_B,0.6855665889,0.6083884930,-0.0771780959,0.6312765951,-0.0228881021
83,500,dHf,0.8062157220,0.4792593588,-0.3269563633,0.8356691647,-0.3564098060
83,500,dHvap,0.8902980420,0.9490198038,+0.0587217619,0.8862246029,+0.0627952010
83,500,S,0.9194025241,0.8911370848,-0.0282654393,0.9167790437,-0.0256419589
83,500,omega,0.9772013803,0.9747103360,-0.0024910443,0.9796198188,-0.0049094828
84,200,T_B,0.4234615865,0.7610274009,+0.3375658144,0.5799652684,+0.1810621325
84,200,dHf,0.6650711695,0.6918535093,+0.0267823397,0.8473690415,-0.1555155322
84,200,dHvap,0.8952653706,0.9500932427,+0.0548278721,0.8984065781,+0.0516866645
84,200,S,0.9150451681,0.8249245966,-0.0901205716,0.9094424632,-0.0845178666
84,200,omega,0.9815816166,0.9833085380,+0.0017269213,0.9833558263,-0.0000472883
84,500,T_B,0.6404641278,0.7066330591,+0.0661689313,0.6546822188,+0.0519508402
84,500,dHf,0.8580794013,0.8679276663,+0.0098482650,0.8265086513,+0.0414190149
84,500,dHvap,0.8954047564,0.9639615065,+0.0685567502,0.8924792231,+0.0714822834
84,500,S,0.9158189593,0.8813584625,-0.0344604968,0.9187820722,-0.0374236097
84,500,omega,0.9762700052,0.9731843510,-0.0030856542,0.9779577703,-0.0047734193
85,200,T_B,0.7227660465,0.1991233665,-0.5236426799,0.4703173549,-0.2711939884
85,200,dHf,0.8601834370,0.6435273876,-0.2166560494,0.7079776584,-0.0644502708
85,200,dHvap,0.8886359341,0.9666177780,+0.0779818439,0.8787988392,+0.0878189387
85,200,S,0.9208593773,0.9355552541,+0.0146958768,0.9111317829,+0.0244234712
85,200,omega,0.9801730531,0.9841252570,+0.0039522039,0.9772153215,+0.0069099355
85,500,T_B,0.6716766014,0.4449358405,-0.2267407609,0.6329497934,-0.1880139529
85,500,dHf,0.8256643142,0.5687778141,-0.2568865001,0.8571359330,-0.2883581189
85,500,dHvap,0.8834708111,0.9542007725,+0.0707299613,0.8790763667,+0.0751244058
85,500,S,0.9139054512,0.9059782484,-0.0079272028,0.9162219151,-0.0102436667
85,500,omega,0.9789752705,0.9744310062,-0.0045442642,0.9764874029,-0.0020563967
86,200,T_B,0.5778072606,0.3443269596,-0.2334803011,0.5735303248,-0.2292033652
86,200,dHf,0.8448501962,0.5241106940,-0.3207395022,0.8489800806,-0.3248693866
86,200,dHvap,0.8733966663,0.9597510324,+0.0863543660,0.8642188890,+0.0955321434
86,200,S,0.9081734326,0.8446895888,-0.0634838438,0.9075665591,-0.0628769703
86,200,omega,0.9722065317,0.9147711865,-0.0574353452,0.9810186803,-0.0662474938
86,500,T_B,0.5906546837,0.6630606502,+0.0724059665,0.5866704350,+0.0763902152
86,500,dHf,0.7303055403,0.5167441866,-0.2135613538,0.8027231194,-0.2859789328
86,500,dHvap,0.8915852207,0.9497242278,+0.0581390071,0.8746959756,+0.0750282522
86,500,S,0.9161254277,0.8603818936,-0.0557435341,0.9152278922,-0.0548459987
86,500,omega,0.9755737669,0.9419017699,-0.0336719969,0.9800434876,-0.0381417177
87,200,T_B,0.7114380718,0.8272736219,+0.1158355502,0.5280825246,+0.2991910973
87,200,dHf,0.8584778807,0.4979421366,-0.3605357441,0.7020132054,-0.2040710689
87,200,dHvap,0.8908379632,0.9563284436,+0.0654904803,0.8848579350,+0.0714705085
87,200,S,0.9280764932,0.8925513202,-0.0355251730,0.9198897596,-0.0273384395
87,200,omega,0.9794749319,0.9107684622,-0.0687064697,0.9833188864,-0.0725504242
87,500,T_B,0.6422806806,0.7485323854,+0.1062517048,0.6500539382,+0.0984784472
87,500,dHf,0.8221003212,0.4979421366,-0.3241581847,0.7888227077,-0.2908805711
87,500,dHvap,0.8699591800,0.9589971838,+0.0890380038,0.8851950651,+0.0738021187
87,500,S,0.9174078358,0.8833763264,-0.0340315094,0.9214677325,-0.0380914061
87,500,omega,0.9779409034,0.9664036711,-0.0115372323,0.9809963790,-0.0145927079
88,200,T_B,0.6970034008,0.8522001270,+0.1551967262,0.6630475215,+0.1891526055
88,200,dHf,0.8489927986,0.7979484527,-0.0510443459,0.8404786900,-0.0425302373
88,200,dHvap,0.8820347657,0.9595248150,+0.0774900493,0.8860501824,+0.0734746327
88,200,S,0.9220068586,0.9110105391,-0.0109963194,0.9227497528,-0.0117392136
88,200,omega,0.9785268876,0.9675262364,-0.0110006512,0.9803101311,-0.0127838947
88,500,T_B,0.6892228851,0.8522001270,+0.1629772419,0.6312522532,+0.2209478738
88,500,dHf,0.8190052555,0.7979484527,-0.0210568028,0.8117603110,-0.0138118583
88,500,dHvap,0.8846727448,0.9705874840,+0.0859147393,0.8875803731,+0.0830071109
88,500,S,0.9193057362,0.9115899772,-0.0077157591,0.9149582795,-0.0033683023
88,500,omega,0.9809805864,0.9556514403,-0.0253291462,0.9781158042,-0.0224643640
89,200,T_B,0.6506027951,0.6919491544,+0.0413463593,0.6497976142,+0.0421515402
89,200,dHf,0.8013710014,0.7600343178,-0.0413366835,0.8020087985,-0.0419744807
89,200,dHvap,0.8857346618,0.9401260266,+0.0543913648,0.8747193837,+0.0654066429
89,200,S,0.9173115774,0.8942275292,-0.0230840482,0.9241625801,-0.0299350510
89,200,omega,0.9850971635,0.9652044516,-0.0198927119,0.9798200901,-0.0146156385
89,500,T_B,0.6425693253,0.7537399128,+0.1111705875,0.6650120212,+0.0887278916
89,500,dHf,0.8365410320,0.6582570035,-0.1782840285,0.7816641880,-0.1234071845
89,500,dHvap,0.8886533934,0.9432508335,+0.0545974400,0.8874366870,+0.0558141465
89,500,S,0.9146294071,0.8864703719,-0.0281590352,0.9253332337,-0.0388628619
89,500,omega,0.9797690613,0.9723067191,-0.0074623422,0.9776717140,-0.0053649949
90,200,T_B,0.6158108715,0.7438893681,+0.1280784966,0.6795517153,+0.0643376527
90,200,dHf,0.7899633860,0.5969349202,-0.1930284659,0.8173559761,-0.2204210559
90,200,dHvap,0.8980659906,0.9386017473,+0.0405357567,0.8809182401,+0.0576835072
90,200,S,0.9220156321,0.9403223083,+0.0183066762,0.9255583269,+0.0147639814
90,200,omega,0.9799827488,0.9513799082,-0.0286028406,0.9632518513,-0.0118719431
90,500,T_B,0.6250875952,0.7187327862,+0.0936451909,0.6723941503,+0.0463386359
90,500,dHf,0.8386008608,0.5791712895,-0.2594295713,0.8190446350,-0.2398733455
90,500,dHvap,0.8872747311,0.9109860694,+0.0237113383,0.8856813200,+0.0253047493
90,500,S,0.9151667939,0.9248690853,+0.0097022915,0.9262066093,-0.0013375240
90,500,omega,0.9782768107,0.9492222052,-0.0290546055,0.9785335978,-0.0293113926
91,200,T_B,0.6962272500,0.7576398515,+0.0614126015,0.6995122624,+0.0581275891
91,200,dHf,0.8609984509,0.5724744661,-0.2885239847,0.8397984108,-0.2673239446
91,200,dHvap,0.8808035819,0.9414838685,+0.0606802866,0.8726121471,+0.0688717214
91,200,S,0.9233890444,0.9054905775,-0.0178984669,0.9156784036,-0.0101878261
91,200,omega,0.9738463185,0.9702298806,-0.0036164379,0.9740889326,-0.0038590520
91,500,T_B,0.6578101722,0.6373181073,-0.0204920649,0.6952924989,-0.0579743917
91,500,dHf,0.8393028433,0.8682691111,+0.0289662678,0.8352305589,+0.0330385522
91,500,dHvap,0.8861847566,0.9721061934,+0.0859214368,0.8739322071,+0.0981739863
91,500,S,0.9175835973,0.9155034694,-0.0020801279,0.9174944982,-0.0019910288
91,500,omega,0.9769323835,0.9743987664,-0.0025336171,0.9723971127,+0.0020016537
92,200,T_B,0.6738560677,0.5624231520,-0.1114329157,0.3336259809,+0.2287971711
92,200,dHf,0.8100534854,0.7943272727,-0.0157262127,0.7278747937,+0.0664524790
92,200,dHvap,0.8863482783,0.9582938666,+0.0719455883,0.8776087327,+0.0806851339
92,200,S,0.9320414209,0.8000472333,-0.1319941876,0.9146169295,-0.1145696962
92,200,omega,0.9825125286,0.9704299927,-0.0120825358,0.9787605242,-0.0083305315
92,500,T_B,0.6480576241,0.7526572734,+0.1045996493,0.6752415413,+0.0774157321
92,500,dHf,0.8356459801,0.6079505511,-0.2276954291,0.8254945130,-0.2175439620
92,500,dHvap,0.8810714769,0.9576677648,+0.0765962879,0.8851596318,+0.0725081330
92,500,S,0.9170614688,0.9026820015,-0.0143794672,0.9153171403,-0.0126351388
92,500,omega,0.9651425433,0.9704299927,+0.0052874495,0.9769049875,-0.0064749948
93,200,T_B,0.6978472196,0.6523610602,-0.0454861595,0.6441373815,+0.0082236787
93,200,dHf,0.8331892915,0.6694480955,-0.1637411960,0.7958117400,-0.1263636445
93,200,dHvap,0.8637771488,0.9408638501,+0.0770867013,0.8878505058,+0.0530133444
93,200,S,0.9140679850,0.9151414369,+0.0010734518,0.9151461777,-0.0000047409
93,200,omega,0.9814764235,0.9817174279,+0.0002410044,0.9717748139,+0.0099426140
93,500,T_B,0.6398284567,0.6919142296,+0.0520857729,0.6646101217,+0.0273041079
93,500,dHf,0.8278065774,0.7957397306,-0.0320668469,0.8375402118,-0.0418004812
93,500,dHvap,0.8772904123,0.9381834321,+0.0608930197,0.8671727659,+0.0710106662
93,500,S,0.9242865030,0.8928673780,-0.0314191250,0.9142366033,-0.0213692253
93,500,omega,0.9784300970,0.9817174279,+0.0032873308,0.9816870869,+0.0000303410
94,200,T_B,0.6883383343,0.2379268192,-0.4504115151,0.6609920484,-0.4230652292
94,200,dHf,0.8589209988,0.6021629359,-0.2567580630,0.7954319703,-0.1932690344
94,200,dHvap,0.8701572629,0.9563426254,+0.0861853625,0.8894721054,+0.0668705200
94,200,S,0.9252899118,0.8843135717,-0.0409763401,0.9149071863,-0.0305936147
94,200,omega,0.9757546392,0.9647017058,-0.0110529334,0.9755838223,-0.0108821165
94,500,T_B,0.6601398322,0.6258128634,-0.0343269688,0.6572275130,-0.0314146497
94,500,dHf,0.8624325879,0.7674211317,-0.0950114562,0.8024197670,-0.0349986353
94,500,dHvap,0.8928328749,0.9567374010,+0.0639045261,0.8966452799,+0.0600921211
94,500,S,0.9192993579,0.8843135717,-0.0349857862,0.9253216631,-0.0410080914
94,500,omega,0.9798597196,0.9723729578,-0.0074867618,0.9808369673,-0.0084640095
95,200,T_B,0.6376017893,0.4638773710,-0.1737244183,0.6884927057,-0.2246153347
95,200,dHf,0.8049291470,0.6497715809,-0.1551575661,0.8557103191,-0.2059387382
95,200,dHvap,0.8927262595,0.9481589877,+0.0554327282,0.8802558073,+0.0679031804
95,200,S,0.9245538612,0.8488647183,-0.0756891429,0.9268592762,-0.0779945579
95,200,omega,0.9825948910,0.9777528576,-0.0048420334,0.9817955172,-0.0040426596
95,500,T_B,0.6496321808,0.8246453413,+0.1750131605,0.6466470480,+0.1779982933
95,500,dHf,0.8065272755,0.8389026259,+0.0323753503,0.8391306535,-0.0002280276
95,500,dHvap,0.8764599192,0.9481589877,+0.0716990685,0.8973112295,+0.0508477582
95,500,S,0.9161964294,0.9187465583,+0.0025501289,0.9219917513,-0.0032451930
95,500,omega,0.9769020205,0.9777528576,+0.0008508371,0.9802073601,-0.0024545025
96,200,T_B,0.7041808215,0.3152087013,-0.3889721201,0.6413503363,-0.3261416349
96,200,dHf,0.8532702531,0.5702156586,-0.2830545945,0.8565916941,-0.2863760355
96,200,dHvap,0.8876704165,0.9600656958,+0.0723952792,0.8810503872,+0.0790153086
96,200,S,0.9286522359,0.8934994143,-0.0351528216,0.9151278109,-0.0216283966
96,200,omega,0.9812677327,0.9795837678,-0.0016839649,0.9751406547,+0.0044431131
96,500,T_B,0.6443837316,0.3372628854,-0.3071208462,0.6399267270,-0.3026638416
96,500,dHf,0.8012049147,0.7086931918,-0.0925117229,0.8249824134,-0.1162892216
96,500,dHvap,0.8843803677,0.9458938816,+0.0615135139,0.8801590888,+0.0657347928
96,500,S,0.9143554867,0.8738261857,-0.0405293010,0.9169946496,-0.0431684639
96,500,omega,0.9786402767,0.9754642701,-0.0031760067,0.9805437122,-0.0050794421
97,200,T_B,0.6832346517,0.8209018182,+0.1376671665,0.6608385661,+0.1600632520
97,200,dHf,0.8590544497,0.8300092271,-0.0290452227,0.8416398990,-0.0116306719
97,200,dHvap,0.8888275700,0.9240892126,+0.0352616426,0.8989189627,+0.0251702499
97,200,S,0.9151669892,0.9256920024,+0.0105250132,0.9176827555,+0.0080092469
97,200,omega,0.9787477248,0.9613192082,-0.0174285166,0.9665132716,-0.0051940635
97,500,T_B,0.6497437795,0.7776090355,+0.1278652560,0.6367379011,+0.1408711344
97,500,dHf,0.8633794727,0.8300092271,-0.0333702456,0.8401856435,-0.0101764164
97,500,dHvap,0.8832418422,0.9531546870,+0.0699128448,0.8725733158,+0.0805813712
97,500,S,0.9181588785,0.8930366337,-0.0251222448,0.9155570526,-0.0225204189
97,500,omega,0.9774140848,0.9704012013,-0.0070128835,0.9815234185,-0.0111222172
98,200,T_B,0.6831989713,0.4176630179,-0.2655359534,0.5654782228,-0.1478152049
98,200,dHf,0.8452558542,0.6868445680,-0.1584112863,0.8507273234,-0.1638827555
98,200,dHvap,0.8953395634,0.9526096061,+0.0572700426,0.8952283009,+0.0573813052
98,200,S,0.9185194121,0.8378088506,-0.0807105615,0.9246602005,-0.0868513499
98,200,omega,0.9853146199,0.9744916700,-0.0108229498,0.9759334226,-0.0014417525
98,500,T_B,0.6752244586,0.7687830170,+0.0935585584,0.5991751931,+0.1696078239
98,500,dHf,0.8136706381,0.5862528022,-0.2274178359,0.7854300697,-0.1991772675
98,500,dHvap,0.8918421801,0.9568328243,+0.0649906441,0.8931667158,+0.0636661085
98,500,S,0.9148483253,0.9176583498,+0.0028100246,0.9147285794,+0.0029297704
98,500,omega,0.9787821797,0.9730110001,-0.0057711796,0.9809896498,-0.0079786497
99,200,T_B,0.5304173202,0.6018333756,+0.0714160554,0.6369797563,-0.0351463807
99,200,dHf,0.7225005047,0.6759738365,-0.0465266682,0.8389279639,-0.1629541274
99,200,dHvap,0.8962906432,0.9532498164,+0.0569591732,0.8726035490,+0.0806462674
99,200,S,0.9070086940,0.8790333678,-0.0279753262,0.9222592509,-0.0432258831
99,200,omega,0.9816382692,0.9670630818,-0.0145751874,0.9822232811,-0.0151601992
99,500,T_B,0.6915808045,0.5016683352,-0.1899124693,0.6236485274,-0.1219801922
99,500,dHf,0.8246086480,0.6846287263,-0.1399799217,0.8208756917,-0.1362469654
99,500,dHvap,0.8852155291,0.9495338758,+0.0643183467,0.8843589097,+0.0651749661
99,500,S,0.9220155912,0.8796010781,-0.0424145131,0.9185206618,-0.0389195836
99,500,omega,0.9734185585,0.9576473832,-0.0157711753,0.9813228151,-0.0236754319
