index,SS_fgd,Abr_fgd,ratio
M1,0.0566307365,0.1336157424,0.4238328174
M2,0.0922343110,0.2442750961,0.3775837671
HM,0.1255507560,0.3125834125,0.4016552094
mM2,0.0515899896,0.1176807298,0.4383894430
R,0.0263554627,0.0588202900,0.4480675404
chi,0.0263776149,0.0591056634,0.4462789754
H/2,0.0515911293,0.1142936585,0.4513910043
ISI,0.0226474972,0.0596752684,0.3795122808
GA,0.0241308879,0.0535450839,0.4506648630
AG,0.0255662075,0.0579110839,0.4414734753
"LO(0,0,1)",0.0624196553,0.1367486897,0.4564552353
"LO(0,0,2)",0.1256729332,0.2744700180,0.4578749043
