index,quantity,published_BarmanDas2026_Table10_decane,ours,ours_rounded_4dp,abs_diff_rounded,agreement
M1,SS,0.0566,0.0566307365,0.0566,0.0000,exact_at_4dp
M1,Abr,0.1336,0.1336157424,0.1336,0.0000,exact_at_4dp
mM2,SS,0.0516,0.0515899896,0.0516,0.0000,exact_at_4dp
mM2,Abr,0.1177,0.1176807298,0.1177,0.0000,exact_at_4dp
R,SS,0.0263,0.0263554627,0.0264,0.0001,within_1_unit_4th_dp
R,Abr,0.0588,0.0588202900,0.0588,0.0000,exact_at_4dp
chi,SS,0.0264,0.0263776149,0.0264,0.0000,exact_at_4dp
chi,Abr,0.0591,0.0591056634,0.0591,0.0000,exact_at_4dp
H/2,SS,0.0515,0.0515911293,0.0516,0.0001,within_1_unit_4th_dp
H/2,Abr,0.1143,0.1142936585,0.1143,0.0000,exact_at_4dp
GA,SS,0.0241,0.0241308879,0.0241,0.0000,exact_at_4dp
GA,Abr,0.0535,0.0535450839,0.0535,0.0000,exact_at_4dp
AG,SS,0.0255,0.0255662075,0.0256,0.0001,within_1_unit_4th_dp
AG,Abr,0.0579,0.0579110839,0.0579,0.0000,exact_at_4dp
