index,T_B,dHf,dHvap,S,omega,best_in
M1,-0.7180987560,-0.7623221006,-0.9353729341,-0.9699747979,-0.9702085527,
M2,-0.4972511299,-0.5421033830,-0.8108650886,-0.9337999067,-0.9876015088*,omega
HM,-0.6543780161,-0.7102574149,-0.9033030313,-0.9710005260*,-0.9822501738,S
mM2,+0.8552368952*,+0.8905026201*,+0.9252516911,+0.8630765625,+0.7937056605,T_B; dHf
R,+0.8191658288,+0.8504657821,+0.9578597370,+0.9322008265,+0.8977835504,
chi,+0.8004839494,+0.8315535571,+0.9607937953,+0.9468925963,+0.9240126027,
H/2,+0.8206344592,+0.8485080109,+0.9605123260,+0.9316338004,+0.9001256225,
ISI,-0.0051925652,-0.0002049102,-0.3827324516,-0.5925164253,-0.7377013325,
GA,+0.8215287575,+0.8584429390,+0.9651194948,+0.9393611380,+0.9062556219,
AG,-0.8156614779,-0.8586909832,-0.9568587820,-0.9383613048,-0.8997484112,
"LO(0,0,1)",-0.8276777105,-0.8315685867,-0.9838407051*,-0.9280336832,-0.9293809949,dHvap
"LO(0,0,2)",-0.8293883570,-0.8459373141,-0.9812526655,-0.9369079566,-0.9250291972,
