index,SS,Abr,SA
M1,0.0750272923,0.3444881890,0.2177935114
M2,0.1098330069,0.5236432878,0.2097477605
HM,0.1572266881,0.7236388697,0.2172723089
mM2,0.0747412298,0.3162888772,0.2363068550
R,0.0362674889,0.1660144273,0.2184598623
chi,0.0355686271,0.1655201641,0.2148899943
H/2,0.0702988951,0.3235098938,0.2173006032
ISI,0.0257919329,0.1020537411,0.2527289316
GA,0.0329623956,0.1489424614,0.2213095935
AG,0.0355150377,0.1588055650,0.2236384959
"LO(0,0,1)",0.0831071479,0.4056907859,0.2048534272
"LO(0,0,2)",0.1653793749,0.7901443718,0.2093027310
