n,graph_set,N_trees,distinct_BID_profiles,M1,M2,HM,mM2,R,chi,H2,ISI,GA,AG,LO001,LO002
7,all_trees,11,11,7,9,11,10,11,11,10,9,11,11,11,11
7,molecular,9,9,5,7,9,8,9,9,8,7,9,9,9,9
8,all_trees,23,21,9,17,20,18,21,21,19,18,21,21,21,21
8,molecular,18,16,6,13,15,13,16,16,14,13,16,16,16,16
9,all_trees,47,40,13,22,37,32,40,40,38,36,40,40,40,40
9,molecular,35,28,7,16,26,20,28,28,26,24,28,28,28,28
10,all_trees,106,79,18,35,66,56,79,77,70,67,79,79,79,79
10,molecular,75,49,8,21,39,29,49,47,41,39,49,49,49,49
11,all_trees,235,152,21,43,106,93,152,147,129,125,152,152,152,152
11,molecular,159,83,9,25,53,42,83,78,66,63,83,83,83,83
12,all_trees,551,294,27,57,153,160,294,281,237,225,294,294,294,294
12,molecular,355,137,10,28,64,58,137,124,97,94,137,137,137,137
