index,r_omega_original,r_omega_alternative,displayed_original,displayed_alternative,displayed_changes,winner_changes
M1,-0.9702085527,-0.9699095579,-0.970,-0.970,False,False
M2,-0.9876015088,-0.9856641032,-0.988,-0.986,True,False
HM,-0.9822501738,-0.9811230428,-0.982,-0.981,True,False
mM2,+0.7937056605,+0.7933626571,+0.794,+0.793,True,False
R,+0.8977835504,+0.8978865906,+0.898,+0.898,False,False
chi,+0.9240126027,+0.9243355738,+0.924,+0.924,False,False
H/2,+0.9001256225,+0.9005312616,+0.900,+0.901,True,False
ISI,-0.7377013325,-0.7355345919,-0.738,-0.736,True,False
GA,+0.9062556219,+0.9067836958,+0.906,+0.907,True,False
AG,-0.8997484112,-0.8996006742,-0.900,-0.900,False,False
"LO(0,0,1)",-0.9293809949,-0.9325988416,-0.929,-0.933,True,False
"LO(0,0,2)",-0.9250291972,-0.9271789232,-0.925,-0.927,True,False
