anchor,prop,heldout,triple,pred,actual
M2,T_B,0,"(0.7, 0.17, 0.1)",118.4881,125.6
M2,T_B,1,"(0.71, -0.25, 0.13)",118.178,117.6
M2,T_B,2,"(0.71, -0.25, 0.13)",117.0734,118.9
M2,T_B,3,"(0.71, -0.25, 0.13)",117.2248,117.7
M2,T_B,4,"(0.71, -0.25, 0.13)",114.2382,106.8
M2,T_B,5,"(0.71, -0.25, 0.13)",114.4964,115.6
M2,T_B,6,"(0.7, 0.17, 0.1)",115.3215,109.4
M2,T_B,7,"(0.7, 0.17, 0.1)",116.1389,109.1
M2,T_B,8,"(0.71, -0.25, 0.13)",112.3163,111.9
M2,T_B,9,"(0.71, -0.25, 0.13)",113.51,117.7
M2,T_B,10,"(0.71, -0.25, 0.13)",113.6336,115.6
M2,T_B,11,"(0.71, -0.25, 0.13)",109.9758,118.3
M2,T_B,12,"(0.71, -0.25, 0.13)",116.2597,118.5
M2,T_B,13,"(0.71, -0.25, 0.13)",109.7146,109.8
M2,T_B,14,"(0.71, -0.25, 0.13)",112.3179,99.2
M2,T_B,15,"(0.71, -0.25, 0.13)",107.9697,114.8
M2,T_B,16,"(0.71, -0.25, 0.13)",111.7189,113.5
M2,T_B,17,"(0.71, -0.25, 0.13)",105.3947,106.5
M2,dHf,0,"(0.7, 0.17, 0.1)",-50.5987,-49.82
M2,dHf,1,"(0.7, 0.17, 0.1)",-50.8169,-51.5
M2,dHf,2,"(0.7, 0.17, 0.1)",-51.0869,-50.82
M2,dHf,3,"(0.7, 0.17, 0.1)",-51.1032,-50.69
M2,dHf,4,"(0.7, 0.17, 0.1)",-51.7442,-53.71
M2,dHf,5,"(0.7, 0.17, 0.1)",-51.6617,-51.13
M2,dHf,6,"(0.7, 0.17, 0.1)",-51.499,-52.44
M2,dHf,7,"(0.7, 0.17, 0.1)",-51.2697,-53.21
M2,dHf,8,"(0.7, 0.17, 0.1)",-52.1124,-52.61
M2,dHf,9,"(0.7, 0.17, 0.1)",-51.8296,-50.91
M2,dHf,10,"(0.7, 0.17, 0.1)",-51.855,-50.48
M2,dHf,11,"(0.7, 0.17, 0.1)",-52.5396,-51.38
M2,dHf,12,"(0.7, 0.17, 0.1)",-51.287,-50.4
M2,dHf,13,"(0.7, 0.17, 0.1)",-52.7071,-52.61
M2,dHf,14,"(0.7, 0.17, 0.1)",-52.2469,-53.57
M2,dHf,15,"(0.7, 0.17, 0.1)",-53.0335,-51.73
M2,dHf,16,"(0.7, 0.17, 0.1)",-52.2203,-51.97
M2,dHf,17,"(0.7, 0.17, 0.1)",-53.4616,-53.99
M2,dHvap,0,"(0.7, 0.17, 0.1)",9.6666,9.92
M2,dHvap,1,"(0.71, -0.25, 0.13)",9.54,9.48
M2,dHvap,2,"(0.71, -0.25, 0.13)",9.4482,9.52
M2,dHvap,3,"(0.71, -0.25, 0.13)",9.4533,9.48
M2,dHvap,4,"(0.71, -0.25, 0.13)",9.1515,8.92
M2,dHvap,5,"(0.71, -0.25, 0.13)",9.2024,9.27
M2,dHvap,6,"(0.7, 0.17, 0.1)",9.2566,9.03
M2,dHvap,7,"(0.7, 0.17, 0.1)",9.3249,9.05
M2,dHvap,8,"(0.71, -0.25, 0.13)",8.9993,8.97
M2,dHvap,9,"(0.71, -0.25, 0.13)",9.12,9.32
M2,dHvap,10,"(0.71, -0.25, 0.13)",9.1265,9.21
M2,dHvap,11,"(0.71, -0.25, 0.13)",8.8332,9.08
M2,dHvap,12,"(0.71, -0.25, 0.13)",9.3713,9.48
M2,dHvap,13,"(0.71, -0.25, 0.13)",8.7518,8.83
M2,dHvap,14,"(0.71, -0.25, 0.13)",8.9459,8.4
M2,dHvap,15,"(0.71, -0.25, 0.13)",8.659,8.9
M2,dHvap,16,"(0.71, -0.25, 0.13)",8.9525,9.01
M2,dHvap,17,"(0.71, -0.25, 0.13)",8.3906,8.41
M2,S,0,"(0.7, 0.17, 0.1)",113.6977,111.55
M2,S,1,"(0.7, 0.17, 0.1)",110.4595,109.84
M2,S,2,"(0.7, 0.17, 0.1)",109.3338,111.26
M2,S,3,"(0.7, 0.17, 0.1)",109.5772,109.32
M2,S,4,"(0.7, 0.17, 0.1)",105.2165,103.13
M2,S,5,"(0.7, 0.17, 0.1)",106.2423,108.02
M2,S,6,"(0.7, 0.17, 0.1)",106.7365,106.98
M2,S,7,"(0.7, 0.17, 0.1)",107.7237,105.72
M2,S,8,"(0.7, 0.17, 0.1)",103.3868,104.74
M2,S,9,"(0.7, 0.17, 0.1)",105.4572,106.59
M2,S,10,"(0.7, 0.17, 0.1)",105.4885,106.06
M2,S,11,"(0.7, 0.17, 0.1)",101.8844,101.48
M2,S,12,"(0.7, 0.17, 0.1)",108.6492,109.43
M2,S,13,"(0.7, 0.17, 0.1)",100.2697,101.31
M2,S,14,"(0.7, 0.17, 0.1)",102.3473,101.81
M2,S,15,"(0.7, 0.17, 0.1)",99.2995,101.31
M2,S,16,"(0.7, 0.17, 0.1)",103.2028,102.39
M2,S,17,"(0.7, 0.17, 0.1)",96.1786,93.06
M2,omega,0,"(0.71, -0.25, 0.13)",0.4077,0.398
M2,omega,1,"(0.7, 0.17, 0.1)",0.3774,0.378
M2,omega,2,"(0.81, 0.21, 0.16)",0.3702,0.371
M2,omega,3,"(0.81, 0.21, 0.16)",0.3701,0.372
M2,omega,4,"(0.7, 0.17, 0.1)",0.3333,0.339
M2,omega,5,"(0.7, 0.17, 0.1)",0.3437,0.348
M2,omega,6,"(0.81, 0.21, 0.16)",0.348,0.344
M2,omega,7,"(0.7, 0.17, 0.1)",0.354,0.357
M2,omega,8,"(0.81, 0.21, 0.16)",0.3193,0.322
M2,omega,9,"(0.7, 0.17, 0.1)",0.3369,0.34
M2,omega,10,"(0.81, 0.21, 0.16)",0.3376,0.33
M2,omega,11,"(0.7, 0.17, 0.1)",0.307,0.302
M2,omega,12,"(0.7, 0.17, 0.1)",0.3639,0.362
M2,omega,13,"(0.81, 0.21, 0.16)",0.2937,0.3
M2,omega,14,"(1.03, 0.17, 0.1)",0.3207,0.305
M2,omega,15,"(0.81, 0.21, 0.16)",0.2863,0.291
M2,omega,16,"(0.81, 0.21, 0.16)",0.3187,0.317
M2,omega,17,"(0.71, -0.25, 0.13)",0.2584,0.247
HM,T_B,0,"(-0.22, 1.77, 0.26)",119.937,125.6
HM,T_B,1,"(-0.22, 1.77, 0.26)",118.0815,117.6
HM,T_B,2,"(-0.22, 1.77, 0.26)",117.9837,118.9
HM,T_B,3,"(-0.22, 1.77, 0.26)",118.1334,117.7
HM,T_B,4,"(-0.22, 1.77, 0.26)",111.8911,106.8
HM,T_B,5,"(-0.22, 1.77, 0.26)",115.3577,115.6
HM,T_B,6,"(-0.22, 1.77, 0.26)",115.3123,109.4
HM,T_B,7,"(-0.22, 1.77, 0.26)",115.2687,109.1
HM,T_B,8,"(-0.22, 1.77, 0.26)",111.6756,111.9
HM,T_B,9,"(-0.22, 1.77, 0.26)",115.2739,117.7
HM,T_B,10,"(-0.22, 1.77, 0.26)",115.418,115.6
HM,T_B,11,"(-0.22, 1.77, 0.26)",111.3887,118.3
HM,T_B,12,"(-0.22, 1.77, 0.26)",118.0966,118.5
HM,T_B,13,"(-0.22, 1.77, 0.26)",108.7884,109.8
HM,T_B,14,"(-0.22, 1.77, 0.26)",109.8581,99.2
HM,T_B,15,"(-0.22, 1.77, 0.26)",108.2241,114.8
HM,T_B,16,"(-0.22, 1.77, 0.26)",112.6087,113.5
HM,T_B,17,"(-0.22, 1.77, 0.26)",100.4867,106.5
HM,dHf,0,"(-0.22, 1.77, 0.26)",-50.316,-49.82
HM,dHf,1,"(-0.22, 1.77, 0.26)",-50.8142,-51.5
HM,dHf,2,"(-0.22, 1.77, 0.26)",-50.8841,-50.82
HM,dHf,3,"(-0.22, 1.77, 0.26)",-50.9003,-50.69
HM,dHf,4,"(-0.22, 1.77, 0.26)",-52.1957,-53.71
HM,dHf,5,"(-0.22, 1.77, 0.26)",-51.4896,-51.13
HM,dHf,6,"(-0.22, 1.77, 0.26)",-51.5007,-52.44
HM,dHf,7,"(-0.22, 1.77, 0.26)",-51.4653,-53.21
HM,dHf,8,"(-0.22, 1.77, 0.26)",-52.2427,-52.61
HM,dHf,9,"(-0.22, 1.77, 0.26)",-51.4917,-50.91
HM,dHf,10,"(-0.22, 1.77, 0.26)",-51.5212,-50.48
HM,dHf,11,"(-0.22, 1.77, 0.26)",-52.2945,-51.38
HM,dHf,12,"(-0.22, 1.77, 0.26)",-50.9235,-50.4
HM,dHf,13,"(-0.22, 1.77, 0.26)",-52.9078,-52.61
HM,dHf,14,"(-0.22, 1.77, 0.26)",-52.8876,-53.57
HM,dHf,15,"(-0.22, 1.77, 0.26)",-53.0023,-51.73
HM,dHf,16,"(-0.22, 1.77, 0.26)",-52.0617,-51.97
HM,dHf,17,"(-0.22, 1.77, 0.26)",-54.3182,-53.99
HM,dHvap,0,"(-0.22, 1.77, 0.26)",9.67,9.92
HM,dHvap,1,"(-0.22, 1.77, 0.26)",9.4727,9.48
HM,dHvap,2,"(-0.22, 1.77, 0.26)",9.4728,9.52
HM,dHvap,3,"(-0.22, 1.77, 0.26)",9.4778,9.48
HM,dHvap,4,"(-0.22, 1.77, 0.26)",8.9568,8.92
HM,dHvap,5,"(-0.22, 1.77, 0.26)",9.2604,9.27
HM,dHvap,6,"(-0.22, 1.77, 0.26)",9.2403,9.03
HM,dHvap,7,"(-0.22, 1.77, 0.26)",9.2342,9.05
HM,dHvap,8,"(-0.22, 1.77, 0.26)",8.9661,8.97
HM,dHvap,9,"(-0.22, 1.77, 0.26)",9.2618,9.32
HM,dHvap,10,"(-0.22, 1.77, 0.26)",9.2693,9.21
HM,dHvap,11,"(-0.22, 1.77, 0.26)",8.9712,9.08
HM,dHvap,12,"(-0.22, 1.77, 0.26)",9.4829,9.48
HM,dHvap,13,"(-0.22, 1.77, 0.26)",8.732,8.83
HM,dHvap,14,"(-0.22, 1.77, 0.26)",8.7517,8.4
HM,dHvap,15,"(-0.22, 1.77, 0.26)",8.7314,8.9
HM,dHvap,16,"(-0.22, 1.77, 0.26)",9.0461,9.01
HM,dHvap,17,"(-0.22, 1.77, 0.26)",8.1611,8.41
HM,S,0,"(-0.05, 1.73, -0.08)",112.6833,111.55
HM,S,1,"(-0.27, 2.25, -0.24)",109.6844,109.84
HM,S,2,"(-0.27, 2.25, -0.24)",109.3786,111.26
HM,S,3,"(-0.27, 2.25, -0.24)",109.6199,109.32
HM,S,4,"(-0.03, 1.85, -0.16)",104.0149,103.13
HM,S,5,"(-0.21, 1.77, -0.29)",106.3365,108.02
HM,S,6,"(-0.27, 2.25, -0.24)",107.1793,106.98
HM,S,7,"(-0.14, 2.26, -0.16)",107.5698,105.72
HM,S,8,"(-0.23, 2.2, -0.21)",103.3285,104.74
HM,S,9,"(-0.27, 2.25, -0.24)",106.467,106.59
HM,S,10,"(-0.27, 2.25, -0.24)",106.5009,106.06
HM,S,11,"(-0.27, 1.8, -0.27)",103.9867,101.48
HM,S,12,"(-0.27, 2.25, -0.24)",109.4764,109.43
HM,S,13,"(-0.27, 2.25, -0.24)",100.2838,101.31
HM,S,14,"(-0.26, 2.06, -0.21)",100.911,101.81
HM,S,15,"(-0.03, 1.85, -0.16)",99.9487,101.31
HM,S,16,"(-0.23, 2.2, -0.21)",103.7013,102.39
HM,S,17,"(-0.05, 1.73, -0.08)",94.6721,93.06
HM,omega,0,"(0.25, 1.8, -0.13)",0.3909,0.398
HM,omega,1,"(0.25, 1.8, -0.13)",0.3737,0.378
HM,omega,2,"(0.25, 1.8, -0.13)",0.3695,0.371
HM,omega,3,"(0.25, 1.8, -0.13)",0.3694,0.372
HM,omega,4,"(0.25, 1.71, 0.03)",0.3264,0.339
HM,omega,5,"(0.25, 1.8, -0.13)",0.3447,0.348
HM,omega,6,"(0.25, 1.8, -0.13)",0.3521,0.344
HM,omega,7,"(0.25, 1.8, -0.13)",0.356,0.357
HM,omega,8,"(0.25, 1.8, -0.13)",0.3199,0.322
HM,omega,9,"(0.25, 1.8, -0.13)",0.3404,0.34
HM,omega,10,"(0.25, 1.71, 0.03)",0.3429,0.33
HM,omega,11,"(0.21, 1.73, -0.19)",0.3127,0.302
HM,omega,12,"(0.25, 1.8, -0.13)",0.3654,0.362
HM,omega,13,"(0.25, 1.8, -0.13)",0.2945,0.3
HM,omega,14,"(0.28, 2.0, -0.21)",0.3161,0.305
HM,omega,15,"(0.25, 1.8, -0.13)",0.2901,0.291
HM,omega,16,"(0.25, 1.8, -0.13)",0.3204,0.317
HM,omega,17,"(0.25, 1.8, -0.13)",0.2381,0.247
mM2,T_B,0,"(-1.27, 0.06, 0.18)",118.0492,125.6
mM2,T_B,1,"(-1.24, 0.14, -0.25)",116.2105,117.6
mM2,T_B,2,"(-1.24, 0.14, -0.25)",118.5567,118.9
mM2,T_B,3,"(-1.24, 0.14, -0.25)",118.699,117.7
mM2,T_B,4,"(-1.24, 0.14, -0.25)",110.9701,106.8
mM2,T_B,5,"(-1.24, 0.14, -0.25)",114.3207,115.6
mM2,T_B,6,"(-1.24, 0.14, -0.25)",113.5364,109.4
mM2,T_B,7,"(-1.24, 0.14, -0.25)",111.1657,109.1
mM2,T_B,8,"(-1.24, 0.14, -0.25)",114.107,111.9
mM2,T_B,9,"(-1.24, 0.14, -0.25)",116.5965,117.7
mM2,T_B,10,"(-1.24, 0.14, -0.25)",116.765,115.6
mM2,T_B,11,"(-1.16, 0.21, -0.27)",116.6179,118.3
mM2,T_B,12,"(-1.24, 0.14, -0.25)",121.3456,118.5
mM2,T_B,13,"(-1.24, 0.14, -0.25)",108.9958,109.8
mM2,T_B,14,"(-1.16, 0.21, -0.27)",107.0367,99.2
mM2,T_B,15,"(-1.16, 0.21, -0.27)",109.4518,114.8
mM2,T_B,16,"(-1.24, 0.14, -0.25)",109.9002,113.5
mM2,T_B,17,"(-1.21, 0.14, -0.18)",98.9162,106.5
mM2,dHf,0,"(-1.12, 0.27, 0.25)",-51.0189,-49.82
mM2,dHf,1,"(-1.24, 0.3, 0.1)",-51.5061,-51.5
mM2,dHf,2,"(-1.24, 0.3, 0.1)",-50.8791,-50.82
mM2,dHf,3,"(-1.24, 0.3, 0.1)",-50.8933,-50.69
mM2,dHf,4,"(-1.21, 0.26, -0.04)",-52.4954,-53.71
mM2,dHf,5,"(-1.24, 0.3, 0.1)",-51.6717,-51.13
mM2,dHf,6,"(-1.24, 0.3, 0.1)",-51.7511,-52.44
mM2,dHf,7,"(-1.07, 0.29, 0.13)",-52.2575,-53.21
mM2,dHf,8,"(-1.24, 0.3, 0.1)",-51.7166,-52.61
mM2,dHf,9,"(-1.24, 0.3, 0.1)",-51.0176,-50.91
mM2,dHf,10,"(-1.21, 0.26, -0.04)",-51.165,-50.48
mM2,dHf,11,"(-1.24, 0.3, 0.1)",-50.7489,-51.38
mM2,dHf,12,"(-1.24, 0.3, 0.1)",-50.2073,-50.4
mM2,dHf,13,"(-1.24, 0.3, 0.1)",-52.7746,-52.61
mM2,dHf,14,"(-1.24, 0.3, 0.1)",-53.6515,-53.57
mM2,dHf,15,"(-1.21, 0.26, -0.04)",-52.5965,-51.73
mM2,dHf,16,"(-1.24, 0.3, 0.1)",-52.4417,-51.97
mM2,dHf,17,"(-1.07, 0.29, 0.13)",-54.8933,-53.99
mM2,dHvap,0,"(-0.88, 0.2, -0.28)",9.737,9.92
mM2,dHvap,1,"(-0.88, 0.2, -0.28)",9.3899,9.48
mM2,dHvap,2,"(-0.88, 0.2, -0.28)",9.4849,9.52
mM2,dHvap,3,"(-0.88, 0.2, -0.28)",9.4899,9.48
mM2,dHvap,4,"(-0.88, 0.2, -0.28)",8.9635,8.92
mM2,dHvap,5,"(-0.88, 0.2, -0.28)",9.1877,9.27
mM2,dHvap,6,"(-0.88, 0.2, -0.28)",9.1103,9.03
mM2,dHvap,7,"(-0.88, 0.2, -0.28)",9.0124,9.05
mM2,dHvap,8,"(-0.88, 0.2, -0.28)",9.1067,8.97
mM2,dHvap,9,"(-0.88, 0.2, -0.28)",9.2809,9.32
mM2,dHvap,10,"(-0.88, 0.2, -0.28)",9.2887,9.21
mM2,dHvap,11,"(-0.88, 0.2, -0.28)",9.2478,9.08
mM2,dHvap,12,"(-0.88, 0.2, -0.28)",9.5966,9.48
mM2,dHvap,13,"(-0.88, 0.2, -0.28)",8.7678,8.83
mM2,dHvap,14,"(-0.88, 0.2, -0.28)",8.6178,8.4
mM2,dHvap,15,"(-0.88, 0.2, -0.28)",8.8137,8.9
mM2,dHvap,16,"(-0.88, 0.2, -0.28)",8.8864,9.01
mM2,dHvap,17,"(-0.88, 0.2, -0.28)",8.2357,8.41
mM2,S,0,"(-0.76, 0.16, -0.14)",112.6844,111.55
mM2,S,1,"(-0.76, 0.16, -0.14)",108.153,109.84
mM2,S,2,"(-0.76, 0.16, -0.14)",109.1198,111.26
mM2,S,3,"(-0.76, 0.16, -0.14)",109.3632,109.32
mM2,S,4,"(-0.76, 0.16, -0.14)",103.1568,103.13
mM2,S,5,"(-0.76, 0.16, -0.14)",105.9217,108.02
mM2,S,6,"(-0.76, 0.16, -0.14)",105.1256,106.98
mM2,S,7,"(-0.76, 0.16, -0.14)",104.0716,105.72
mM2,S,8,"(-0.76, 0.16, -0.14)",104.802,104.74
mM2,S,9,"(-0.76, 0.16, -0.14)",107.1392,106.59
mM2,S,10,"(-0.76, 0.16, -0.14)",107.1773,106.06
mM2,S,11,"(-0.74, 0.17, -0.01)",107.1995,101.48
mM2,S,12,"(-0.76, 0.16, -0.14)",110.5838,109.43
mM2,S,13,"(-0.76, 0.16, -0.14)",101.1188,101.31
mM2,S,14,"(-0.76, 0.16, -0.14)",98.4091,101.81
mM2,S,15,"(-0.76, 0.16, -0.14)",101.7678,101.31
mM2,S,16,"(-0.76, 0.16, -0.14)",102.7551,102.39
mM2,S,17,"(-0.76, 0.16, -0.14)",96.8769,93.06
mM2,omega,0,"(-0.76, 0.16, -0.14)",0.3879,0.398
mM2,omega,1,"(-0.76, 0.16, -0.14)",0.3565,0.378
mM2,omega,2,"(-0.76, 0.16, -0.14)",0.3659,0.371
mM2,omega,3,"(-0.76, 0.16, -0.14)",0.3658,0.372
mM2,omega,4,"(-0.76, 0.16, -0.14)",0.3172,0.339
mM2,omega,5,"(-0.76, 0.16, -0.14)",0.3405,0.348
mM2,omega,6,"(-0.76, 0.16, -0.14)",0.3341,0.344
mM2,omega,7,"(-0.76, 0.16, -0.14)",0.3246,0.357
mM2,omega,8,"(-0.76, 0.16, -0.14)",0.3319,0.322
mM2,omega,9,"(-0.76, 0.16, -0.14)",0.3498,0.34
mM2,omega,10,"(-0.76, 0.16, -0.14)",0.3505,0.33
mM2,omega,11,"(-0.76, 0.16, -0.14)",0.3467,0.302
mM2,omega,12,"(-0.76, 0.16, -0.14)",0.3768,0.362
mM2,omega,13,"(-0.76, 0.16, -0.14)",0.3035,0.3
mM2,omega,14,"(-0.76, 0.16, -0.14)",0.2828,0.305
mM2,omega,15,"(-0.76, 0.16, -0.14)",0.3094,0.291
mM2,omega,16,"(-0.76, 0.16, -0.14)",0.3152,0.317
mM2,omega,17,"(-0.76, 0.16, -0.14)",0.2667,0.247
"LO(0,0,1)",T_B,0,"(-0.26, 0.21, 0.73)",123.9216,125.6
"LO(0,0,1)",T_B,1,"(-0.26, 0.21, 0.73)",118.6692,117.6
"LO(0,0,1)",T_B,2,"(-0.26, 0.21, 0.73)",118.712,118.9
"LO(0,0,1)",T_B,3,"(-0.26, 0.21, 0.73)",118.8646,117.7
"LO(0,0,1)",T_B,4,"(-0.21, 0.06, 0.77)",112.6744,106.8
"LO(0,0,1)",T_B,5,"(-0.26, 0.21, 0.73)",115.1468,115.6
"LO(0,0,1)",T_B,6,"(-0.26, 0.21, 0.73)",113.0418,109.4
"LO(0,0,1)",T_B,7,"(-0.26, 0.21, 0.73)",112.8718,109.1
"LO(0,0,1)",T_B,8,"(-0.26, 0.21, 0.73)",112.2801,111.9
"LO(0,0,1)",T_B,9,"(-0.26, 0.21, 0.73)",115.2001,117.7
"LO(0,0,1)",T_B,10,"(-0.26, 0.21, 0.73)",115.3384,115.6
"LO(0,0,1)",T_B,11,"(-0.02, -0.23, 0.78)",111.1667,118.3
"LO(0,0,1)",T_B,12,"(-0.26, 0.21, 0.73)",118.9684,118.5
"LO(0,0,1)",T_B,13,"(-0.26, 0.21, 0.73)",108.6408,109.8
"LO(0,0,1)",T_B,14,"(-0.26, 0.21, 0.73)",107.718,99.2
"LO(0,0,1)",T_B,15,"(-0.26, 0.21, 0.73)",108.0526,114.8
"LO(0,0,1)",T_B,16,"(-0.26, 0.21, 0.73)",111.4834,113.5
"LO(0,0,1)",T_B,17,"(-0.27, 0.23, 1.13)",101.8574,106.5
"LO(0,0,1)",dHf,0,"(-0.08, 0.28, 1.3)",-49.7965,-49.82
"LO(0,0,1)",dHf,1,"(-0.08, 0.28, 1.3)",-50.796,-51.5
"LO(0,0,1)",dHf,2,"(-0.08, 0.28, 1.3)",-50.794,-50.82
"LO(0,0,1)",dHf,3,"(-0.08, 0.28, 1.3)",-50.8104,-50.69
"LO(0,0,1)",dHf,4,"(-0.27, 0.23, 1.13)",-52.1036,-53.71
"LO(0,0,1)",dHf,5,"(-0.08, 0.28, 1.3)",-51.5077,-51.13
"LO(0,0,1)",dHf,6,"(-0.08, 0.28, 1.3)",-51.8296,-52.44
"LO(0,0,1)",dHf,7,"(-0.08, 0.28, 1.3)",-51.8606,-53.21
"LO(0,0,1)",dHf,8,"(-0.08, 0.28, 1.3)",-52.1566,-52.61
"LO(0,0,1)",dHf,9,"(-0.08, 0.28, 1.3)",-51.4464,-50.91
"LO(0,0,1)",dHf,10,"(-0.08, 0.28, 1.3)",-51.4763,-50.48
"LO(0,0,1)",dHf,11,"(-0.08, 0.28, 1.3)",-52.1164,-51.38
"LO(0,0,1)",dHf,12,"(-0.08, 0.28, 1.3)",-50.7686,-50.4
"LO(0,0,1)",dHf,13,"(-0.08, 0.28, 1.3)",-52.9097,-52.61
"LO(0,0,1)",dHf,14,"(-0.08, 0.28, 1.3)",-53.3177,-53.57
"LO(0,0,1)",dHf,15,"(-0.08, 0.28, 1.3)",-52.9724,-51.73
"LO(0,0,1)",dHf,16,"(-0.08, 0.28, 1.3)",-52.1851,-51.97
"LO(0,0,1)",dHf,17,"(-0.08, 0.28, 1.3)",-54.108,-53.99
"LO(0,0,1)",dHvap,0,"(-0.19, 0.24, 0.73)",9.8903,9.92
"LO(0,0,1)",dHvap,1,"(-0.26, 0.21, 0.73)",9.4867,9.48
"LO(0,0,1)",dHvap,2,"(-0.26, 0.21, 0.73)",9.4967,9.52
"LO(0,0,1)",dHvap,3,"(-0.26, 0.21, 0.73)",9.5018,9.48
"LO(0,0,1)",dHvap,4,"(-0.26, 0.21, 0.73)",9.0108,8.92
"LO(0,0,1)",dHvap,5,"(-0.26, 0.21, 0.73)",9.2339,9.27
"LO(0,0,1)",dHvap,6,"(-0.19, 0.24, 0.73)",9.0844,9.03
"LO(0,0,1)",dHvap,7,"(-0.19, 0.24, 0.73)",9.0653,9.05
"LO(0,0,1)",dHvap,8,"(-0.26, 0.21, 0.73)",9.0236,8.97
"LO(0,0,1)",dHvap,9,"(-0.26, 0.21, 0.73)",9.2448,9.32
"LO(0,0,1)",dHvap,10,"(-0.19, 0.24, 0.73)",9.2634,9.21
"LO(0,0,1)",dHvap,11,"(-0.11, 0.15, 0.71)",9.0158,9.08
"LO(0,0,1)",dHvap,12,"(-0.19, 0.24, 0.73)",9.5205,9.48
"LO(0,0,1)",dHvap,13,"(-0.19, 0.24, 0.73)",8.7491,8.83
"LO(0,0,1)",dHvap,14,"(-0.19, 0.24, 0.73)",8.6092,8.4
"LO(0,0,1)",dHvap,15,"(-0.26, 0.21, 0.73)",8.7474,8.9
"LO(0,0,1)",dHvap,16,"(-0.26, 0.21, 0.73)",8.9703,9.01
"LO(0,0,1)",dHvap,17,"(-0.19, 0.24, 0.73)",8.343,8.41
"LO(0,0,1)",S,0,"(0.23, 0.25, 1.0)",114.3257,111.55
"LO(0,0,1)",S,1,"(0.23, 0.25, 1.0)",109.4129,109.84
"LO(0,0,1)",S,2,"(0.23, 0.25, 1.0)",109.2931,111.26
"LO(0,0,1)",S,3,"(0.23, 0.25, 1.0)",109.5379,109.32
"LO(0,0,1)",S,4,"(0.23, 0.25, 1.0)",103.32,103.13
"LO(0,0,1)",S,5,"(0.23, 0.25, 1.0)",106.7976,108.02
"LO(0,0,1)",S,6,"(0.23, 0.25, 1.0)",105.3033,106.98
"LO(0,0,1)",S,7,"(0.23, 0.25, 1.0)",105.3211,105.72
"LO(0,0,1)",S,8,"(0.23, 0.25, 1.0)",103.2299,104.74
"LO(0,0,1)",S,9,"(0.23, 0.25, 1.0)",106.9525,106.59
"LO(0,0,1)",S,10,"(0.23, 0.25, 1.0)",106.989,106.06
"LO(0,0,1)",S,11,"(0.23, 0.25, 1.0)",103.4865,101.48
"LO(0,0,1)",S,12,"(0.23, 0.25, 1.0)",109.5843,109.43
"LO(0,0,1)",S,13,"(0.23, 0.25, 1.0)",100.7096,101.31
"LO(0,0,1)",S,14,"(0.23, 0.25, 1.0)",98.6646,101.81
"LO(0,0,1)",S,15,"(0.23, 0.25, 1.0)",100.6748,101.31
"LO(0,0,1)",S,16,"(0.23, 0.25, 1.0)",104.353,102.39
"LO(0,0,1)",S,17,"(0.23, 0.25, 1.0)",97.3026,93.06
"LO(0,0,1)",omega,0,"(0.23, 0.25, 1.0)",0.4028,0.398
"LO(0,0,1)",omega,1,"(0.23, 0.25, 1.0)",0.3674,0.378
"LO(0,0,1)",omega,2,"(0.23, 0.25, 1.0)",0.3687,0.371
"LO(0,0,1)",omega,3,"(0.23, 0.25, 1.0)",0.3686,0.372
"LO(0,0,1)",omega,4,"(0.23, 0.25, 1.0)",0.3179,0.339
"LO(0,0,1)",omega,5,"(0.23, 0.25, 1.0)",0.3478,0.348
"LO(0,0,1)",omega,6,"(0.23, 0.25, 1.0)",0.3355,0.344
"LO(0,0,1)",omega,7,"(0.23, 0.25, 1.0)",0.3343,0.357
"LO(0,0,1)",omega,8,"(0.23, 0.25, 1.0)",0.3193,0.322
"LO(0,0,1)",omega,9,"(0.23, 0.25, 1.0)",0.3489,0.34
"LO(0,0,1)",omega,10,"(0.23, 0.25, 1.0)",0.3495,0.33
"LO(0,0,1)",omega,11,"(0.23, 0.25, 1.0)",0.3209,0.302
"LO(0,0,1)",omega,12,"(0.23, 0.25, 1.0)",0.3704,0.362
"LO(0,0,1)",omega,13,"(0.23, 0.25, 1.0)",0.2989,0.3
"LO(0,0,1)",omega,14,"(0.23, 0.25, 1.0)",0.2825,0.305
"LO(0,0,1)",omega,15,"(0.23, 0.25, 1.0)",0.2998,0.291
"LO(0,0,1)",omega,16,"(0.23, 0.25, 1.0)",0.3273,0.317
"LO(0,0,1)",omega,17,"(0.2, 0.0, 0.77)",0.2708,0.247
