n_C,name,nist_id,T_B_C,degree_pairs
6,"Butane, 2,3-dimethyl-",C79298,58.1,1-3 1-3 1-3 1-3 3-3
6,"Pentane, 2-methyl-",C107835,60.9,1-2 1-3 1-3 2-2 2-3
6,"Pentane, 3-methyl-",C96140,63.2,1-2 1-2 1-3 2-3 2-3
6,"Butane, 2,2-dimethyl-",C75832,49.8,1-2 1-4 1-4 1-4 2-4
6,n-Hexane,C110543,68.8,1-2 1-2 2-2 2-2 2-2
7,Heptane,C142825,98.4,1-2 1-2 2-2 2-2 2-2 2-2
7,"Hexane, 2-methyl-",C591764,90.1,1-2 1-3 1-3 2-2 2-2 2-3
7,"Pentane, 2,4-dimethyl-",C108087,80.6,1-3 1-3 1-3 1-3 2-3 2-3
7,"Pentane, 2,2-dimethyl-",C590352,79.2,1-2 1-4 1-4 1-4 2-2 2-4
7,"Pentane, 2,3-dimethyl- / pentane, 2,3-dimethyl-, (R)- / (S)-2,3-dimethylpentane",C565593,89.8,1-2 1-3 1-3 1-3 2-3 3-3
7,"Hexane, 3-methyl- / (S)-(+)-3-methylhexane",C589344,91.9,1-2 1-2 1-3 2-2 2-3 2-3
7,"Pentane, 3,3-dimethyl-",C562492,86.1,1-2 1-2 1-4 1-4 2-4 2-4
7,"Butane, 2,2,3-trimethyl-",C464062,81.0,1-3 1-3 1-4 1-4 1-4 3-4
7,"Pentane, 3-ethyl-",C617787,93.5,1-2 1-2 1-2 2-3 2-3 2-3
8,"Pentane, 2,2,4-trimethyl-",C540841,99.2,1-3 1-3 1-4 1-4 1-4 2-3 2-4
8,"Heptane, 2-methyl-",C592278,117.6,1-2 1-3 1-3 2-2 2-2 2-2 2-3
8,"Heptane, 3-methyl- / (S)-3-methylheptane",C589811,118.9,1-2 1-2 1-3 2-2 2-2 2-3 2-3
8,"Pentane, 2,3,4-trimethyl-",C565753,113.7,1-3 1-3 1-3 1-3 1-3 3-3 3-3
8,"Heptane, 4-methyl-",C589537,117.8,1-2 1-2 1-3 2-2 2-2 2-3 2-3
8,Octane,C111659,125.6,1-2 1-2 2-2 2-2 2-2 2-2 2-2
8,"Hexane, 2,5-dimethyl-",C592132,109.0,1-3 1-3 1-3 1-3 2-2 2-3 2-3
8,"Hexane, 2,3-dimethyl-",C584941,115.9,1-2 1-3 1-3 1-3 2-2 2-3 3-3
8,"Hexane, 2,4-dimethyl- / (S)-2,4-dimethylhexane",C589435,108.9,1-2 1-3 1-3 1-3 2-3 2-3 2-3
8,"Hexane, 3,4-dimethyl- / hexane, 3,4-dimethyl-, (R*,R*)-(.+-.)- / hexane, 3,4-dimethyl-, (R*,S*)-",C583482,117.9,1-2 1-2 1-3 1-3 2-3 2-3 3-3
8,"Hexane, 2,2-dimethyl-",C590738,106.9,1-2 1-4 1-4 1-4 2-2 2-2 2-4
8,"Hexane, 3,3-dimethyl-",C563166,112.0,1-2 1-2 1-4 1-4 2-2 2-4 2-4
8,"Pentane, 2,3,3-trimethyl-",C560214,114.7,1-2 1-3 1-3 1-4 1-4 2-4 3-4
8,"Pentane, 3-ethyl-2-methyl-",C609267,115.7,1-2 1-2 1-3 1-3 2-3 2-3 3-3
8,"Hexane, 3-ethyl-",C619998,118.6,1-2 1-2 1-2 2-2 2-3 2-3 2-3
8,"Pentane, 2,2,3-trimethyl-",C564023,110.0,1-2 1-3 1-4 1-4 1-4 2-3 3-4
8,"Pentane, 3-ethyl-3-methyl-",C1067089,118.4,1-2 1-2 1-2 1-4 2-4 2-4 2-4
8,"Butane, 2,2,3,3-tetramethyl-",C594821,106.5,1-4 1-4 1-4 1-4 1-4 1-4 4-4
9,"Octane, 2-methyl-",C3221612,143.0,1-2 1-3 1-3 2-2 2-2 2-2 2-2 2-3
9,Nonane,C111842,150.7,1-2 1-2 2-2 2-2 2-2 2-2 2-2 2-2
9,"Hexane, 2,2,5-trimethyl-",C3522949,123.9,1-3 1-3 1-4 1-4 1-4 2-2 2-3 2-4
9,"Octane, 3-methyl-",C2216333,143.9,1-2 1-2 1-3 2-2 2-2 2-2 2-3 2-3
9,"Octane, 4-methyl-",C2216344,141.9,1-2 1-2 1-3 2-2 2-2 2-2 2-3 2-3
9,"Heptane, 2,4-dimethyl-",C2213232,132.9,1-2 1-3 1-3 1-3 2-2 2-3 2-3 2-3
9,"Heptane, 2,2-dimethyl-",C1071267,131.9,1-2 1-4 1-4 1-4 2-2 2-2 2-2 2-4
9,"Pentane, 2,2,4,4-tetramethyl-",C1070877,122.2,1-4 1-4 1-4 1-4 1-4 1-4 2-4 2-4
9,"Pentane, 3,3-diethyl-",C1067205,146.2,1-2 1-2 1-2 1-2 2-4 2-4 2-4 2-4
9,"Hexane, 2,3,5-trimethyl-",C1069530,130.9,1-3 1-3 1-3 1-3 1-3 2-3 2-3 3-3
9,"Hexane, 2,2,4-trimethyl-",C16747265,126.5,1-2 1-3 1-4 1-4 1-4 2-3 2-3 2-4
9,"Heptane, 2,3-dimethyl-",C3074713,139.9,1-2 1-3 1-3 1-3 2-2 2-2 2-3 3-3
9,"Heptane, 2,5-dimethyl-",C2216300,134.9,1-2 1-3 1-3 1-3 2-2 2-3 2-3 2-3
9,"Heptane, 2,6-dimethyl-",C1072055,134.9,1-3 1-3 1-3 1-3 2-2 2-2 2-3 2-3
9,"Heptane, 3,3-dimethyl-",C4032864,136.9,1-2 1-2 1-4 1-4 2-2 2-2 2-4 2-4
9,"Hexane, 2,2,3-trimethyl-",C16747254,133.4,1-2 1-3 1-4 1-4 1-4 2-2 2-3 3-4
9,"Pentane, 2,2,3,3-tetramethyl-",C7154792,140.3,1-2 1-4 1-4 1-4 1-4 1-4 2-4 4-4
9,"Heptane, 3-ethyl-",C15869804,143.1,1-2 1-2 1-2 2-2 2-2 2-3 2-3 2-3
9,"Pentane, 2,2,3,4-tetramethyl-",C1186534,133.0,1-3 1-3 1-3 1-4 1-4 1-4 3-3 3-4
9,"Hexane, 2,4,4-trimethyl-",C16747301,130.9,1-2 1-3 1-3 1-4 1-4 2-3 2-4 2-4
9,"Heptane, 3,4-dimethyl-",C922281,140.4,1-2 1-2 1-3 1-3 2-2 2-3 2-3 3-3
9,"Heptane, 4-ethyl-",C2216322,141.2,1-2 1-2 1-2 2-2 2-2 2-3 2-3 2-3
9,"Hexane, 2,3,4-trimethyl- / (R*,S*)-(.+-.)-2,3,4-trimethylhexane / (R*,R*)-(.+-.)-2,3,4-trimethylhexane",C921471,138.9,1-2 1-3 1-3 1-3 1-3 2-3 3-3 3-3
9,"Heptane, 3,5-dimethyl-",C926829,135.5,1-2 1-2 1-3 1-3 2-3 2-3 2-3 2-3
9,"Heptane, 4,4-dimethyl-",C1068195,134.8,1-2 1-2 1-4 1-4 2-2 2-2 2-4 2-4
9,"Hexane, 2,3,3-trimethyl-",C16747287,136.8,1-2 1-3 1-3 1-4 1-4 2-2 2-4 3-4
9,"Pentane, 2,3,3,4-tetramethyl-",C16747389,139.9,1-3 1-3 1-3 1-3 1-4 1-4 3-4 3-4
9,"Hexane, 3,3,4-trimethyl-",C16747312,140.2,1-2 1-2 1-3 1-4 1-4 2-3 2-4 3-4
9,"Pentane, 3-ethyl-2,4-dimethyl-",C1068877,136.6,1-2 1-3 1-3 1-3 1-3 2-3 3-3 3-3
9,"Pentane, 3-ethyl-2,2-dimethyl-",C16747323,133.8,1-2 1-2 1-4 1-4 1-4 2-3 2-3 3-4
9,"Hexane, 4-ethyl-2-methyl-",C3074757,133.8,1-2 1-2 1-3 1-3 2-3 2-3 2-3 2-3
9,"Hexane, 3-ethyl-3-methyl-",C3074768,140.6,1-2 1-2 1-2 1-4 2-2 2-4 2-4 2-4
9,"Hexane, 3-ethyl-2-methyl-",C16789461,138.0,1-2 1-2 1-3 1-3 2-2 2-3 2-3 3-3
9,"Hexane, 3-ethyl-4-methyl- / d-3-ethyl-4-methylhexane",C3074779,140.4,1-2 1-2 1-2 1-3 2-3 2-3 2-3 3-3
9,"Pentane, 3-ethyl-2,3-dimethyl-",C16747334,141.6,1-2 1-2 1-3 1-3 1-4 2-4 2-4 3-4
10,Decane,C124185,174.1,1-2 1-2 2-2 2-2 2-2 2-2 2-2 2-2 2-2
10,"Nonane, 3-methyl-",C5911046,167.8,1-2 1-2 1-3 2-2 2-2 2-2 2-2 2-3 2-3
10,"Nonane, 2-methyl-",C871830,166.9,1-2 1-3 1-3 2-2 2-2 2-2 2-2 2-2 2-3
10,"Nonane, 4-methyl-",C17301949,166.9,1-2 1-2 1-3 2-2 2-2 2-2 2-2 2-3 2-3
10,"Nonane, 5-methyl-",C15869859,165.0,1-2 1-2 1-3 2-2 2-2 2-2 2-2 2-3 2-3
10,"Octane, 2,6-dimethyl-",C2051301,158.9,1-2 1-3 1-3 1-3 2-2 2-2 2-3 2-3 2-3
10,"Octane, 2,3-dimethyl-",C7146603,164.3,1-2 1-3 1-3 1-3 2-2 2-2 2-2 2-3 3-3
10,"Octane, 2,7-dimethyl-",C1072168,160.0,1-3 1-3 1-3 1-3 2-2 2-2 2-2 2-3 2-3
10,"Octane, 4-ethyl-",C15869860,163.4,1-2 1-2 1-2 2-2 2-2 2-2 2-3 2-3 2-3
10,"Heptane, 2,4,6-trimethyl-",C2613618,146.7,1-3 1-3 1-3 1-3 1-3 2-3 2-3 2-3 2-3
10,"Octane, 3,5-dimethyl-",C15869939,158.9,1-2 1-2 1-3 1-3 2-2 2-3 2-3 2-3 2-3
10,"Octane, 2,4-dimethyl-",C4032944,155.9,1-2 1-3 1-3 1-3 2-2 2-2 2-3 2-3 2-3
10,"Octane, 2,5-dimethyl-",C15869893,156.9,1-2 1-3 1-3 1-3 2-2 2-2 2-3 2-3 2-3
10,"Hexane, 2,2,5,5-tetramethyl-",C1071814,137.0,1-4 1-4 1-4 1-4 1-4 1-4 2-2 2-4 2-4
10,"Hexane, 3,3,4,4-tetramethyl-",C5171846,170.1,1-2 1-2 1-4 1-4 1-4 1-4 2-4 2-4 4-4
10,"Octane, 4,5-dimethyl- / (R*,R*)-(.+-.)-4,5-dimethyloctane / (R*,S*)-4,5-dimethyloctane",C15869962,162.1,1-2 1-2 1-3 1-3 2-2 2-2 2-3 2-3 3-3
10,3-Ethyl-3-methylheptane,C17302011,163.9,1-2 1-2 1-2 1-4 2-2 2-2 2-4 2-4 2-4
10,"Hexane, 2,2,3,3-tetramethyl-",C13475815,159.9,1-2 1-4 1-4 1-4 1-4 1-4 2-2 2-4 4-4
10,"Heptane, 2,2,6-trimethyl-",C1190836,148.2,1-3 1-3 1-4 1-4 1-4 2-2 2-2 2-3 2-4
10,"Pentane, 2,2,3,3,4-pentamethyl-",C16747447,166.1,1-3 1-3 1-4 1-4 1-4 1-4 1-4 3-4 4-4
10,"Heptane, 2,5,5-trimethyl-",C1189997,152.8,1-2 1-3 1-3 1-4 1-4 2-2 2-3 2-4 2-4
10,"Heptane, 2,4,4-trimethyl-",C4032922,149.6,1-2 1-3 1-3 1-4 1-4 2-2 2-3 2-4 2-4
10,"Hexane, 4-ethyl-2,2-dimethyl-",C52896998,147.1,1-2 1-2 1-4 1-4 1-4 2-3 2-3 2-3 2-4
10,"Heptane, 2,3,4-trimethyl-",C52896954,155.9,1-2 1-3 1-3 1-3 1-3 2-2 2-3 3-3 3-3
10,"Hexane, 2,2,3,5-tetramethyl-",C52897093,148.7,1-3 1-3 1-3 1-4 1-4 1-4 2-3 2-3 3-4
10,"Hexane, 2,3,4,4-tetramethyl-",C52897128,162.2,1-2 1-3 1-3 1-3 1-4 1-4 2-4 3-3 3-4
10,"Pentane, 2,2,3,4,4-pentamethyl-",C16747458,159.3,1-3 1-4 1-4 1-4 1-4 1-4 1-4 3-4 3-4
10,"Hexane, 2,3,4,5-tetramethyl-",C52897151,155.4,1-3 1-3 1-3 1-3 1-3 1-3 3-3 3-3 3-3
10,"Hexane, 2,3,3,4-tetramethyl-",C52897106,164.6,1-2 1-3 1-3 1-3 1-4 1-4 2-3 3-4 3-4
10,"Hexane, 2,3,3,5-tetramethyl-",C52897117,152.9,1-3 1-3 1-3 1-3 1-4 1-4 2-3 2-4 3-4
10,"Pentane, 3-ethyl-2,2,4-trimethyl",C52897184,155.3,1-2 1-3 1-3 1-4 1-4 1-4 2-3 3-3 3-4
10,"Pentane, 2,4-dimethyl-3-(1-methylethyl)-",C13475791,157.0,1-3 1-3 1-3 1-3 1-3 1-3 3-3 3-3 3-3
10,"Pentane, 3-ethyl-2,3,4-trimethyl-",C52897195,169.4,1-2 1-3 1-3 1-3 1-3 1-4 2-4 3-4 3-4
10,"Heptane, 2,3,3-trimethyl-",C52896932,160.1,1-2 1-3 1-3 1-4 1-4 2-2 2-2 2-4 3-4
