test,seed,Q2_GM2,Q2_LO2,Q2_GM12,Q2_LOh
A: decane T_B,0,+0.4682111401,+0.4393099700,+0.5167729896,+0.2554048598
A: decane T_B,1,+0.3533923045,+0.3205188871,+0.5394202815,+0.5644041426
A: decane T_B,2,+0.5065377686,+0.3631303495,+0.5090143267,+0.2757507913
A: decane T_B,3,+0.4772459416,+0.4701026725,+0.5119002394,+0.5007876912
A: decane T_B,4,+0.4761884701,+0.6014394546,+0.4656660257,+0.5340406427
A: decane T_B,5,+0.4811358498,+0.4470830892,+0.5384443254,+0.3825522183
A: decane T_B,6,+0.5020370775,+0.4696164628,+0.4544068722,+0.3818622344
A: decane T_B,7,+0.4883454124,+0.2170620660,+0.4984034186,+0.3243446193
A: decane T_B,8,+0.4667918133,+0.5473948311,+0.5014859499,+0.4178268189
A: decane T_B,9,+0.4826178495,+0.5591139707,+0.4789579032,+0.5610610104
A: decane T_B,10,+0.4297166028,+0.5142374522,+0.4926885235,+0.5329343164
A: decane T_B,11,+0.4779879925,+0.4167032875,+0.5020179622,+0.4712497037
A: decane T_B,12,+0.4010416302,+0.4083729537,+0.5320800539,+0.1682505440
A: decane T_B,13,+0.4465966346,+0.5226463350,+0.4497994322,+0.3792831720
A: decane T_B,14,+0.4767431685,+0.5347073984,+0.4402024596,+0.1972051653
A: decane T_B,15,+0.4062028513,+0.3650446754,+0.5548190413,+0.1900400680
A: decane T_B,16,+0.4531308690,+0.3987143736,+0.5284525633,+0.5730275619
A: decane T_B,17,+0.4666767840,+0.5527463108,+0.4540185912,+0.5366117009
A: decane T_B,18,+0.4297557608,+0.5853074290,+0.4750468825,+0.4427250212
A: decane T_B,19,+0.4412827316,+0.3622297072,+0.5265213167,+0.4280696745
A: decane T_B,20,+0.4830339104,+0.4736740062,+0.5233911191,+0.1848715949
A: decane T_B,21,+0.5053618518,+0.4453863227,+0.4838531976,+0.3517177334
A: decane T_B,22,+0.4759258007,+0.3880399066,+0.5516862199,+0.1909726011
A: decane T_B,23,+0.4067677518,+0.4596111142,+0.5008269820,+0.2323162776
A: decane T_B,24,+0.4919504102,+0.4264390694,+0.5336420217,+0.5151114237
A: decane T_B,25,+0.4835406513,+0.5426076354,+0.4340105291,+0.3199126029
A: decane T_B,26,+0.4617726905,+0.5962109421,+0.4901081606,+0.5616065757
A: decane T_B,27,+0.4030699197,+0.4586636625,+0.4429286780,+0.4297610287
A: decane T_B,28,+0.4851191967,+0.4631886433,+0.4990009274,+0.5335494438
A: decane T_B,29,+0.4471341760,+0.0927562354,+0.5256756513,+0.5662117278
A: decane T_B,30,+0.4818731200,+0.5932859030,+0.5276533729,+0.3520785508
A: decane T_B,31,+0.4730857389,+0.3388676584,+0.5431020472,+0.3939083432
A: decane T_B,32,+0.5157842435,+0.6744473060,+0.5403822298,+0.2758834289
A: decane T_B,33,+0.4202720972,+0.4668086534,+0.4723371203,+0.2481681900
A: decane T_B,34,+0.4676186317,+0.5887842554,+0.5450501920,+0.5704795484
A: decane T_B,35,+0.4613415545,+0.3371259966,+0.5604307534,+0.4909658440
A: decane T_B,36,+0.4690207173,+0.5688942987,+0.5515197429,+0.5731830693
A: decane T_B,37,+0.4603948412,+0.4827114592,+0.5327430738,+0.2987447184
A: decane T_B,38,+0.4040997157,+0.5657320050,+0.5191655922,+0.5713586057
A: decane T_B,39,+0.4175785482,+0.4616383725,+0.4887568376,+0.3680820077
A: decane T_B,40,+0.4702424700,+0.3776676748,+0.5316857483,+0.2605328230
A: decane T_B,41,+0.4856216066,+0.5868231381,+0.4352241068,+0.3800591113
A: decane T_B,42,+0.5149246595,+0.5440760917,+0.4669575258,+0.3594579474
A: decane T_B,43,+0.4640135883,+0.5943206756,+0.5155213036,+0.5798845887
A: decane T_B,44,+0.4814935493,+0.5527543775,+0.5515754061,+0.5089576044
A: decane T_B,45,+0.4863932162,+0.4298180370,+0.5453329112,+0.5046483335
A: decane T_B,46,+0.4614937614,+0.3789133669,+0.3501908893,+0.5070877178
A: decane T_B,47,+0.4829412952,+0.4800353512,+0.5687349291,+0.3386747733
A: decane T_B,48,+0.4358666537,+0.4218763542,+0.4984037847,+0.5614248780
A: decane T_B,49,+0.4467875733,+0.3530481165,+0.5300443176,+0.3615571243
B: pooled C6-C10 T_B (size-adjusted),0,+0.9762048752,+0.9797471764,+0.9752571038,+0.9802946805
B: pooled C6-C10 T_B (size-adjusted),1,+0.9771575101,+0.9795227240,+0.9774385423,+0.9649325134
B: pooled C6-C10 T_B (size-adjusted),2,+0.9764935600,+0.9800498977,+0.9755407562,+0.9798242837
B: pooled C6-C10 T_B (size-adjusted),3,+0.9769292521,+0.9760618901,+0.9781836258,+0.9716515485
B: pooled C6-C10 T_B (size-adjusted),4,+0.9767855069,+0.9807409600,+0.9762626200,+0.9790673499
B: pooled C6-C10 T_B (size-adjusted),5,+0.9757629107,+0.9779725431,+0.9778107358,+0.9792092915
B: pooled C6-C10 T_B (size-adjusted),6,+0.9753227185,+0.9787579913,+0.9775615543,+0.9761808731
B: pooled C6-C10 T_B (size-adjusted),7,+0.9762943359,+0.9818331467,+0.9756094514,+0.9711999984
B: pooled C6-C10 T_B (size-adjusted),8,+0.9769969709,+0.9812607456,+0.9782768964,+0.9741784980
B: pooled C6-C10 T_B (size-adjusted),9,+0.9756491850,+0.9819382388,+0.9763278840,+0.9759288901
B: pooled C6-C10 T_B (size-adjusted),10,+0.9752253301,+0.9738553484,+0.9770592559,+0.9731436317
B: pooled C6-C10 T_B (size-adjusted),11,+0.9766891880,+0.9803835826,+0.9743998525,+0.9795505405
B: pooled C6-C10 T_B (size-adjusted),12,+0.9756818546,+0.9654172762,+0.9720788533,+0.9799011282
B: pooled C6-C10 T_B (size-adjusted),13,+0.9771120324,+0.9818616391,+0.9782221382,+0.9728799617
B: pooled C6-C10 T_B (size-adjusted),14,+0.9741182310,+0.9747769510,+0.9775635921,+0.9802926940
B: pooled C6-C10 T_B (size-adjusted),15,+0.9770050455,+0.9801204546,+0.9771918850,+0.9773641062
B: pooled C6-C10 T_B (size-adjusted),16,+0.9765303782,+0.9813731312,+0.9767539011,+0.9761220659
B: pooled C6-C10 T_B (size-adjusted),17,+0.9767334934,+0.9770151492,+0.9782597838,+0.9812783943
B: pooled C6-C10 T_B (size-adjusted),18,+0.9772246737,+0.9818207051,+0.9714703001,+0.9720204865
B: pooled C6-C10 T_B (size-adjusted),19,+0.9771739656,+0.9671425326,+0.9765988606,+0.9790778988
B: pooled C6-C10 T_B (size-adjusted),20,+0.9753428820,+0.9780416071,+0.9770108339,+0.9740332479
B: pooled C6-C10 T_B (size-adjusted),21,+0.9745031535,+0.9703419067,+0.9778345311,+0.9789602325
B: pooled C6-C10 T_B (size-adjusted),22,+0.9747478063,+0.9812658423,+0.9691613319,+0.9623484834
B: pooled C6-C10 T_B (size-adjusted),23,+0.9770821019,+0.9774673418,+0.9777857767,+0.9787814408
B: pooled C6-C10 T_B (size-adjusted),24,+0.9755681828,+0.9808265369,+0.9756218260,+0.9780308142
B: pooled C6-C10 T_B (size-adjusted),25,+0.9762690716,+0.9838284929,+0.9783529747,+0.9744443731
B: pooled C6-C10 T_B (size-adjusted),26,+0.9768633784,+0.9809132918,+0.9773685861,+0.9790679694
B: pooled C6-C10 T_B (size-adjusted),27,+0.9771946450,+0.9792355842,+0.9740617229,+0.9820593951
B: pooled C6-C10 T_B (size-adjusted),28,+0.9734120783,+0.9806330003,+0.9772104344,+0.9684324009
B: pooled C6-C10 T_B (size-adjusted),29,+0.9761995595,+0.9805755931,+0.9767131897,+0.9579522727
B: pooled C6-C10 T_B (size-adjusted),30,+0.9769530602,+0.9799528013,+0.9768110265,+0.9790911755
B: pooled C6-C10 T_B (size-adjusted),31,+0.9752652945,+0.9793078119,+0.9755846392,+0.9705556312
B: pooled C6-C10 T_B (size-adjusted),32,+0.9754732620,+0.9786597817,+0.9774036271,+0.9758955750
B: pooled C6-C10 T_B (size-adjusted),33,+0.9770676063,+0.9801647606,+0.9773723206,+0.9634443732
B: pooled C6-C10 T_B (size-adjusted),34,+0.9764576465,+0.9828233944,+0.9772112271,+0.9792078497
B: pooled C6-C10 T_B (size-adjusted),35,+0.9771701993,+0.9736541307,+0.9747154354,+0.9802305757
B: pooled C6-C10 T_B (size-adjusted),36,+0.9752594075,+0.9814696420,+0.9782284904,+0.9728417244
B: pooled C6-C10 T_B (size-adjusted),37,+0.9768704812,+0.9761273394,+0.9775709488,+0.9767315883
B: pooled C6-C10 T_B (size-adjusted),38,+0.9769252594,+0.9822152772,+0.9762639725,+0.9733646432
B: pooled C6-C10 T_B (size-adjusted),39,+0.9757130636,+0.9804739283,+0.9783111987,+0.9777887740
B: pooled C6-C10 T_B (size-adjusted),40,+0.9758220100,+0.9787897904,+0.9776588273,+0.9790899543
B: pooled C6-C10 T_B (size-adjusted),41,+0.9751316651,+0.9799781198,+0.9745742337,+0.9714156820
B: pooled C6-C10 T_B (size-adjusted),42,+0.9756252184,+0.9817926064,+0.9783567231,+0.9692167463
B: pooled C6-C10 T_B (size-adjusted),43,+0.9770803503,+0.9749757457,+0.9746572483,+0.9777602438
B: pooled C6-C10 T_B (size-adjusted),44,+0.9744007911,+0.9722610070,+0.9770748488,+0.9796348985
B: pooled C6-C10 T_B (size-adjusted),45,+0.9759763156,+0.9801506323,+0.9756387219,+0.9771009186
B: pooled C6-C10 T_B (size-adjusted),46,+0.9745044079,+0.9799746094,+0.9632648590,+0.9763857881
B: pooled C6-C10 T_B (size-adjusted),47,+0.9771686250,+0.9792168104,+0.9782382445,+0.9732230711
B: pooled C6-C10 T_B (size-adjusted),48,+0.9764829918,+0.9815907953,+0.9778103299,+0.9751397401
B: pooled C6-C10 T_B (size-adjusted),49,+0.9771472864,+0.9747974863,+0.9776060647,+0.9792774389
