test,replicate,n_sub,Q2_GM12,Q2_LOh,dQ2
A: decane T_B,0,27,0.4557814713,0.3403873094,-0.1153941619
A: decane T_B,1,27,0.5665840506,0.4387737618,-0.1278102888
A: decane T_B,2,27,0.3758167799,0.4970249397,+0.1212081598
A: decane T_B,3,27,0.4155703128,0.1233787217,-0.2921915911
A: decane T_B,4,27,0.4687175819,0.3989697539,-0.0697478279
A: decane T_B,5,27,0.4592129545,0.4968892429,+0.0376762884
A: decane T_B,6,27,0.6529496977,0.6440126035,-0.0089370942
A: decane T_B,7,27,0.4671473145,0.2166280630,-0.2505192515
A: decane T_B,8,27,0.3332437766,0.1688079387,-0.1644358379
A: decane T_B,9,27,0.6334776300,0.4687907265,-0.1646869034
A: decane T_B,10,27,0.4766548448,0.4917904680,+0.0151356233
A: decane T_B,11,27,0.3050011802,0.3341528026,+0.0291516224
A: decane T_B,12,27,0.5034366469,0.2603655311,-0.2430711158
A: decane T_B,13,27,0.2722091210,-0.1368551002,-0.4090642212
A: decane T_B,14,27,0.5098099408,0.3659353951,-0.1438745457
A: decane T_B,15,27,0.2371734701,0.5249783596,+0.2878048895
A: decane T_B,16,27,0.6082640867,0.5979486335,-0.0103154533
A: decane T_B,17,27,0.4952363726,0.3603747932,-0.1348615794
A: decane T_B,18,27,0.3235569663,0.3316283428,+0.0080713765
A: decane T_B,19,27,0.6165903713,0.4742605539,-0.1423298174
A: decane T_B,20,27,0.5192832356,0.1249956560,-0.3942875796
A: decane T_B,21,27,0.4803742307,-0.0718486905,-0.5522229212
A: decane T_B,22,27,0.5754041583,0.1570317893,-0.4183723690
A: decane T_B,23,27,0.4877034982,0.2182412127,-0.2694622855
A: decane T_B,24,27,0.4553576506,0.4400509424,-0.0153067082
A: decane T_B,25,27,0.5672497560,0.4896825835,-0.0775671725
A: decane T_B,26,27,0.5450568013,0.2135083294,-0.3315484718
A: decane T_B,27,27,0.3790977563,0.6507492872,+0.2716515309
A: decane T_B,28,27,0.6359410159,0.7169926119,+0.0810515960
A: decane T_B,29,27,0.5477312791,0.4648743646,-0.0828569145
A: decane T_B,30,27,0.3220404113,0.3303074817,+0.0082670704
A: decane T_B,31,27,0.3664319482,0.3521567041,-0.0142752441
A: decane T_B,32,27,0.4751460855,0.2679277768,-0.2072183087
A: decane T_B,33,27,0.4820737114,0.0841780174,-0.3978956939
A: decane T_B,34,27,0.4703638247,0.3890508102,-0.0813130144
A: decane T_B,35,27,0.6302404749,0.3239070085,-0.3063334663
A: decane T_B,36,27,0.5499226604,0.6240278520,+0.0741051916
A: decane T_B,37,27,0.5188269459,0.6013562424,+0.0825292965
A: decane T_B,38,27,0.4592819526,0.1003611995,-0.3589207531
A: decane T_B,39,27,0.6019196679,0.5845317919,-0.0173878760
A: decane T_B,40,27,0.0591657622,0.4137104211,+0.3545446589
A: decane T_B,41,27,0.6946940343,0.7203618149,+0.0256677806
A: decane T_B,42,27,0.5548404193,0.3731716278,-0.1816687915
A: decane T_B,43,27,0.5722127258,0.5331325778,-0.0390801480
A: decane T_B,44,27,0.4598424281,0.4947920133,+0.0349495852
A: decane T_B,45,27,0.4910568656,0.4098085564,-0.0812483092
A: decane T_B,46,27,0.2425543438,0.4571991055,+0.2146447617
A: decane T_B,47,27,0.3738225340,0.6300158833,+0.2561933494
A: decane T_B,48,27,0.4316321209,0.0081251790,-0.4235069419
A: decane T_B,49,27,0.5507475154,0.4091592781,-0.1415882373
A: decane T_B,50,27,0.4295926706,0.4643021866,+0.0347095160
A: decane T_B,51,27,0.6364909076,0.3174322991,-0.3190586085
A: decane T_B,52,27,0.2778801860,0.3839418697,+0.1060616836
A: decane T_B,53,27,0.6045320093,0.4499922014,-0.1545398078
A: decane T_B,54,27,0.5519660898,0.1913080159,-0.3606580739
A: decane T_B,55,27,0.3711028096,0.4297969031,+0.0586940935
A: decane T_B,56,27,0.5331249111,0.3738548702,-0.1592700409
A: decane T_B,57,27,0.4641078770,0.5288286229,+0.0647207459
A: decane T_B,58,27,0.5255105483,0.2519980273,-0.2735125209
A: decane T_B,59,27,0.5226683183,0.5291314884,+0.0064631701
A: decane T_B,60,27,0.5825751797,0.3931548821,-0.1894202976
A: decane T_B,61,27,0.4494915818,0.5037992273,+0.0543076455
A: decane T_B,62,27,0.5464060985,0.4082634681,-0.1381426305
A: decane T_B,63,27,0.5086626762,0.5826914486,+0.0740287724
A: decane T_B,64,27,0.5456720324,0.5351170608,-0.0105549717
A: decane T_B,65,27,0.4805658072,0.2116155977,-0.2689502095
A: decane T_B,66,27,0.4496927837,-0.0576015220,-0.5072943057
A: decane T_B,67,27,0.5020521121,0.4785785562,-0.0234735559
A: decane T_B,68,27,0.5983164821,0.4236864893,-0.1746299928
A: decane T_B,69,27,0.3605732886,0.5849915079,+0.2244182193
A: decane T_B,70,27,0.4757238922,-0.1341102538,-0.6098341460
A: decane T_B,71,27,0.4812318443,-0.0776945005,-0.5589263448
A: decane T_B,72,27,0.4861753189,0.5767942092,+0.0906188904
A: decane T_B,73,27,0.2601759406,0.5690028540,+0.3088269134
A: decane T_B,74,27,0.4387617281,0.0101956129,-0.4285661152
A: decane T_B,75,27,0.3057509662,0.1927338982,-0.1130170680
A: decane T_B,76,27,0.5616963568,0.1123104887,-0.4493858681
A: decane T_B,77,27,0.4444518342,0.3538603603,-0.0905914739
A: decane T_B,78,27,0.4744101599,0.4194474136,-0.0549627462
A: decane T_B,79,27,0.5391098249,0.3441554938,-0.1949543310
A: decane T_B,80,27,0.3663329284,0.5050650317,+0.1387321033
A: decane T_B,81,27,0.5413321200,0.2954021211,-0.2459299989
A: decane T_B,82,27,0.4479975322,0.2072003734,-0.2407971588
A: decane T_B,83,27,0.4093572499,0.1161489096,-0.2932083403
A: decane T_B,84,27,0.4896606727,0.0675110883,-0.4221495843
A: decane T_B,85,27,0.4567515579,0.5239594709,+0.0672079130
A: decane T_B,86,27,0.1057752596,0.4024282938,+0.2966530342
A: decane T_B,87,27,0.5253484246,0.3484537332,-0.1768946914
A: decane T_B,88,27,0.2477889341,0.3058857159,+0.0580967818
A: decane T_B,89,27,0.5517384486,0.4315668332,-0.1201716154
A: decane T_B,90,27,0.6440527741,0.5536075530,-0.0904452211
A: decane T_B,91,27,0.6203470743,0.3388394622,-0.2815076121
A: decane T_B,92,27,0.3996914102,0.4517890009,+0.0520975907
A: decane T_B,93,27,0.5794973137,0.2348420177,-0.3446552960
A: decane T_B,94,27,0.2299849956,-0.0417221276,-0.2717071231
A: decane T_B,95,27,0.3885057785,0.1738002122,-0.2147055664
A: decane T_B,96,27,0.4117580111,0.3591431748,-0.0526148362
A: decane T_B,97,27,0.5028955393,0.3880032507,-0.1148922887
A: decane T_B,98,27,0.4584973890,-0.0715246825,-0.5300220715
A: decane T_B,99,27,0.5178475630,0.1051810622,-0.4126665008
A: decane T_B,100,27,0.5028875494,-0.0089236051,-0.5118111544
A: decane T_B,101,27,0.5135276208,0.4069522547,-0.1065753661
A: decane T_B,102,27,0.3924755400,0.2771706453,-0.1153048946
A: decane T_B,103,27,0.5615291468,0.4601038954,-0.1014252513
A: decane T_B,104,27,0.4897403799,0.5551660548,+0.0654256749
A: decane T_B,105,27,0.3929751563,0.0958185768,-0.2971565794
A: decane T_B,106,27,0.4971075939,0.4268625418,-0.0702450522
A: decane T_B,107,27,0.0729171211,0.6879840426,+0.6150669215
A: decane T_B,108,27,0.6066349906,0.5881014599,-0.0185335307
A: decane T_B,109,27,0.5743306314,0.3729449840,-0.2013856475
A: decane T_B,110,27,0.2687520966,0.3619982339,+0.0932461374
A: decane T_B,111,27,0.5935833036,0.3865523998,-0.2070309038
A: decane T_B,112,27,0.5040958048,0.3829006999,-0.1211951049
A: decane T_B,113,27,0.4999765589,0.1409916500,-0.3589849089
A: decane T_B,114,27,0.4297570374,0.3597959977,-0.0699610397
A: decane T_B,115,27,0.4736858532,0.1788684837,-0.2948173696
A: decane T_B,116,27,0.4250061966,0.6713260124,+0.2463198158
A: decane T_B,117,27,0.7098180093,0.5628763653,-0.1469416441
A: decane T_B,118,27,0.5058541178,0.4664308967,-0.0394232211
A: decane T_B,119,27,0.6131851042,0.5277924913,-0.0853926129
A: decane T_B,120,27,0.4034896555,-0.1517770953,-0.5552667508
A: decane T_B,121,27,0.5784662611,0.2546650217,-0.3238012394
A: decane T_B,122,27,0.5521605905,0.1102982609,-0.4418623297
A: decane T_B,123,27,0.3370043830,0.1669495174,-0.1700548656
A: decane T_B,124,27,0.4565999377,0.4180689573,-0.0385309803
A: decane T_B,125,27,0.1511854218,0.4657394201,+0.3145539982
A: decane T_B,126,27,0.5036305631,0.5221695473,+0.0185389842
A: decane T_B,127,27,0.4659766595,0.0034355344,-0.4625411251
A: decane T_B,128,27,0.5508755181,0.4168356717,-0.1340398464
A: decane T_B,129,27,0.6284898837,0.5111907509,-0.1172991328
A: decane T_B,130,27,0.5969534705,0.6597669752,+0.0628135047
A: decane T_B,131,27,0.5645452146,0.3607892034,-0.2037560112
A: decane T_B,132,27,0.5000039137,0.4763688415,-0.0236350722
A: decane T_B,133,27,0.4145681934,-0.0873017279,-0.5018699213
A: decane T_B,134,27,0.4420715961,0.5669875462,+0.1249159502
A: decane T_B,135,27,0.4592281587,0.1000760999,-0.3591520589
A: decane T_B,136,27,0.5221355792,0.0042751280,-0.5178604512
A: decane T_B,137,27,0.4314107393,0.4434214049,+0.0120106656
A: decane T_B,138,27,0.3949421895,0.5213358747,+0.1263936852
A: decane T_B,139,27,0.4143609190,0.0990373470,-0.3153235720
A: decane T_B,140,27,0.4765753101,0.4366399797,-0.0399353304
A: decane T_B,141,27,0.4722328113,0.5417678215,+0.0695350102
A: decane T_B,142,27,0.0465053968,0.5463592612,+0.4998538644
A: decane T_B,143,27,0.3470939562,0.4799377690,+0.1328438128
A: decane T_B,144,27,0.4606614941,0.2367582029,-0.2239032912
A: decane T_B,145,27,0.2500896272,0.6051962528,+0.3551066257
A: decane T_B,146,27,0.5134648377,0.2641888681,-0.2492759696
A: decane T_B,147,27,0.5862374449,0.5160191422,-0.0702183027
A: decane T_B,148,27,0.4901069624,0.1855055180,-0.3046014444
A: decane T_B,149,27,0.2707717196,0.2366194329,-0.0341522867
A: decane T_B,150,27,0.0425861333,-0.2615682257,-0.3041543590
A: decane T_B,151,27,0.6069709374,0.4633850195,-0.1435859179
A: decane T_B,152,27,0.5241419372,0.2575215696,-0.2666203676
A: decane T_B,153,27,0.5628266220,0.5749250309,+0.0120984089
A: decane T_B,154,27,0.5582686802,0.4555667111,-0.1027019691
A: decane T_B,155,27,0.3791677168,0.3357757997,-0.0433919171
A: decane T_B,156,27,0.5148714400,0.4210207124,-0.0938507276
A: decane T_B,157,27,0.5148597265,0.4491290094,-0.0657307171
A: decane T_B,158,27,0.5972266299,0.6351741374,+0.0379475075
A: decane T_B,159,27,0.6795252909,0.6040279208,-0.0754973701
A: decane T_B,160,27,0.5249753143,0.4833778175,-0.0415974968
A: decane T_B,161,27,0.6394125215,0.3982167564,-0.2411957651
A: decane T_B,162,27,0.3250703795,0.5025970224,+0.1775266429
A: decane T_B,163,27,0.2957599536,0.1130225093,-0.1827374443
A: decane T_B,164,27,0.6042295213,0.3055642319,-0.2986652894
A: decane T_B,165,27,0.5486074858,0.3364254892,-0.2121819966
A: decane T_B,166,27,0.5474252782,0.4158583089,-0.1315669693
A: decane T_B,167,27,0.5162881146,0.3237033509,-0.1925847637
A: decane T_B,168,27,0.5280366564,0.2695825239,-0.2584541326
A: decane T_B,169,27,0.4307311666,0.6854842710,+0.2547531044
A: decane T_B,170,27,0.4835113853,0.5335937789,+0.0500823936
A: decane T_B,171,27,0.4254510572,0.2737160449,-0.1517350123
A: decane T_B,172,27,-0.0576193765,0.2077235266,+0.2653429031
A: decane T_B,173,27,0.5814004175,0.5338568176,-0.0475436000
A: decane T_B,174,27,0.5422612335,0.4378714505,-0.1043897831
A: decane T_B,175,27,0.4254049189,0.2034908562,-0.2219140627
A: decane T_B,176,27,0.5110031303,0.6020723027,+0.0910691723
A: decane T_B,177,27,0.4176821893,0.0073069457,-0.4103752436
A: decane T_B,178,27,0.6100505274,0.2262036065,-0.3838469209
A: decane T_B,179,27,0.3237944567,-0.0361891438,-0.3599836005
A: decane T_B,180,27,0.5304958635,0.3103202920,-0.2201755715
A: decane T_B,181,27,0.4870233222,0.2187127431,-0.2683105791
A: decane T_B,182,27,0.4020437787,0.2362919162,-0.1657518624
A: decane T_B,183,27,0.5828644168,0.6911692465,+0.1083048296
A: decane T_B,184,27,0.5101645561,0.5686511666,+0.0584866105
A: decane T_B,185,27,0.4987602080,0.1348258251,-0.3639343829
A: decane T_B,186,27,0.5989618076,0.5752848659,-0.0236769416
A: decane T_B,187,27,0.3429903253,0.0470285240,-0.2959618012
A: decane T_B,188,27,0.5530422739,0.3378334917,-0.2152087823
A: decane T_B,189,27,0.6456793989,0.6087556786,-0.0369237203
A: decane T_B,190,27,0.6104657880,0.4567229696,-0.1537428184
A: decane T_B,191,27,0.5128206743,0.5930060580,+0.0801853837
A: decane T_B,192,27,0.4054625615,0.0694773876,-0.3359851740
A: decane T_B,193,27,0.6097514242,0.4958385671,-0.1139128571
A: decane T_B,194,27,0.5506489875,0.1644968552,-0.3861521323
A: decane T_B,195,27,0.5475825956,0.3987558324,-0.1488267631
A: decane T_B,196,27,0.5424278968,0.6658474350,+0.1234195381
A: decane T_B,197,27,0.4554686240,0.5286025466,+0.0731339225
A: decane T_B,198,27,0.4194552816,0.2605654662,-0.1588898154
A: decane T_B,199,27,0.5100223911,0.2852377063,-0.2247846848
A: decane T_B,200,27,0.5099251759,0.3787073149,-0.1312178610
A: decane T_B,201,27,0.6751539416,0.6293320269,-0.0458219147
A: decane T_B,202,27,0.4433689681,0.4782989285,+0.0349299604
A: decane T_B,203,27,0.7390448707,0.7706628165,+0.0316179457
A: decane T_B,204,27,0.3274751854,0.0582858654,-0.2691893200
A: decane T_B,205,27,0.3300963256,-0.0423469158,-0.3724432414
A: decane T_B,206,27,0.1630224162,0.4976022494,+0.3345798333
A: decane T_B,207,27,0.5443585831,0.3736292078,-0.1707293752
A: decane T_B,208,27,0.3612590292,-0.1617880719,-0.5230471011
A: decane T_B,209,27,0.6396079131,0.4882250907,-0.1513828224
A: decane T_B,210,27,0.2650679570,0.0169531833,-0.2481147737
A: decane T_B,211,27,0.5497669033,0.2026207454,-0.3471461579
A: decane T_B,212,27,0.5121394573,0.4790490794,-0.0330903780
A: decane T_B,213,27,0.5923558209,0.3653931495,-0.2269626714
A: decane T_B,214,27,0.4268496274,-0.1817490123,-0.6085986397
A: decane T_B,215,27,0.4541963871,0.4174719255,-0.0367244616
A: decane T_B,216,27,0.5812120679,0.1755330819,-0.4056789859
A: decane T_B,217,27,0.6212413430,0.6146807399,-0.0065606031
A: decane T_B,218,27,0.5728825892,0.4253541870,-0.1475284021
A: decane T_B,219,27,0.5261585930,0.3911418155,-0.1350167775
A: decane T_B,220,27,0.5449755407,0.5945583433,+0.0495828026
A: decane T_B,221,27,0.1928957931,0.2901053638,+0.0972095707
A: decane T_B,222,27,0.5473633348,0.5041761301,-0.0431872047
A: decane T_B,223,27,0.5999534033,0.3675640170,-0.2323893862
A: decane T_B,224,27,0.5572014337,0.6047212327,+0.0475197990
A: decane T_B,225,27,0.4876423326,0.1687973808,-0.3188449518
A: decane T_B,226,27,0.5703209844,0.4242671972,-0.1460537872
A: decane T_B,227,27,0.5152928602,0.5236356342,+0.0083427739
A: decane T_B,228,27,0.3963609144,0.3592407012,-0.0371202131
A: decane T_B,229,27,0.6192100153,0.6845998134,+0.0653897982
A: decane T_B,230,27,0.4897096631,0.6626309097,+0.1729212466
A: decane T_B,231,27,0.4956496316,0.5301894778,+0.0345398462
A: decane T_B,232,27,0.5099723465,0.2338911683,-0.2760811782
A: decane T_B,233,27,0.4271339599,0.4208968130,-0.0062371469
A: decane T_B,234,27,0.4862314774,0.3427562776,-0.1434751999
A: decane T_B,235,27,0.5267401194,0.3863900521,-0.1403500672
A: decane T_B,236,27,0.6035820456,0.5150948564,-0.0884871893
A: decane T_B,237,27,0.2107284706,0.1120933578,-0.0986351128
A: decane T_B,238,27,0.5152464187,0.3271616258,-0.1880847929
A: decane T_B,239,27,0.6009913139,0.2648490055,-0.3361423084
A: decane T_B,240,27,0.4676801969,0.6384235659,+0.1707433690
A: decane T_B,241,27,0.2260707589,0.5538160081,+0.3277452491
A: decane T_B,242,27,0.5590197659,0.3921149304,-0.1669048354
A: decane T_B,243,27,0.4800758932,0.3921277428,-0.0879481504
A: decane T_B,244,27,0.4834010106,0.5825347835,+0.0991337729
A: decane T_B,245,27,0.4568809554,0.1438819924,-0.3129989630
A: decane T_B,246,27,0.2364382009,0.0303565612,-0.2060816397
A: decane T_B,247,27,0.4089030672,0.3608673810,-0.0480356863
A: decane T_B,248,27,0.1304188572,-0.0323953853,-0.1628142425
A: decane T_B,249,27,0.5375029888,0.2926127864,-0.2448902025
A: decane T_B,250,27,0.6035774754,0.5515576118,-0.0520198636
A: decane T_B,251,27,0.6118247341,0.4636204096,-0.1482043245
A: decane T_B,252,27,0.5478851554,0.4008261050,-0.1470590504
A: decane T_B,253,27,0.6170910569,0.4187777221,-0.1983133347
A: decane T_B,254,27,0.5407650641,0.4167909842,-0.1239740799
A: decane T_B,255,27,0.5501525979,0.3163997286,-0.2337528693
A: decane T_B,256,27,0.5422936932,0.4459624300,-0.0963312632
A: decane T_B,257,27,0.5339262022,0.1839719406,-0.3499542616
A: decane T_B,258,27,0.4643713759,0.1712373400,-0.2931340358
A: decane T_B,259,27,0.4231895057,0.3145583036,-0.1086312021
A: decane T_B,260,27,0.3948030004,0.4775482926,+0.0827452922
A: decane T_B,261,27,0.4770121075,0.4656095003,-0.0114026072
A: decane T_B,262,27,0.3221135019,0.2758368851,-0.0462766168
A: decane T_B,263,27,0.5952489923,0.5533089531,-0.0419400391
A: decane T_B,264,27,0.4892370870,0.4235282264,-0.0657088606
A: decane T_B,265,27,0.5415147984,0.2590702864,-0.2824445120
A: decane T_B,266,27,0.5128002539,0.5355030642,+0.0227028103
A: decane T_B,267,27,0.6343062822,0.6101651219,-0.0241411603
A: decane T_B,268,27,0.4865683733,0.2573612772,-0.2292070961
A: decane T_B,269,27,0.3427797667,0.1355592095,-0.2072205572
A: decane T_B,270,27,0.4365313068,0.4974566487,+0.0609253419
A: decane T_B,271,27,0.4446953111,0.6816857705,+0.2369904594
A: decane T_B,272,27,0.5154888816,0.0003089417,-0.5151799399
A: decane T_B,273,27,0.4762169705,0.0291741659,-0.4470428046
A: decane T_B,274,27,0.6472874013,0.6388114683,-0.0084759330
A: decane T_B,275,27,0.4162247437,0.6105760830,+0.1943513392
A: decane T_B,276,27,0.5271845955,0.3830890900,-0.1440955054
A: decane T_B,277,27,0.4919311919,0.3587648223,-0.1331663696
A: decane T_B,278,27,0.2025832845,0.6961372481,+0.4935539636
A: decane T_B,279,27,0.5971292947,0.6303884133,+0.0332591187
A: decane T_B,280,27,0.6928354781,0.6042540451,-0.0885814330
A: decane T_B,281,27,0.4348467127,0.5798648657,+0.1450181529
A: decane T_B,282,27,0.5264422544,0.2235746445,-0.3028676099
A: decane T_B,283,27,0.4909012889,-0.2268868585,-0.7177881474
A: decane T_B,284,27,0.4717551962,0.2234276848,-0.2483275114
A: decane T_B,285,27,0.4971192632,0.6447689365,+0.1476496734
A: decane T_B,286,27,0.1811457367,0.4819885456,+0.3008428089
A: decane T_B,287,27,0.5471564015,0.4363530722,-0.1108033293
A: decane T_B,288,27,0.4643649514,0.5778972338,+0.1135322825
A: decane T_B,289,27,0.4656270335,0.2950676145,-0.1705594191
A: decane T_B,290,27,0.4576016545,0.5325594854,+0.0749578309
A: decane T_B,291,27,0.2428676655,0.5781345918,+0.3352669263
A: decane T_B,292,27,0.3858647593,0.1607800037,-0.2250847556
A: decane T_B,293,27,0.5396812614,0.3046681083,-0.2350131531
A: decane T_B,294,27,0.3630182015,0.5192176743,+0.1561994728
A: decane T_B,295,27,0.6075036331,0.5837858751,-0.0237177580
A: decane T_B,296,27,0.3479288757,0.5984707079,+0.2505418322
A: decane T_B,297,27,0.4181496486,0.1229083474,-0.2952413012
A: decane T_B,298,27,0.4759948918,0.3265744840,-0.1494204078
A: decane T_B,299,27,0.4570223883,0.4596901252,+0.0026677369
A: decane T_B,300,27,0.5656293109,0.3266135102,-0.2390158007
A: decane T_B,301,27,0.5230718637,0.5754602311,+0.0523883674
A: decane T_B,302,27,0.3889814917,0.3226359146,-0.0663455771
A: decane T_B,303,27,0.3790546886,0.4179966519,+0.0389419633
A: decane T_B,304,27,0.5912970217,0.3448921430,-0.2464048788
A: decane T_B,305,27,0.4251942291,0.5550641909,+0.1298699618
A: decane T_B,306,27,0.3423883577,0.6382563589,+0.2958680012
A: decane T_B,307,27,0.4301125034,0.2870709901,-0.1430415133
A: decane T_B,308,27,0.5044302265,0.2393106554,-0.2651195711
A: decane T_B,309,27,0.4189671960,0.1146231646,-0.3043440314
A: decane T_B,310,27,0.4601512107,0.3642639465,-0.0958872642
A: decane T_B,311,27,0.5321364033,0.4055930112,-0.1265433922
A: decane T_B,312,27,0.4368532582,0.4679028822,+0.0310496241
A: decane T_B,313,27,0.3305312736,0.5394591091,+0.2089278355
A: decane T_B,314,27,0.3257960493,0.5605257694,+0.2347297200
A: decane T_B,315,27,0.3970952373,0.1322468500,-0.2648483873
A: decane T_B,316,27,0.2976629413,0.5819336269,+0.2842706856
A: decane T_B,317,27,0.2948314886,0.6474811536,+0.3526496651
A: decane T_B,318,27,0.4160689186,0.4255491786,+0.0094802599
A: decane T_B,319,27,0.6670048022,0.6984814904,+0.0314766882
A: decane T_B,320,27,0.5549568798,0.4539759858,-0.1009808940
A: decane T_B,321,27,0.5577047185,0.2362025756,-0.3215021429
A: decane T_B,322,27,0.2458656425,0.2320513170,-0.0138143256
A: decane T_B,323,27,0.4486639200,0.4666118656,+0.0179479456
A: decane T_B,324,27,0.5292747987,0.4602453883,-0.0690294104
A: decane T_B,325,27,0.3948789315,0.4293961434,+0.0345172119
A: decane T_B,326,27,0.4981269489,0.4127748070,-0.0853521420
A: decane T_B,327,27,0.5013885049,0.3585114056,-0.1428770993
A: decane T_B,328,27,0.4297103322,0.2872725535,-0.1424377787
A: decane T_B,329,27,0.5365661951,0.0306044488,-0.5059617463
A: decane T_B,330,27,0.7293412131,0.6672085770,-0.0621326362
A: decane T_B,331,27,0.4643724050,0.5064483321,+0.0420759270
A: decane T_B,332,27,0.5475462643,0.1165593662,-0.4309868981
A: decane T_B,333,27,0.4407211996,0.1929496057,-0.2477715939
A: decane T_B,334,27,0.6169461425,0.3846973774,-0.2322487651
A: decane T_B,335,27,0.4790083252,0.5824757995,+0.1034674743
A: decane T_B,336,27,0.3119300325,0.0541454650,-0.2577845675
A: decane T_B,337,27,0.5075284625,0.3182728439,-0.1892556186
A: decane T_B,338,27,0.5887970092,0.6421573235,+0.0533603142
A: decane T_B,339,27,0.5628224963,0.4070573782,-0.1557651181
A: decane T_B,340,27,0.2720635922,0.7179832124,+0.4459196202
A: decane T_B,341,27,0.6636296995,0.6230415605,-0.0405881389
A: decane T_B,342,27,0.4617843783,0.3873803469,-0.0744040314
A: decane T_B,343,27,0.3957834971,0.3692776120,-0.0265058851
A: decane T_B,344,27,0.4632489858,0.4408972040,-0.0223517817
A: decane T_B,345,27,0.4242215851,0.1923084902,-0.2319130949
A: decane T_B,346,27,0.6507362540,0.4829804009,-0.1677558531
A: decane T_B,347,27,0.5294906927,0.3115099006,-0.2179807921
A: decane T_B,348,27,0.5634180449,0.5260544632,-0.0373635817
A: decane T_B,349,27,0.3590109205,0.1227661659,-0.2362447546
A: decane T_B,350,27,0.5235974868,0.4404641555,-0.0831333313
A: decane T_B,351,27,0.5110528618,0.3856012428,-0.1254516190
A: decane T_B,352,27,0.4352589533,0.1900150975,-0.2452438558
A: decane T_B,353,27,0.5332917413,0.2898644843,-0.2434272570
A: decane T_B,354,27,0.5753345419,0.5103839295,-0.0649506124
A: decane T_B,355,27,0.5135368343,0.4134600971,-0.1000767373
A: decane T_B,356,27,0.4593536648,0.6546653111,+0.1953116463
A: decane T_B,357,27,0.6016168809,0.4661999167,-0.1354169641
A: decane T_B,358,27,0.5879848729,0.6501392861,+0.0621544132
A: decane T_B,359,27,0.6525322338,0.3577341981,-0.2947980357
A: decane T_B,360,27,0.4217558074,0.3568649468,-0.0648908606
A: decane T_B,361,27,0.4753802575,0.0150068772,-0.4603733804
A: decane T_B,362,27,0.4700113439,0.3780973144,-0.0919140295
A: decane T_B,363,27,0.5407924529,0.5638669768,+0.0230745240
A: decane T_B,364,27,0.3156698304,-0.0658138254,-0.3814836557
A: decane T_B,365,27,0.4865759439,0.2256899996,-0.2608859443
A: decane T_B,366,27,0.5154986013,0.4109049555,-0.1045936458
A: decane T_B,367,27,0.5983126898,0.5799928461,-0.0183198437
A: decane T_B,368,27,0.5498844804,0.4815010820,-0.0683833984
A: decane T_B,369,27,0.6043292289,0.5666451713,-0.0376840576
A: decane T_B,370,27,0.4457489187,0.3229096278,-0.1228392908
A: decane T_B,371,27,0.5612260980,0.3117934715,-0.2494326265
A: decane T_B,372,27,0.5901451840,0.5435487593,-0.0465964247
A: decane T_B,373,27,0.4660419939,0.5568505792,+0.0908085853
A: decane T_B,374,27,0.5251962319,0.2780699596,-0.2471262723
A: decane T_B,375,27,0.3513737234,0.2153199832,-0.1360537402
A: decane T_B,376,27,0.2182355662,0.2041704631,-0.0140651031
A: decane T_B,377,27,0.3840489534,0.6190947008,+0.2350457474
A: decane T_B,378,27,0.4876235893,0.1299130273,-0.3577105620
A: decane T_B,379,27,0.4902066726,0.2174418047,-0.2727648679
A: decane T_B,380,27,0.4637046809,-0.1174477620,-0.5811524429
A: decane T_B,381,27,0.5067513477,0.4232165923,-0.0835347554
A: decane T_B,382,27,0.5460417877,0.1311848394,-0.4148569483
A: decane T_B,383,27,0.5273167441,0.4282125355,-0.0991042086
A: decane T_B,384,27,0.5279042643,0.3295651850,-0.1983390793
A: decane T_B,385,27,0.5647324681,0.3500945000,-0.2146379682
A: decane T_B,386,27,0.4509649921,0.3040847961,-0.1468801961
A: decane T_B,387,27,0.3418046451,0.4200490754,+0.0782444303
A: decane T_B,388,27,0.5831721758,0.5401126345,-0.0430595414
A: decane T_B,389,27,0.6053796230,0.6102112419,+0.0048316189
A: decane T_B,390,27,0.6774397134,0.7017266866,+0.0242869732
A: decane T_B,391,27,0.5208059910,0.4361604163,-0.0846455747
A: decane T_B,392,27,0.3713893405,0.3056132558,-0.0657760847
A: decane T_B,393,27,0.4794300062,0.2786697557,-0.2007602505
A: decane T_B,394,27,0.4171158551,0.3498988110,-0.0672170441
A: decane T_B,395,27,0.2831211870,0.6124373431,+0.3293161561
A: decane T_B,396,27,0.5029241006,0.3657648624,-0.1371592382
A: decane T_B,397,27,0.5880731777,0.4553197070,-0.1327534707
A: decane T_B,398,27,0.4610431158,0.5507770722,+0.0897339565
A: decane T_B,399,27,0.5205202174,0.2208906415,-0.2996295759
A: decane T_B,400,27,0.3861504981,0.3768460344,-0.0093044637
A: decane T_B,401,27,0.2993741731,0.2887546955,-0.0106194776
A: decane T_B,402,27,0.4444378194,-0.1532669313,-0.5977047507
A: decane T_B,403,27,0.4820814052,0.2620895727,-0.2199918325
A: decane T_B,404,27,0.6353926835,0.4163213643,-0.2190713193
A: decane T_B,405,27,0.4548413537,0.6010677124,+0.1462263587
A: decane T_B,406,27,0.4573657471,0.5002429218,+0.0428771746
A: decane T_B,407,27,0.5256624384,0.4336491278,-0.0920133106
A: decane T_B,408,27,0.6648983686,0.4380473767,-0.2268509918
A: decane T_B,409,27,0.5529112178,0.2607982101,-0.2921130076
A: decane T_B,410,27,0.5518295227,0.6135431376,+0.0617136149
A: decane T_B,411,27,0.4205550312,0.2773266320,-0.1432283992
A: decane T_B,412,27,0.6139714242,0.3719902040,-0.2419812202
A: decane T_B,413,27,0.4083677024,0.1036664143,-0.3047012881
A: decane T_B,414,27,0.5059570937,0.3236031991,-0.1823538947
A: decane T_B,415,27,0.2448414689,0.0296471569,-0.2151943119
A: decane T_B,416,27,0.5325354561,0.4368326690,-0.0957027871
A: decane T_B,417,27,0.4465684391,0.6350776293,+0.1885091902
A: decane T_B,418,27,0.4098308558,0.1286697675,-0.2811610883
A: decane T_B,419,27,0.5475208938,0.6153691237,+0.0678482299
A: decane T_B,420,27,0.5291571734,0.3412391540,-0.1879180194
A: decane T_B,421,27,0.4855227754,0.5273113878,+0.0417886124
A: decane T_B,422,27,0.4685470613,0.0514194096,-0.4171276517
A: decane T_B,423,27,0.4653342497,0.1840152389,-0.2813190108
A: decane T_B,424,27,0.2965454466,0.1987835371,-0.0977619094
A: decane T_B,425,27,0.3726516460,0.0547790479,-0.3178725981
A: decane T_B,426,27,0.5334583560,0.4444816283,-0.0889767277
A: decane T_B,427,27,0.4829711035,0.3385311362,-0.1444399673
A: decane T_B,428,27,0.0935574170,0.4809015076,+0.3873440906
A: decane T_B,429,27,0.6847560856,0.6940353779,+0.0092792923
A: decane T_B,430,27,0.4234802493,0.3709079359,-0.0525723134
A: decane T_B,431,27,0.4277911988,0.4995112791,+0.0717200804
A: decane T_B,432,27,0.5356750017,0.3971771201,-0.1384978816
A: decane T_B,433,27,0.3349539846,0.6425459204,+0.3075919358
A: decane T_B,434,27,0.5063481123,0.3313984805,-0.1749496317
A: decane T_B,435,27,0.5866809059,0.5554147267,-0.0312661792
A: decane T_B,436,27,0.6399063087,0.2992277292,-0.3406785795
A: decane T_B,437,27,0.4124682341,0.4363273760,+0.0238591420
A: decane T_B,438,27,0.5722518212,0.4261026789,-0.1461491423
A: decane T_B,439,27,0.5134191039,0.1830753379,-0.3303437659
A: decane T_B,440,27,0.5984813122,0.5841001335,-0.0143811787
A: decane T_B,441,27,0.2408248076,0.4302906431,+0.1894658355
A: decane T_B,442,27,0.4794311565,0.5184124589,+0.0389813024
A: decane T_B,443,27,0.5261271608,0.0739169653,-0.4522101954
A: decane T_B,444,27,0.3871021072,0.3300035741,-0.0570985330
A: decane T_B,445,27,0.7175221946,0.6486693781,-0.0688528165
A: decane T_B,446,27,0.5497303106,0.2219540481,-0.3277762626
A: decane T_B,447,27,0.2938747057,0.5740045683,+0.2801298626
A: decane T_B,448,27,0.1735235384,0.1253446032,-0.0481789352
A: decane T_B,449,27,0.5147618216,0.3204779394,-0.1942838822
A: decane T_B,450,27,0.5721843736,0.5166160238,-0.0555683498
A: decane T_B,451,27,0.6061333854,0.4889157121,-0.1172176733
A: decane T_B,452,27,0.4988237385,0.3527842231,-0.1460395154
A: decane T_B,453,27,0.4911727505,0.2804014023,-0.2107713483
A: decane T_B,454,27,0.2183979199,0.4753124394,+0.2569145195
A: decane T_B,455,27,0.5775559072,0.4223636174,-0.1551922898
A: decane T_B,456,27,0.5821965617,0.2919730576,-0.2902235041
A: decane T_B,457,27,0.5417276538,0.3444242106,-0.1973034432
A: decane T_B,458,27,0.6485287229,0.5483315531,-0.1001971697
A: decane T_B,459,27,0.2108264643,0.4736628585,+0.2628363942
A: decane T_B,460,27,0.4972923990,0.2879511553,-0.2093412437
A: decane T_B,461,27,0.5796870975,0.3317543091,-0.2479327884
A: decane T_B,462,27,0.4853293730,0.3954912548,-0.0898381182
A: decane T_B,463,27,0.3762058482,0.3681453402,-0.0080605080
A: decane T_B,464,27,0.3665634025,0.5266231157,+0.1600597133
A: decane T_B,465,27,0.2479778222,-0.0765667787,-0.3245446009
A: decane T_B,466,27,0.3829098924,-0.0517385123,-0.4346484048
A: decane T_B,467,27,0.5521600251,0.2948391417,-0.2573208833
A: decane T_B,468,27,0.4963747497,0.5252193155,+0.0288445658
A: decane T_B,469,27,0.5635153499,0.1099485632,-0.4535667867
A: decane T_B,470,27,0.5280407923,0.2484668863,-0.2795739060
A: decane T_B,471,27,0.2861796416,0.3454897790,+0.0593101374
A: decane T_B,472,27,0.5073867619,0.4903896680,-0.0169970939
A: decane T_B,473,27,0.4926532910,0.4223451536,-0.0703081373
A: decane T_B,474,27,0.3403074526,0.1768744935,-0.1634329591
A: decane T_B,475,27,0.5175015202,0.2166221274,-0.3008793928
A: decane T_B,476,27,0.4713749390,0.3599141453,-0.1114607938
A: decane T_B,477,27,0.2948329051,0.3635256386,+0.0686927336
A: decane T_B,478,27,0.4781482051,0.1580007136,-0.3201474915
A: decane T_B,479,27,0.6447791416,0.5531839143,-0.0915952273
A: decane T_B,480,27,0.5416351523,0.3880853105,-0.1535498418
A: decane T_B,481,27,0.3018145181,0.0400656250,-0.2617488931
A: decane T_B,482,27,0.4147737616,0.4135720238,-0.0012017378
A: decane T_B,483,27,0.5732359631,0.3072118385,-0.2660241247
A: decane T_B,484,27,0.4832930371,0.3227173484,-0.1605756886
A: decane T_B,485,27,0.4136217833,0.3890250230,-0.0245967603
A: decane T_B,486,27,0.3611125270,0.1268376873,-0.2342748398
A: decane T_B,487,27,0.5242692881,0.4615988743,-0.0626704137
A: decane T_B,488,27,0.1911993100,0.1343164807,-0.0568828293
A: decane T_B,489,27,0.5756488017,0.4466133030,-0.1290354988
A: decane T_B,490,27,0.4386615111,0.6192352580,+0.1805737468
A: decane T_B,491,27,0.5116648003,0.2600749004,-0.2515898999
A: decane T_B,492,27,0.4413718388,0.1596144960,-0.2817573429
A: decane T_B,493,27,0.2993950534,0.0244272186,-0.2749678348
A: decane T_B,494,27,0.2862615836,0.4458010959,+0.1595395123
A: decane T_B,495,27,0.4711594961,0.2432234144,-0.2279360817
A: decane T_B,496,27,0.4393226616,0.1147867228,-0.3245359387
A: decane T_B,497,27,0.3183119378,-0.0445294372,-0.3628413751
A: decane T_B,498,27,0.4975742830,0.4488493296,-0.0487249535
A: decane T_B,499,27,0.2529991723,0.3144566208,+0.0614574485
B: pooled C6-C10 T_B (size-adjusted),0,80,0.9752645794,0.9795585212,+0.0042939417
B: pooled C6-C10 T_B (size-adjusted),1,80,0.9678051865,0.9670333622,-0.0007718243
B: pooled C6-C10 T_B (size-adjusted),2,80,0.9815453541,0.9831332009,+0.0015878468
B: pooled C6-C10 T_B (size-adjusted),3,80,0.9726571103,0.9580807573,-0.0145763530
B: pooled C6-C10 T_B (size-adjusted),4,80,0.9750778345,0.9794663832,+0.0043885487
B: pooled C6-C10 T_B (size-adjusted),5,80,0.9737270948,0.9757580341,+0.0020309392
B: pooled C6-C10 T_B (size-adjusted),6,80,0.9699374041,0.9706473366,+0.0007099325
B: pooled C6-C10 T_B (size-adjusted),7,80,0.9712788877,0.9611376033,-0.0101412844
B: pooled C6-C10 T_B (size-adjusted),8,80,0.9785974832,0.9744521607,-0.0041453225
B: pooled C6-C10 T_B (size-adjusted),9,80,0.9803026654,0.9793358265,-0.0009668389
B: pooled C6-C10 T_B (size-adjusted),10,80,0.9776765344,0.9804692019,+0.0027926675
B: pooled C6-C10 T_B (size-adjusted),11,80,0.9784446119,0.9793930095,+0.0009483976
B: pooled C6-C10 T_B (size-adjusted),12,80,0.9690959016,0.9807080942,+0.0116121926
B: pooled C6-C10 T_B (size-adjusted),13,80,0.9739230428,0.9749380976,+0.0010150549
B: pooled C6-C10 T_B (size-adjusted),14,80,0.9754761652,0.9805432426,+0.0050670774
B: pooled C6-C10 T_B (size-adjusted),15,80,0.9717716215,0.9722889487,+0.0005173272
B: pooled C6-C10 T_B (size-adjusted),16,80,0.9760058709,0.9767067430,+0.0007008721
B: pooled C6-C10 T_B (size-adjusted),17,80,0.9779923769,0.9826386587,+0.0046462818
B: pooled C6-C10 T_B (size-adjusted),18,80,0.9761770623,0.9792894549,+0.0031123926
B: pooled C6-C10 T_B (size-adjusted),19,80,0.9798362237,0.9797480659,-0.0000881578
B: pooled C6-C10 T_B (size-adjusted),20,80,0.9752025866,0.9739835006,-0.0012190860
B: pooled C6-C10 T_B (size-adjusted),21,80,0.9811094879,0.9837813918,+0.0026719039
B: pooled C6-C10 T_B (size-adjusted),22,80,0.9794681940,0.9711714543,-0.0082967397
B: pooled C6-C10 T_B (size-adjusted),23,80,0.9769257521,0.9794680607,+0.0025423086
B: pooled C6-C10 T_B (size-adjusted),24,80,0.9772436232,0.9776579258,+0.0004143025
B: pooled C6-C10 T_B (size-adjusted),25,80,0.9755883192,0.9760072814,+0.0004189622
B: pooled C6-C10 T_B (size-adjusted),26,80,0.9760661210,0.9812363178,+0.0051701968
B: pooled C6-C10 T_B (size-adjusted),27,80,0.9795502523,0.9785909710,-0.0009592813
B: pooled C6-C10 T_B (size-adjusted),28,80,0.9774686750,0.9704040071,-0.0070646679
B: pooled C6-C10 T_B (size-adjusted),29,80,0.9760301366,0.9633371810,-0.0126929556
B: pooled C6-C10 T_B (size-adjusted),30,80,0.9755463923,0.9744495439,-0.0010968484
B: pooled C6-C10 T_B (size-adjusted),31,80,0.9752563829,0.9620857100,-0.0131706729
B: pooled C6-C10 T_B (size-adjusted),32,80,0.9790950095,0.9766269593,-0.0024680502
B: pooled C6-C10 T_B (size-adjusted),33,80,0.9779042191,0.9670413196,-0.0108628995
B: pooled C6-C10 T_B (size-adjusted),34,80,0.9784597400,0.9796299796,+0.0011702396
B: pooled C6-C10 T_B (size-adjusted),35,80,0.9740545601,0.9782819895,+0.0042274293
B: pooled C6-C10 T_B (size-adjusted),36,80,0.9719618807,0.9746018834,+0.0026400027
B: pooled C6-C10 T_B (size-adjusted),37,80,0.9777910836,0.9779003950,+0.0001093114
B: pooled C6-C10 T_B (size-adjusted),38,80,0.9796510292,0.9787350763,-0.0009159529
B: pooled C6-C10 T_B (size-adjusted),39,80,0.9761999461,0.9761310156,-0.0000689305
B: pooled C6-C10 T_B (size-adjusted),40,80,0.9786570162,0.9781429607,-0.0005140556
B: pooled C6-C10 T_B (size-adjusted),41,80,0.9794822052,0.9774177642,-0.0020644410
B: pooled C6-C10 T_B (size-adjusted),42,80,0.9809137020,0.9789285466,-0.0019851554
B: pooled C6-C10 T_B (size-adjusted),43,80,0.9764025623,0.9777571897,+0.0013546273
B: pooled C6-C10 T_B (size-adjusted),44,80,0.9764536538,0.9810163286,+0.0045626749
B: pooled C6-C10 T_B (size-adjusted),45,80,0.9708816463,0.9622484897,-0.0086331566
B: pooled C6-C10 T_B (size-adjusted),46,80,0.9656639019,0.9769002838,+0.0112363820
B: pooled C6-C10 T_B (size-adjusted),47,80,0.9800997877,0.9723615156,-0.0077382721
B: pooled C6-C10 T_B (size-adjusted),48,80,0.9770389661,0.9748875460,-0.0021514201
B: pooled C6-C10 T_B (size-adjusted),49,80,0.9753376394,0.9792977774,+0.0039601380
B: pooled C6-C10 T_B (size-adjusted),50,80,0.9772115023,0.9732726624,-0.0039388399
B: pooled C6-C10 T_B (size-adjusted),51,80,0.9727670768,0.9723493361,-0.0004177407
B: pooled C6-C10 T_B (size-adjusted),52,80,0.9729322134,0.9697972905,-0.0031349229
B: pooled C6-C10 T_B (size-adjusted),53,80,0.9723307639,0.9821876956,+0.0098569318
B: pooled C6-C10 T_B (size-adjusted),54,80,0.9747543552,0.9694095224,-0.0053448328
B: pooled C6-C10 T_B (size-adjusted),55,80,0.9743956899,0.9772902757,+0.0028945858
B: pooled C6-C10 T_B (size-adjusted),56,80,0.9727776286,0.9580179719,-0.0147596567
B: pooled C6-C10 T_B (size-adjusted),57,80,0.9793062757,0.9674800299,-0.0118262458
B: pooled C6-C10 T_B (size-adjusted),58,80,0.9739761158,0.9716054485,-0.0023706673
B: pooled C6-C10 T_B (size-adjusted),59,80,0.9787858892,0.9786824873,-0.0001034019
B: pooled C6-C10 T_B (size-adjusted),60,80,0.9748151660,0.9721810954,-0.0026340706
B: pooled C6-C10 T_B (size-adjusted),61,80,0.9739579157,0.9797344144,+0.0057764987
B: pooled C6-C10 T_B (size-adjusted),62,80,0.9734672262,0.9723812116,-0.0010860147
B: pooled C6-C10 T_B (size-adjusted),63,80,0.9734372130,0.9747870431,+0.0013498300
B: pooled C6-C10 T_B (size-adjusted),64,80,0.9815034526,0.9817428427,+0.0002393901
B: pooled C6-C10 T_B (size-adjusted),65,80,0.9814274467,0.9811118560,-0.0003155907
B: pooled C6-C10 T_B (size-adjusted),66,80,0.9746352709,0.9767703728,+0.0021351018
B: pooled C6-C10 T_B (size-adjusted),67,80,0.9724764176,0.9744895597,+0.0020131422
B: pooled C6-C10 T_B (size-adjusted),68,80,0.9757132784,0.9764781486,+0.0007648702
B: pooled C6-C10 T_B (size-adjusted),69,80,0.9740863701,0.9789958108,+0.0049094407
B: pooled C6-C10 T_B (size-adjusted),70,80,0.9753882077,0.9779164044,+0.0025281967
B: pooled C6-C10 T_B (size-adjusted),71,80,0.9774796961,0.9725532939,-0.0049264022
B: pooled C6-C10 T_B (size-adjusted),72,80,0.9712994838,0.9734369532,+0.0021374694
B: pooled C6-C10 T_B (size-adjusted),73,80,0.9774178931,0.9798206001,+0.0024027070
B: pooled C6-C10 T_B (size-adjusted),74,80,0.9786202248,0.9780302277,-0.0005899971
B: pooled C6-C10 T_B (size-adjusted),75,80,0.9824008856,0.9766239348,-0.0057769508
B: pooled C6-C10 T_B (size-adjusted),76,80,0.9803552281,0.9730150831,-0.0073401451
B: pooled C6-C10 T_B (size-adjusted),77,80,0.9782036336,0.9687368018,-0.0094668318
B: pooled C6-C10 T_B (size-adjusted),78,80,0.9764156284,0.9733172435,-0.0030983850
B: pooled C6-C10 T_B (size-adjusted),79,80,0.9795967374,0.9751253932,-0.0044713442
B: pooled C6-C10 T_B (size-adjusted),80,80,0.9720254971,0.9761059331,+0.0040804361
B: pooled C6-C10 T_B (size-adjusted),81,80,0.9773208174,0.9741708992,-0.0031499182
B: pooled C6-C10 T_B (size-adjusted),82,80,0.9737992952,0.9735455397,-0.0002537554
B: pooled C6-C10 T_B (size-adjusted),83,80,0.9771632204,0.9730495055,-0.0041137149
B: pooled C6-C10 T_B (size-adjusted),84,80,0.9758676322,0.9778685792,+0.0020009470
B: pooled C6-C10 T_B (size-adjusted),85,80,0.9764394532,0.9775048389,+0.0010653856
B: pooled C6-C10 T_B (size-adjusted),86,80,0.9763079309,0.9704123307,-0.0058956002
B: pooled C6-C10 T_B (size-adjusted),87,80,0.9731716367,0.9769290444,+0.0037574077
B: pooled C6-C10 T_B (size-adjusted),88,80,0.9791049044,0.9769261146,-0.0021787898
B: pooled C6-C10 T_B (size-adjusted),89,80,0.9727788921,0.9764968805,+0.0037179884
B: pooled C6-C10 T_B (size-adjusted),90,80,0.9747900711,0.9799687045,+0.0051786334
B: pooled C6-C10 T_B (size-adjusted),91,80,0.9741969443,0.9792518001,+0.0050548558
B: pooled C6-C10 T_B (size-adjusted),92,80,0.9761790267,0.9709744847,-0.0052045420
B: pooled C6-C10 T_B (size-adjusted),93,80,0.9720051163,0.9580396643,-0.0139654520
B: pooled C6-C10 T_B (size-adjusted),94,80,0.9762741515,0.9640314952,-0.0122426563
B: pooled C6-C10 T_B (size-adjusted),95,80,0.9784067549,0.9751904567,-0.0032162983
B: pooled C6-C10 T_B (size-adjusted),96,80,0.9701771604,0.9792084781,+0.0090313177
B: pooled C6-C10 T_B (size-adjusted),97,80,0.9710484660,0.9734279609,+0.0023794950
B: pooled C6-C10 T_B (size-adjusted),98,80,0.9829189767,0.9816516392,-0.0012673376
B: pooled C6-C10 T_B (size-adjusted),99,80,0.9770897366,0.9814152141,+0.0043254775
B: pooled C6-C10 T_B (size-adjusted),100,80,0.9739655642,0.9818418746,+0.0078763103
B: pooled C6-C10 T_B (size-adjusted),101,80,0.9723442102,0.9696994009,-0.0026448093
B: pooled C6-C10 T_B (size-adjusted),102,80,0.9738941635,0.9671941363,-0.0067000272
B: pooled C6-C10 T_B (size-adjusted),103,80,0.9714730208,0.9742696089,+0.0027965882
B: pooled C6-C10 T_B (size-adjusted),104,80,0.9749406491,0.9643437329,-0.0105969162
B: pooled C6-C10 T_B (size-adjusted),105,80,0.9768913641,0.9686944041,-0.0081969600
B: pooled C6-C10 T_B (size-adjusted),106,80,0.9696587969,0.9780695074,+0.0084107105
B: pooled C6-C10 T_B (size-adjusted),107,80,0.9755634313,0.9471071604,-0.0284562709
B: pooled C6-C10 T_B (size-adjusted),108,80,0.9770387836,0.9785082476,+0.0014694640
B: pooled C6-C10 T_B (size-adjusted),109,80,0.9779258173,0.9770190717,-0.0009067456
B: pooled C6-C10 T_B (size-adjusted),110,80,0.9756106810,0.9769518940,+0.0013412130
B: pooled C6-C10 T_B (size-adjusted),111,80,0.9746488683,0.9805898029,+0.0059409346
B: pooled C6-C10 T_B (size-adjusted),112,80,0.9764198636,0.9652778960,-0.0111419675
B: pooled C6-C10 T_B (size-adjusted),113,80,0.9761986814,0.9830460078,+0.0068473265
B: pooled C6-C10 T_B (size-adjusted),114,80,0.9796609810,0.9803522518,+0.0006912708
B: pooled C6-C10 T_B (size-adjusted),115,80,0.9723961048,0.9715703698,-0.0008257349
B: pooled C6-C10 T_B (size-adjusted),116,80,0.9737887090,0.9800456849,+0.0062569758
B: pooled C6-C10 T_B (size-adjusted),117,80,0.9724194970,0.9739571366,+0.0015376395
B: pooled C6-C10 T_B (size-adjusted),118,80,0.9755069348,0.9810911415,+0.0055842067
B: pooled C6-C10 T_B (size-adjusted),119,80,0.9722967409,0.9764485604,+0.0041518195
B: pooled C6-C10 T_B (size-adjusted),120,80,0.9782553581,0.9747298198,-0.0035255383
B: pooled C6-C10 T_B (size-adjusted),121,80,0.9799154890,0.9789031026,-0.0010123863
B: pooled C6-C10 T_B (size-adjusted),122,80,0.9718184545,0.9778649998,+0.0060465454
B: pooled C6-C10 T_B (size-adjusted),123,80,0.9700715890,0.9681416561,-0.0019299330
B: pooled C6-C10 T_B (size-adjusted),124,80,0.9764019209,0.9804910363,+0.0040891154
B: pooled C6-C10 T_B (size-adjusted),125,80,0.9753271995,0.9768199757,+0.0014927763
B: pooled C6-C10 T_B (size-adjusted),126,80,0.9709354469,0.9667551456,-0.0041803014
B: pooled C6-C10 T_B (size-adjusted),127,80,0.9757812585,0.9796790462,+0.0038977877
B: pooled C6-C10 T_B (size-adjusted),128,80,0.9688731749,0.9742994715,+0.0054262966
B: pooled C6-C10 T_B (size-adjusted),129,80,0.9781246922,0.9602552523,-0.0178694399
B: pooled C6-C10 T_B (size-adjusted),130,80,0.9751240906,0.9653047638,-0.0098193269
B: pooled C6-C10 T_B (size-adjusted),131,80,0.9757054856,0.9743707274,-0.0013347582
B: pooled C6-C10 T_B (size-adjusted),132,80,0.9761221726,0.9800959632,+0.0039737906
B: pooled C6-C10 T_B (size-adjusted),133,80,0.9768260848,0.9786998890,+0.0018738042
B: pooled C6-C10 T_B (size-adjusted),134,80,0.9779090884,0.9676133286,-0.0102957598
B: pooled C6-C10 T_B (size-adjusted),135,80,0.9706921662,0.9713811460,+0.0006889799
B: pooled C6-C10 T_B (size-adjusted),136,80,0.9754164294,0.9788381403,+0.0034217109
B: pooled C6-C10 T_B (size-adjusted),137,80,0.9720187647,0.9778928476,+0.0058740829
B: pooled C6-C10 T_B (size-adjusted),138,80,0.9749178321,0.9723342530,-0.0025835790
B: pooled C6-C10 T_B (size-adjusted),139,80,0.9787672733,0.9814348116,+0.0026675383
B: pooled C6-C10 T_B (size-adjusted),140,80,0.9741357791,0.9687416724,-0.0053941067
B: pooled C6-C10 T_B (size-adjusted),141,80,0.9761766512,0.9806041169,+0.0044274657
B: pooled C6-C10 T_B (size-adjusted),142,80,0.9665877068,0.9742075640,+0.0076198571
B: pooled C6-C10 T_B (size-adjusted),143,80,0.9763763029,0.9837973158,+0.0074210129
B: pooled C6-C10 T_B (size-adjusted),144,80,0.9736524933,0.9779151889,+0.0042626956
B: pooled C6-C10 T_B (size-adjusted),145,80,0.9733661604,0.9699052673,-0.0034608931
B: pooled C6-C10 T_B (size-adjusted),146,80,0.9750230997,0.9774863419,+0.0024632422
B: pooled C6-C10 T_B (size-adjusted),147,80,0.9743162521,0.9812423067,+0.0069260545
B: pooled C6-C10 T_B (size-adjusted),148,80,0.9782067798,0.9789950311,+0.0007882513
B: pooled C6-C10 T_B (size-adjusted),149,80,0.9797832268,0.9760997318,-0.0036834950
B: pooled C6-C10 T_B (size-adjusted),150,80,0.9597595527,0.9654284808,+0.0056689281
B: pooled C6-C10 T_B (size-adjusted),151,80,0.9755419640,0.9785248380,+0.0029828740
B: pooled C6-C10 T_B (size-adjusted),152,80,0.9660776924,0.9621957702,-0.0038819222
B: pooled C6-C10 T_B (size-adjusted),153,80,0.9721254703,0.9708413307,-0.0012841396
B: pooled C6-C10 T_B (size-adjusted),154,80,0.9790350599,0.9793639485,+0.0003288887
B: pooled C6-C10 T_B (size-adjusted),155,80,0.9741671215,0.9770426310,+0.0028755095
B: pooled C6-C10 T_B (size-adjusted),156,80,0.9803852402,0.9738395089,-0.0065457313
B: pooled C6-C10 T_B (size-adjusted),157,80,0.9800980111,0.9771925764,-0.0029054347
B: pooled C6-C10 T_B (size-adjusted),158,80,0.9791564882,0.9795265804,+0.0003700922
B: pooled C6-C10 T_B (size-adjusted),159,80,0.9791445913,0.9737930496,-0.0053515417
B: pooled C6-C10 T_B (size-adjusted),160,80,0.9771423603,0.9799823788,+0.0028400185
B: pooled C6-C10 T_B (size-adjusted),161,80,0.9721212363,0.9713532014,-0.0007680349
B: pooled C6-C10 T_B (size-adjusted),162,80,0.9730263622,0.9743179420,+0.0012915797
B: pooled C6-C10 T_B (size-adjusted),163,80,0.9799054252,0.9794671244,-0.0004383008
B: pooled C6-C10 T_B (size-adjusted),164,80,0.9755926196,0.9768712310,+0.0012786114
B: pooled C6-C10 T_B (size-adjusted),165,80,0.9775784324,0.9733616125,-0.0042168200
B: pooled C6-C10 T_B (size-adjusted),166,80,0.9721891317,0.9689797552,-0.0032093766
B: pooled C6-C10 T_B (size-adjusted),167,80,0.9788129776,0.9657172197,-0.0130957579
B: pooled C6-C10 T_B (size-adjusted),168,80,0.9768258945,0.9733065005,-0.0035193940
B: pooled C6-C10 T_B (size-adjusted),169,80,0.9823731774,0.9845855425,+0.0022123651
B: pooled C6-C10 T_B (size-adjusted),170,80,0.9770230590,0.9783288448,+0.0013057858
B: pooled C6-C10 T_B (size-adjusted),171,80,0.9748030988,0.9666462900,-0.0081568088
B: pooled C6-C10 T_B (size-adjusted),172,80,0.9749509676,0.9778502181,+0.0028992505
B: pooled C6-C10 T_B (size-adjusted),173,80,0.9781632194,0.9788446944,+0.0006814750
B: pooled C6-C10 T_B (size-adjusted),174,80,0.9692881862,0.9731083306,+0.0038201444
B: pooled C6-C10 T_B (size-adjusted),175,80,0.9660794954,0.9800143511,+0.0139348557
B: pooled C6-C10 T_B (size-adjusted),176,80,0.9780983595,0.9800529191,+0.0019545596
B: pooled C6-C10 T_B (size-adjusted),177,80,0.9773569381,0.9707014213,-0.0066555168
B: pooled C6-C10 T_B (size-adjusted),178,80,0.9765702291,0.9793423009,+0.0027720718
B: pooled C6-C10 T_B (size-adjusted),179,80,0.9772641308,0.9770168458,-0.0002472850
B: pooled C6-C10 T_B (size-adjusted),180,80,0.9751270521,0.9775238769,+0.0023968248
B: pooled C6-C10 T_B (size-adjusted),181,80,0.9771477738,0.9782056863,+0.0010579125
B: pooled C6-C10 T_B (size-adjusted),182,80,0.9777664679,0.9813104159,+0.0035439480
B: pooled C6-C10 T_B (size-adjusted),183,80,0.9734665052,0.9815590748,+0.0080925696
B: pooled C6-C10 T_B (size-adjusted),184,80,0.9780183241,0.9788525817,+0.0008342575
B: pooled C6-C10 T_B (size-adjusted),185,80,0.9712351615,0.9751714500,+0.0039362885
B: pooled C6-C10 T_B (size-adjusted),186,80,0.9748872637,0.9599909990,-0.0148962647
B: pooled C6-C10 T_B (size-adjusted),187,80,0.9784897240,0.9839581354,+0.0054684113
B: pooled C6-C10 T_B (size-adjusted),188,80,0.9732859997,0.9808837661,+0.0075977664
B: pooled C6-C10 T_B (size-adjusted),189,80,0.9786875161,0.9807671969,+0.0020796809
B: pooled C6-C10 T_B (size-adjusted),190,80,0.9738951000,0.9766727855,+0.0027776855
B: pooled C6-C10 T_B (size-adjusted),191,80,0.9785708450,0.9691828115,-0.0093880335
B: pooled C6-C10 T_B (size-adjusted),192,80,0.9793236995,0.9646946318,-0.0146290677
B: pooled C6-C10 T_B (size-adjusted),193,80,0.9789085157,0.9773250237,-0.0015834920
B: pooled C6-C10 T_B (size-adjusted),194,80,0.9790963191,0.9791145049,+0.0000181859
B: pooled C6-C10 T_B (size-adjusted),195,80,0.9787593068,0.9803987046,+0.0016393978
B: pooled C6-C10 T_B (size-adjusted),196,80,0.9715140209,0.9740835979,+0.0025695770
B: pooled C6-C10 T_B (size-adjusted),197,80,0.9728471803,0.9724513167,-0.0003958636
B: pooled C6-C10 T_B (size-adjusted),198,80,0.9808802859,0.9814200634,+0.0005397775
B: pooled C6-C10 T_B (size-adjusted),199,80,0.9794668129,0.9810980317,+0.0016312188
