n,name,dev_set_octane,already_used_nonane_test,linear,calorimetric_determinations,urls
5,"Butane, 2-methyl-",False,False,False,"25.0 kJ/mol (Schumann, Aston, et al., 1942, 2)",https://webbook.nist.gov/cgi/cbook.cgi?ID=C78784&Mask=4
5,Pentane,False,False,True,"26.6 ± 0.1 kJ/mol (Fuchs, Peacock, et al., 1982) ; 26.4 kJ/mol (Hossenlopp and Scott, 1981) ; 26.4 kJ/mol (Osborne and Ginnings, 1947) ; 26.42 kJ/mol (Osborne and Ginnings, 1947, 2)",https://webbook.nist.gov/cgi/cbook.cgi?ID=C109660&Mask=4
5,Neopentane,False,False,False,"21.8 kJ/mol (Hossenlopp and Scott, 1981)",https://webbook.nist.gov/cgi/cbook.cgi?ID=C463821&Mask=4
6,"Butane, 2,3-dimethyl-",False,False,False,"29.12 kJ/mol (Osborne and Ginnings, 1947)",https://webbook.nist.gov/cgi/cbook.cgi?ID=C79298&Mask=4
6,"Pentane, 2-methyl-",False,False,False,"29.89 ± 0.008 kJ/mol (Waddington, Smith, et al., 1949) ; 29.9 ± 0.1 kJ/mol (Waddington, Smith, et al., 1949) ; 29.9 ± 0.1 kJ/mol (Osborne and Ginnings, 1947) ; 24.86 kJ/mol (Osborne and Ginnings, 1947, 2)",https://webbook.nist.gov/cgi/cbook.cgi?ID=C107835&Mask=4
6,"Pentane, 3-methyl-",False,False,False,"30.3 ± 0.1 kJ/mol (Majer, Svoboda, et al., 1979) ; 30.19 ± 0.03 kJ/mol (Wadso, 1966) ; 30.3 ± 0.1 kJ/mol (Osborne and Ginnings, 1947) ; 30.27 kJ/mol (Osborne and Ginnings, 1947, 2)",https://webbook.nist.gov/cgi/cbook.cgi?ID=C96140&Mask=4
6,"Butane, 2,2-dimethyl-",False,False,False,"27.68 kJ/mol (Osborne and Ginnings, 1947)",https://webbook.nist.gov/cgi/cbook.cgi?ID=C75832&Mask=4
6,n-Hexane,False,False,True,"31.4 ± 0.2 kJ/mol (Pashchenko and Kuznetsova, 2007) ; 31.5 ± 0.1 kJ/mol (Varushchenko, Pashchenko, et al., 1996) ; 31.6 ± 0.1 kJ/mol (Majer, Svoboda, et al., 1979) ; 30.0 kJ/mol (Glaser and Ruland, 1957) ; 31.5 ± 0.1 kJ/mol (Osborne and Ginnings, 1947) ; 31.54 kJ/mol (Osborne and Ginnings, 1947, 2) ; 31.0 ± 0.2 kJ/mol (Lemons and Felsing, 1943)",https://webbook.nist.gov/cgi/cbook.cgi?ID=C110543&Mask=4
7,Heptane,False,False,True,"36.6 ± 0.1 kJ/mol (Majer, Svoboda, et al., 1979) ; 36.54 kJ/mol (Osborne and Ginnings, 1947)",https://webbook.nist.gov/cgi/cbook.cgi?ID=C142825&Mask=4
7,"Hexane, 2-methyl-",False,False,False,"34.9 ± 0.1 kJ/mol (Majer, Svoboda, et al., 1979)",https://webbook.nist.gov/cgi/cbook.cgi?ID=C591764&Mask=4
7,"Pentane, 2,4-dimethyl-",False,False,False,"32.7 ± 0.1 kJ/mol (Svoboda, 1998) ; 32.9 ± 0.1 kJ/mol (Osborne and Ginnings, 1947) ; 32.88 kJ/mol (Osborne and Ginnings, 1947, 2)",https://webbook.nist.gov/cgi/cbook.cgi?ID=C108087&Mask=4
7,"Pentane, 2,2-dimethyl-",False,False,False,"32.4 ± 0.1 kJ/mol (Svoboda, 1998) ; 32.4 ± 0.1 kJ/mol (Osborne and Ginnings, 1947) ; 32.2 ± 0.1 kJ/mol (Osborne and Ginnings, 1947) ; 32.42 kJ/mol (Osborne and Ginnings, 1947, 2)",https://webbook.nist.gov/cgi/cbook.cgi?ID=C590352&Mask=4
7,"Pentane, 2,3-dimethyl-",False,False,False,"34.3 ± 0.1 kJ/mol (Majer, Svoboda, et al., 1979) ; 34.2 ± 0.1 kJ/mol (Osborne and Ginnings, 1947) ; 34.23 kJ/mol (Osborne and Ginnings, 1947, 2)",https://webbook.nist.gov/cgi/cbook.cgi?ID=C565593&Mask=4 https://webbook.nist.gov/cgi/cbook.cgi?ID=C54665462&Mask=4 https://webbook.nist.gov/cgi/cbook.cgi?ID=C7485452&Mask=4
7,"Hexane, 3-methyl-",False,False,False,"35.1 ± 0.1 kJ/mol (Majer, Svoboda, et al., 1979)",https://webbook.nist.gov/cgi/cbook.cgi?ID=C589344&Mask=4 https://webbook.nist.gov/cgi/cbook.cgi?ID=C6131244&Mask=4
7,"Pentane, 3,3-dimethyl-",False,False,False,"33.0 ± 0.1 kJ/mol (Hossenlopp and Scott, 1981) ; 33.0 ± 0.1 kJ/mol (Osborne and Ginnings, 1947) ; 33.02 kJ/mol (Osborne and Ginnings, 1947, 2)",https://webbook.nist.gov/cgi/cbook.cgi?ID=C562492&Mask=4
7,"Butane, 2,2,3-trimethyl-",False,False,False,"32.04 kJ/mol (Osborne and Ginnings, 1947)",https://webbook.nist.gov/cgi/cbook.cgi?ID=C464062&Mask=4
7,"Pentane, 3-ethyl-",False,False,False,"35.1 ± 0.1 kJ/mol (Svoboda, 1998) ; 35.2 ± 0.1 kJ/mol (Osborne and Ginnings, 1947) ; 35.22 kJ/mol (Osborne and Ginnings, 1947, 2)",https://webbook.nist.gov/cgi/cbook.cgi?ID=C617787&Mask=4
8,"Pentane, 2,2,4-trimethyl-",True,False,False,"35.2 ± 0.1 kJ/mol (Svoboda, Charvátová, et al., 1982) ; 35.1 ± 0.1 kJ/mol (Majer, Svoboda, et al., 1979) ; 35.1 ± 0.1 kJ/mol (Osborne and Ginnings, 1947) ; 35.12 kJ/mol (Osborne and Ginnings, 1947, 2)",https://webbook.nist.gov/cgi/cbook.cgi?ID=C540841&Mask=4
8,"Heptane, 2-methyl-",True,False,False,"39.7 ± 0.1 kJ/mol (Majer, Svoboda, et al., 1979) ; 39.8 ± 0.1 kJ/mol (Osborne and Ginnings, 1947) ; 39.67 kJ/mol (Osborne and Ginnings, 1947, 2)",https://webbook.nist.gov/cgi/cbook.cgi?ID=C592278&Mask=4
8,"Heptane, 3-methyl-",True,False,False,"39.8 ± 0.2 kJ/mol (An, Hu, et al., 1987) ; 39.8 ± 0.1 kJ/mol (Osborne and Ginnings, 1947) ; 39.83 kJ/mol (Osborne and Ginnings, 1947, 2)",https://webbook.nist.gov/cgi/cbook.cgi?ID=C589811&Mask=4 https://webbook.nist.gov/cgi/cbook.cgi?ID=C6131255&Mask=4
8,"Pentane, 2,3,4-trimethyl-",True,False,False,"37.7 ± 0.1 kJ/mol (Hossenlopp and Scott, 1981) ; 37.7 ± 0.1 kJ/mol (Osborne and Ginnings, 1947) ; 37.70 kJ/mol (Osborne and Ginnings, 1947, 2)",https://webbook.nist.gov/cgi/cbook.cgi?ID=C565753&Mask=4
8,"Heptane, 4-methyl-",True,False,False,"39.7 ± 0.1 kJ/mol (Majer, Svoboda, et al., 1979) ; 39.7 ± 0.1 kJ/mol (Osborne and Ginnings, 1947) ; 39.67 kJ/mol (Osborne and Ginnings, 1947, 2)",https://webbook.nist.gov/cgi/cbook.cgi?ID=C589537&Mask=4
8,Octane,True,False,True,"41.5 ± 0.1 kJ/mol (Hossenlopp and Scott, 1981) ; 41.5 ± 0.1 kJ/mol (Majer, Svoboda, et al., 1979) ; 41.6 ± 0.08 kJ/mol (Wadso, 1966) ; 41.6 ± 0.08 kJ/mol (Wadso, 1960) ; 41.5 ± 0.1 kJ/mol (Osborne and Ginnings, 1947) ; 41.48 kJ/mol (Osborne and Ginnings, 1947, 2)",https://webbook.nist.gov/cgi/cbook.cgi?ID=C111659&Mask=4
8,"Hexane, 2,5-dimethyl-",True,False,False,"37.9 ± 0.1 kJ/mol (Osborne and Ginnings, 1947) ; 37.85 kJ/mol (Osborne and Ginnings, 1947, 2)",https://webbook.nist.gov/cgi/cbook.cgi?ID=C592132&Mask=4
8,"Hexane, 2,3-dimethyl-",True,False,False,"38.8 ± 0.1 kJ/mol (Osborne and Ginnings, 1947) ; 38.79 kJ/mol (Osborne and Ginnings, 1947, 2)",https://webbook.nist.gov/cgi/cbook.cgi?ID=C584941&Mask=4
8,"Hexane, 2,4-dimethyl-",True,False,False,"37.8 ± 0.1 kJ/mol (Osborne and Ginnings, 1947) ; 37.76 kJ/mol (Osborne and Ginnings, 1947, 2)",https://webbook.nist.gov/cgi/cbook.cgi?ID=C589435&Mask=4 https://webbook.nist.gov/cgi/cbook.cgi?ID=C53990980&Mask=4
8,"Hexane, 3,4-dimethyl-",True,False,False,"39.0 ± 0.1 kJ/mol (Osborne and Ginnings, 1947) ; 38.97 kJ/mol (Osborne and Ginnings, 1947, 2)",https://webbook.nist.gov/cgi/cbook.cgi?ID=C583482&Mask=4 https://webbook.nist.gov/cgi/cbook.cgi?ID=C52919172&Mask=4 https://webbook.nist.gov/cgi/cbook.cgi?ID=C52949334&Mask=4
8,"Hexane, 2,2-dimethyl-",True,False,False,"37.3 ± 0.1 kJ/mol (Osborne and Ginnings, 1947) ; 37.29 kJ/mol (Osborne and Ginnings, 1947, 2)",https://webbook.nist.gov/cgi/cbook.cgi?ID=C590738&Mask=4
8,"Hexane, 3,3-dimethyl-",True,False,False,"37.5 ± 0.1 kJ/mol (Osborne and Ginnings, 1947) ; 37.53 kJ/mol (Osborne and Ginnings, 1947, 2)",https://webbook.nist.gov/cgi/cbook.cgi?ID=C563166&Mask=4
8,"Pentane, 2,3,3-trimethyl-",True,False,False,"37.7 ± 0.1 kJ/mol (Svoboda, 1998) ; 37.6 ± 0.1 kJ/mol (Svoboda, 1998) ; 36.9 ± 0.1 kJ/mol (Osborne and Ginnings, 1947) ; 37.2 ± 0.1 kJ/mol (Osborne and Ginnings, 1947) ; 37.21 kJ/mol (Osborne and Ginnings, 1947, 2)",https://webbook.nist.gov/cgi/cbook.cgi?ID=C560214&Mask=4
8,"Pentane, 3-ethyl-2-methyl-",True,False,False,"38.5 ± 0.1 kJ/mol (Osborne and Ginnings, 1947) ; 38.52 kJ/mol (Osborne and Ginnings, 1947, 2)",https://webbook.nist.gov/cgi/cbook.cgi?ID=C609267&Mask=4
8,"Hexane, 3-ethyl-",True,False,False,"39.6 ± 0.1 kJ/mol (Osborne and Ginnings, 1947) ; 39.69 kJ/mol (Osborne and Ginnings, 1947, 2)",https://webbook.nist.gov/cgi/cbook.cgi?ID=C619998&Mask=4
8,"Pentane, 2,2,3-trimethyl-",True,False,False,"36.91 kJ/mol (Osborne and Ginnings, 1947)",https://webbook.nist.gov/cgi/cbook.cgi?ID=C564023&Mask=4
8,"Pentane, 3-ethyl-3-methyl-",True,False,False,"38.0 ± 0.1 kJ/mol (Osborne and Ginnings, 1947) ; 37.98 kJ/mol (Osborne and Ginnings, 1947, 2)",https://webbook.nist.gov/cgi/cbook.cgi?ID=C1067089&Mask=4
8,"Butane, 2,2,3,3-tetramethyl-",True,False,False,"42.91 kJ/mol (Osborne and Ginnings, 1947)",https://webbook.nist.gov/cgi/cbook.cgi?ID=C594821&Mask=4
9,Nonane,False,True,False,"46.5 ± 0.2 kJ/mol (Pashchenko and Kuznetsova, 2007) ; 46.6 ± 0.2 kJ/mol (Varushchenko, Pashchenko, et al., 1996) ; 46.4 kJ/mol (Osborne and Ginnings, 1947) ; 46.43 kJ/mol (Osborne and Ginnings, 1947, 2)",https://webbook.nist.gov/cgi/cbook.cgi?ID=C111842&Mask=4
9,"Hexane, 2,2,5-trimethyl-",False,True,False,"40.2 kJ/mol (Osborne and Ginnings, 1947) ; 40.17 kJ/mol (Osborne and Ginnings, 1947, 2)",https://webbook.nist.gov/cgi/cbook.cgi?ID=C3522949&Mask=4
9,"Pentane, 2,2,4,4-tetramethyl-",False,True,False,"38.5 ± 0.1 kJ/mol (Fuchs, Peacock, et al., 1982) ; 38.5 ± 0.3 kJ/mol (Fuchs and Peacock, 1979)",https://webbook.nist.gov/cgi/cbook.cgi?ID=C1070877&Mask=4
9,"Pentane, 3,3-diethyl-",False,True,False,"42.6 ± 0.3 kJ/mol (Fuchs and Peacock, 1979)",https://webbook.nist.gov/cgi/cbook.cgi?ID=C1067205&Mask=4
9,"Hexane, 2,3,5-trimethyl-",False,True,False,"41.4 kJ/mol (Osborne and Ginnings, 1947) ; 41.42 kJ/mol (Osborne and Ginnings, 1947, 2)",https://webbook.nist.gov/cgi/cbook.cgi?ID=C1069530&Mask=4
10,Decane,False,False,True,"51.4 ± 0.1 kJ/mol (Furukawa, Sakiyama, et al., 1982) ; 51.38 ± 0.12 kJ/mol (Irving, 1972) ; 51.4 kJ/mol (Osborne and Ginnings, 1947) ; 51.36 kJ/mol (Osborne and Ginnings, 1947, 2)",https://webbook.nist.gov/cgi/cbook.cgi?ID=C124185&Mask=4
11,Undecane,False,False,True,"56.4 ± 0.4 kJ/mol (Pashchenko and Kuznetsova, 2007) ; 56.6 ± 0.6 kJ/mol (Ribeiro da Silva and Cabral, 2006) ; 56.44 ± 0.12 kJ/mol (Irving, 1972) ; 56.434 ± 0.084 kJ/mol (Wadso, 1966)",https://webbook.nist.gov/cgi/cbook.cgi?ID=C1120214&Mask=4
12,Dodecane,False,False,True,"61.8 ± 0.5 kJ/mol (Melaugh, Mansson, et al., 1976) ; 61.2 ± 0.2 kJ/mol (Mansson, 1974) ; 60.4 ± 0.3 kJ/mol (Morawetz, 1972)",https://webbook.nist.gov/cgi/cbook.cgi?ID=C112403&Mask=4
12,"Heptane, 2,2,4,6,6-pentamethyl-",False,False,False,"49.0 ± 0.2 kJ/mol (Melaugh, Mansson, et al., 1976)",https://webbook.nist.gov/cgi/cbook.cgi?ID=C13475826&Mask=4
13,Tridecane,False,False,True,"66.5 ± 0.2 kJ/mol (Sunner and Svensson, 1979) ; 66.4 ± 0.3 kJ/mol (Morawetz, 1972)",https://webbook.nist.gov/cgi/cbook.cgi?ID=C629505&Mask=4
14,Tetradecane,False,False,True,"71.8 ± 0.6 kJ/mol (Sunner and Svensson, 1979) ; 71.1 ± 0.4 kJ/mol (Morawetz, 1972)",https://webbook.nist.gov/cgi/cbook.cgi?ID=C629594&Mask=4
15,Pentadecane,False,False,True,"75.4 ± 1.2 kJ/mol (Sunner and Svensson, 1979) ; 76.2 ± 0.4 kJ/mol (Morawetz, 1972)",https://webbook.nist.gov/cgi/cbook.cgi?ID=C629629&Mask=4
16,Hexadecane,False,False,True,"81.4 ± 0.4 kJ/mol (Morawetz, 1972)",https://webbook.nist.gov/cgi/cbook.cgi?ID=C544763&Mask=4
