property,n,method,Q2,RMSE,r_pred,n_seeds,Q2_min,Q2_max,RMSE_min,RMSE_max,selection
T_B_C,35,mean,-0.0596885813,6.0820727550,-1.0000000000,,,,,,
T_B_C,35,fixed_best,0.5015197971,4.1714442250,0.7095291538,,,,,,mM2:35
T_B_C,35,IRLA,0.4001186562,4.5760963660,0.6338498366,,,,,,
T_B_C,35,ridge_counts,0.6819513313,3.3320328519,0.8350298660,,,,,,"lambda median 3.98 range [1.58,3.98]"
T_B_C,35,GM_b200,0.5766088513,3.8444421877,0.7621389021,100,0.3997243709,0.6330301452,3.5791316953,4.5775999893,Q2/RMSE/r_pred = median over seeds
T_B_C,35,GM_b500,0.5757491316,3.8483437081,0.7621573849,100,0.4553326777,0.6267521854,3.6096169759,4.3604182009,Q2/RMSE/r_pred = median over seeds
T_B_C,35,GM_s12345_b200,0.5470931531,3.9761881509,0.7425249593,,,,,,paper Table 5 configuration
T_B_C,35,LO_b200,0.5855591165,3.8035769014,0.7662267631,100,0.1081406207,0.7880707690,2.7199311746,5.5796977709,Q2/RMSE/r_pred = median over seeds
T_B_C,35,LO_b500,0.6299181886,3.5942749185,0.7944511324,100,0.1899411251,0.7995249930,2.6454076332,5.3176625696,Q2/RMSE/r_pred = median over seeds
T_B_C,35,LO_s12345_b200,0.7203152547,3.1246175907,0.8490326610,,,,,,paper Table 5 configuration
dHvap_kcal,34,mean,-0.0615243343,0.3717923727,-1.0000000000,,,,,,
dHvap_kcal,34,fixed_best,0.9031196368,0.1123190387,0.9503263790,,,,,,"LO(0,0,1):34"
dHvap_kcal,34,IRLA,0.8969313776,0.1158507193,0.9470668454,,,,,,
dHvap_kcal,34,ridge_counts,0.9271212279,0.0974172851,0.9632740675,,,,,,"lambda median 2.51 range [1,2.51]"
dHvap_kcal,34,GM_b200,0.8529235203,0.1383907647,0.9235649573,100,0.7959362188,0.8671189231,0.1315427959,0.1630115825,Q2/RMSE/r_pred = median over seeds
dHvap_kcal,34,GM_b500,0.8529101036,0.1383970572,0.9235555950,100,0.8199305701,0.8663586044,0.1319185898,0.1531283115,Q2/RMSE/r_pred = median over seeds
dHvap_kcal,34,GM_s12345_b200,0.8655306250,0.1323266116,0.9303667774,,,,,,paper Table 5 configuration
dHvap_kcal,34,LO_b200,0.8997150398,0.1142755714,0.9487067525,100,0.8112043259,0.9234489579,0.0998414897,0.1567947505,Q2/RMSE/r_pred = median over seeds
dHvap_kcal,34,LO_b500,0.9022776819,0.1128059706,0.9500093911,100,0.8357496122,0.9234489579,0.0998414897,0.1462475841,Q2/RMSE/r_pred = median over seeds
dHvap_kcal,34,LO_s12345_b200,0.9171276506,0.1038820053,0.9576682898,,,,,,paper Table 5 configuration
