dataset,property,n,L,seed,Q2_GM,Q2_LO,GM_edge_folds,LO_edge_folds,Q2_LO_hybrid
octane,T_B,18,2,0,+0.6716974486,+0.8227729643,0,0,
octane,T_B,18,2,1,+0.6763728629,+0.8122118719,17,18,
octane,T_B,18,2,2,+0.6429114761,+0.6200033661,3,0,
octane,T_B,18,2,3,+0.6384107438,+0.6445708536,16,0,
octane,T_B,18,2,4,+0.6532822026,+0.7963971818,3,0,
octane,T_B,18,2,5,+0.6501324412,+0.7683962777,5,15,
octane,T_B,18,2,6,+0.6756650183,+0.7146195245,17,17,
octane,T_B,18,2,7,+0.6685725795,+0.7437005281,17,15,
octane,T_B,18,2,8,+0.6624091191,+0.8538080297,16,0,
octane,T_B,18,2,9,+0.6739297446,+0.6958673778,17,0,
octane,T_B,18,2,10,+0.6801421417,+0.6669073471,17,0,
octane,T_B,18,2,11,+0.6302191428,+0.7536650146,3,0,
octane,T_B,18,2,12,+0.6754057570,+0.4232806458,16,13,
octane,T_B,18,2,13,+0.6668607936,+0.6559261377,16,0,
octane,T_B,18,2,14,+0.6440959288,+0.6987112416,0,0,
octane,T_B,18,2,15,+0.6869766648,+0.7301741707,17,1,
octane,T_B,18,2,16,+0.6650584226,+0.8319850280,18,0,
octane,T_B,18,2,17,+0.6755411976,+0.8039591045,17,0,
octane,T_B,18,2,18,+0.6704862622,+0.7590195937,17,0,
octane,T_B,18,2,19,+0.6567433710,+0.6877239389,10,1,
octane,T_B,18,2,20,+0.6730840165,+0.7239693820,18,0,
octane,T_B,18,2,21,+0.6487079789,+0.6284979076,1,13,
octane,T_B,18,2,22,+0.6607444377,+0.7908499032,4,0,
octane,T_B,18,2,23,+0.6611848829,+0.7304942355,18,0,
octane,T_B,18,2,24,+0.6779713331,+0.7816494725,17,0,
octane,T_B,18,2,25,+0.6442770311,+0.7845189015,2,17,
octane,T_B,18,2,26,+0.6788491980,+0.6626121128,17,4,
octane,T_B,18,2,27,+0.6576671732,+0.6777710198,16,0,
octane,T_B,18,2,28,+0.6679865015,+0.6474852982,16,0,
octane,T_B,18,2,29,+0.6736656743,+0.8057721505,17,0,
octane,T_B,18,2,30,+0.6373741752,+0.6758452110,18,0,
octane,T_B,18,2,31,+0.6673702982,+0.7479782578,6,1,
octane,T_B,18,2,32,+0.6532185092,+0.8333023572,1,0,
octane,T_B,18,2,33,+0.6624091177,+0.6580199152,8,0,
octane,T_B,18,2,34,+0.6471364574,+0.8667774060,17,0,
octane,T_B,18,2,35,+0.6628922404,+0.7915753351,18,0,
octane,T_B,18,2,36,+0.6652888635,+0.7727045342,16,0,
octane,T_B,18,2,37,+0.6563117459,+0.6948887088,17,0,
octane,T_B,18,2,38,+0.6658964379,+0.8119615217,2,0,
octane,T_B,18,2,39,+0.6672028075,+0.6959146652,16,0,
octane,T_B,18,2,40,+0.6670535425,+0.6383872879,17,0,
octane,T_B,18,2,41,+0.6713476011,+0.5118927352,15,2,
octane,T_B,18,2,42,+0.6800094552,+0.6351334440,17,0,
octane,T_B,18,2,43,+0.6666602202,+0.6182922404,17,4,
octane,T_B,18,2,44,+0.6463361620,+0.8284281726,0,0,
octane,T_B,18,2,45,+0.6581917149,+0.5749431133,17,0,
octane,T_B,18,2,46,+0.6519859833,+0.7311956690,2,0,
octane,T_B,18,2,47,+0.6619580078,+0.6425484245,17,3,
octane,T_B,18,2,48,+0.6728193401,+0.7639520446,16,0,
octane,T_B,18,2,49,+0.6571240998,+0.8144974504,18,0,
octane,T_B,18,12,0,+0.6076737798,+0.5961314358,0,0,+0.8313016700
octane,T_B,18,12,1,+0.6235749027,+0.5649744528,1,0,+0.6319710914
octane,T_B,18,12,2,+0.5118114904,+0.2107663863,0,0,+0.7105028953
octane,T_B,18,12,3,+0.6133672337,+0.7288097615,1,0,+0.4611512589
octane,T_B,18,12,4,+0.6320542846,+0.4695898364,1,0,+0.4471378040
octane,T_B,18,12,5,+0.6273061407,+0.5666307349,1,0,+0.6879315597
octane,T_B,18,12,6,+0.5235567041,+0.3871674827,0,0,+0.2222478916
octane,T_B,18,12,7,+0.5328816364,+0.3002230504,0,1,+0.7491293963
octane,T_B,18,12,8,+0.6467209376,+0.5589775877,0,0,+0.6731559950
octane,T_B,18,12,9,+0.6224263815,+0.3836077842,0,0,+0.5433893981
octane,T_B,18,12,10,+0.6325210207,+0.7723283730,0,0,+0.6250054531
octane,T_B,18,12,11,+0.5710718801,+0.6042956577,1,0,+0.6111916025
octane,T_B,18,12,12,+0.5980787993,+0.3451067113,1,0,+0.5525923422
octane,T_B,18,12,13,+0.5977374833,+0.5354225829,0,0,+0.6932722301
octane,T_B,18,12,14,+0.4675312435,+0.2868140363,1,0,+0.5129555455
octane,T_B,18,12,15,+0.5817945059,+0.7548822398,1,0,+0.4445677629
octane,T_B,18,12,16,+0.6612786508,+0.4299147624,0,0,+0.4626681452
octane,T_B,18,12,17,+0.5310835653,+0.2158422556,0,5,+0.3798184287
octane,T_B,18,12,18,+0.6310035823,+0.6518759146,1,0,+0.5205593544
octane,T_B,18,12,19,+0.6258661800,+0.2136881490,0,12,+0.3665300082
octane,T_B,18,12,20,+0.6446140221,+0.6496691037,0,0,+0.4144505226
octane,T_B,18,12,21,+0.5136922299,+0.2389945130,1,0,+0.8406073929
octane,T_B,18,12,22,+0.6052446733,+0.6880179303,0,0,+0.4204557511
octane,T_B,18,12,23,+0.6780370689,+0.3654952983,0,0,+0.6098282805
octane,T_B,18,12,24,+0.5708197276,+0.5034577837,0,0,+0.6885299644
octane,T_B,18,12,25,+0.6255449639,+0.6023517443,1,0,+0.4522878339
octane,T_B,18,12,26,+0.5748302541,+0.4227151940,0,0,+0.8157713083
octane,T_B,18,12,27,+0.5562403853,+0.4483762892,1,0,+0.6849653090
octane,T_B,18,12,28,+0.6215792057,+0.6140362162,0,0,+0.3750907272
octane,T_B,18,12,29,+0.5455559809,+0.3080409106,1,3,+0.5584769383
octane,T_B,18,12,30,+0.5987920549,+0.5142522224,1,0,+0.4587564054
octane,T_B,18,12,31,+0.6072434923,+0.4301055689,1,3,+0.7283968842
octane,T_B,18,12,32,+0.6098485606,+0.6616274221,0,1,+0.4597797983
octane,T_B,18,12,33,+0.5463278078,+0.1106432768,0,0,+0.3866741737
octane,T_B,18,12,34,+0.4866700047,+0.6531289561,1,0,+0.4175717755
octane,T_B,18,12,35,+0.6272312367,+0.3260276523,0,0,+0.7582466675
octane,T_B,18,12,36,+0.7244852347,+0.6827785094,0,0,+0.5437057176
octane,T_B,18,12,37,+0.6290710938,+0.3668190897,0,15,+0.7939936798
octane,T_B,18,12,38,+0.5669435941,+0.2400102149,0,0,+0.5969176060
octane,T_B,18,12,39,+0.5456891981,+0.5323929308,1,0,+0.4570204445
octane,T_B,18,12,40,+0.5556568855,+0.7888364360,1,0,+0.5548649988
octane,T_B,18,12,41,+0.5816164388,+0.3849086879,1,1,+0.3983876317
octane,T_B,18,12,42,+0.6237484579,+0.3087744299,0,0,+0.4360420843
octane,T_B,18,12,43,+0.6066668829,+0.6265243673,0,0,+0.6148960254
octane,T_B,18,12,44,+0.6131420774,+0.5365240364,1,0,+0.4551306683
octane,T_B,18,12,45,+0.6558988957,+0.4869578875,0,0,+0.7063869488
octane,T_B,18,12,46,+0.5859669339,+0.6014907207,0,1,+0.5323727595
octane,T_B,18,12,47,+0.5425776082,+0.4656701249,1,0,+0.4730136895
octane,T_B,18,12,48,+0.6120465509,+0.2777347815,1,10,+0.7635157469
octane,T_B,18,12,49,+0.5334138577,+0.6097560645,0,0,+0.5319973912
octane,dHf,18,2,0,+0.8257136268,+0.6434564167,0,3,
octane,dHf,18,2,1,+0.8103586326,+0.5918382158,14,6,
octane,dHf,18,2,2,+0.8246807292,+0.5820331684,0,5,
octane,dHf,18,2,3,+0.8228471957,+0.8309113081,16,0,
octane,dHf,18,2,4,+0.8291622072,+0.7639965985,0,16,
octane,dHf,18,2,5,+0.8215524081,+0.8021638808,16,1,
octane,dHf,18,2,6,+0.8170899683,+0.5318181974,9,14,
octane,dHf,18,2,7,+0.8302676717,+0.6871953772,17,2,
octane,dHf,18,2,8,+0.8119997306,+0.5528696033,1,2,
octane,dHf,18,2,9,+0.8245216618,+0.7872275260,17,0,
octane,dHf,18,2,10,+0.8279917158,+0.7607109032,18,0,
octane,dHf,18,2,11,+0.8206561310,+0.6192098525,6,0,
octane,dHf,18,2,12,+0.8156645515,+0.7825540225,2,18,
octane,dHf,18,2,13,+0.8219758418,+0.5349501035,1,1,
octane,dHf,18,2,14,+0.8377347988,+0.8483353257,0,0,
octane,dHf,18,2,15,+0.7950055475,+0.7669029898,6,16,
octane,dHf,18,2,16,+0.8360650048,+0.8042774674,15,0,
octane,dHf,18,2,17,+0.8234633502,+0.7886291201,16,12,
octane,dHf,18,2,18,+0.7858185515,+0.6821327412,1,0,
octane,dHf,18,2,19,+0.8205367956,+0.8284997257,7,1,
octane,dHf,18,2,20,+0.8125838807,+0.7989192121,10,0,
octane,dHf,18,2,21,+0.8162189810,+0.8264796521,0,0,
octane,dHf,18,2,22,+0.8328476200,+0.8616342991,16,0,
octane,dHf,18,2,23,+0.8183391391,+0.8027109293,17,0,
octane,dHf,18,2,24,+0.7987510576,+0.6655052121,10,1,
octane,dHf,18,2,25,+0.8112823839,+0.7996246905,4,16,
octane,dHf,18,2,26,+0.8183338697,+0.8071324999,1,2,
octane,dHf,18,2,27,+0.8133825382,+0.5199304810,13,2,
octane,dHf,18,2,28,+0.8210298724,+0.6221321467,14,0,
octane,dHf,18,2,29,+0.8233399169,+0.8538942656,14,0,
octane,dHf,18,2,30,+0.8188790123,+0.8098469295,17,0,
octane,dHf,18,2,31,+0.8373127558,+0.5884160687,16,13,
octane,dHf,18,2,32,+0.8175053626,+0.7926721614,0,1,
octane,dHf,18,2,33,+0.8121394370,+0.8281938523,6,0,
octane,dHf,18,2,34,+0.8257099767,+0.7400843225,17,13,
octane,dHf,18,2,35,+0.8207954381,+0.7698130391,7,4,
octane,dHf,18,2,36,+0.8403284833,+0.6771321924,15,0,
octane,dHf,18,2,37,+0.8135455594,+0.8583877763,13,0,
octane,dHf,18,2,38,+0.8050422861,+0.6545415866,4,10,
octane,dHf,18,2,39,+0.8340450595,+0.7565298430,2,1,
octane,dHf,18,2,40,+0.8269877759,+0.7584285959,17,0,
octane,dHf,18,2,41,+0.8141211559,+0.7678306901,7,9,
octane,dHf,18,2,42,+0.8283754509,+0.6397415268,8,7,
octane,dHf,18,2,43,+0.8117241117,+0.7974848879,13,6,
octane,dHf,18,2,44,+0.8046776765,+0.4894268411,4,2,
octane,dHf,18,2,45,+0.8381048499,+0.8543803614,17,0,
octane,dHf,18,2,46,+0.8047863818,+0.8602304438,13,17,
octane,dHf,18,2,47,+0.8098242560,+0.8073725259,14,0,
octane,dHf,18,2,48,+0.8284436596,+0.7183790390,1,4,
octane,dHf,18,2,49,+0.8189582340,+0.8388817647,12,0,
octane,dHf,18,12,0,+0.7970120470,+0.5380661561,0,0,+0.5910051134
octane,dHf,18,12,1,+0.8227860527,+0.3438931503,0,0,+0.7091251938
octane,dHf,18,12,2,+0.8514145283,+0.2762704935,0,2,+0.7912163428
octane,dHf,18,12,3,+0.8453584202,+0.7953700681,0,0,+0.8413129899
octane,dHf,18,12,4,+0.8110694559,+0.5500670788,0,0,+0.5002645084
octane,dHf,18,12,5,+0.8261882204,+0.6703811331,0,0,+0.7572274415
octane,dHf,18,12,6,+0.8625069546,+0.5008643458,0,2,+0.6595630033
octane,dHf,18,12,7,+0.8210607597,+0.3445337195,0,0,+0.7727154635
octane,dHf,18,12,8,+0.8617225186,+0.7618634629,0,0,+0.8392511293
octane,dHf,18,12,9,+0.7709123961,+0.7500189989,0,0,+0.7054527040
octane,dHf,18,12,10,+0.7284867324,+0.8110589404,0,0,+0.8644572765
octane,dHf,18,12,11,+0.8161657872,+0.6916586062,0,0,+0.8095377490
octane,dHf,18,12,12,+0.7899316440,+0.4481469418,0,0,+0.8656156908
octane,dHf,18,12,13,+0.8176393948,+0.4842071538,0,0,+0.8414528992
octane,dHf,18,12,14,+0.8529959310,+0.5202890812,0,0,+0.6301200374
octane,dHf,18,12,15,+0.8221325957,+0.8304585040,0,18,+0.5519286011
octane,dHf,18,12,16,+0.8347934271,+0.7754003205,0,0,+0.5558794449
octane,dHf,18,12,17,+0.8189245105,+0.4207370346,0,0,+0.8596356669
octane,dHf,18,12,18,+0.8414270580,+0.6700711975,0,0,+0.7859466619
octane,dHf,18,12,19,+0.8648166695,+0.7110934309,0,16,+0.7707492904
octane,dHf,18,12,20,+0.8227730041,+0.7108754162,0,0,+0.6098403600
octane,dHf,18,12,21,+0.8256839357,+0.4983354875,0,0,+0.7815180028
octane,dHf,18,12,22,+0.8067634036,+0.6681201813,0,0,+0.8264072832
octane,dHf,18,12,23,+0.8297774969,+0.2032171835,0,1,+0.8310588195
octane,dHf,18,12,24,+0.8453036469,+0.6989911740,0,0,+0.4950793711
octane,dHf,18,12,25,+0.8153321906,+0.8002694592,0,0,+0.5858162273
octane,dHf,18,12,26,+0.8144874845,+0.7186250396,0,0,+0.7973324904
octane,dHf,18,12,27,+0.7924673227,+0.7618312559,0,0,+0.7124783524
octane,dHf,18,12,28,+0.8148583934,+0.7259522429,0,0,+0.6305730776
octane,dHf,18,12,29,+0.8366000365,+0.8406433419,0,18,+0.8101397304
octane,dHf,18,12,30,+0.8185968294,+0.5240568481,0,0,+0.6365622502
octane,dHf,18,12,31,+0.8435962248,+0.3630674421,0,1,+0.6796057993
octane,dHf,18,12,32,+0.8001165009,+0.4724218822,0,4,+0.7282859597
octane,dHf,18,12,33,+0.8047488034,+0.5309048713,0,0,+0.7483723853
octane,dHf,18,12,34,+0.8477270404,+0.8100480141,0,0,+0.8352781235
octane,dHf,18,12,35,+0.8603561433,+0.6975971081,0,0,+0.8102586945
octane,dHf,18,12,36,+0.8037868291,+0.7245828895,0,16,+0.7755698419
octane,dHf,18,12,37,+0.8137226561,+0.7979194587,0,15,+0.8270661490
octane,dHf,18,12,38,+0.7783309049,+0.2327517608,0,2,+0.6537229770
octane,dHf,18,12,39,+0.7867723666,+0.6283587676,0,0,+0.7671400128
octane,dHf,18,12,40,+0.8247523071,+0.6858278373,0,0,+0.7327472793
octane,dHf,18,12,41,+0.8250115294,+0.5696388866,0,0,+0.7095122283
octane,dHf,18,12,42,+0.8235357582,+0.8363642143,0,0,+0.6647758281
octane,dHf,18,12,43,+0.7692727010,+0.6347550619,0,0,+0.7741720841
octane,dHf,18,12,44,+0.7961851753,+0.7781354756,0,0,+0.7120092268
octane,dHf,18,12,45,+0.8612750320,+0.3903851111,0,2,+0.6015024982
octane,dHf,18,12,46,+0.7760788558,+0.5991198015,0,0,+0.8501771416
octane,dHf,18,12,47,+0.6991165611,+0.8396481064,0,0,+0.6267982438
octane,dHf,18,12,48,+0.8311901705,+0.8329049602,0,18,+0.7655223337
octane,dHf,18,12,49,+0.7223621657,+0.5541469281,0,0,+0.7995856926
octane,dHvap,18,2,0,+0.8864002917,+0.9650772768,18,0,
octane,dHvap,18,2,1,+0.8871310765,+0.9678059883,18,0,
octane,dHvap,18,2,2,+0.8818059169,+0.9745858791,18,0,
octane,dHvap,18,2,3,+0.8855641820,+0.9515324237,18,0,
octane,dHvap,18,2,4,+0.8863658709,+0.9387787824,17,0,
octane,dHvap,18,2,5,+0.8924157872,+0.9538007858,18,0,
octane,dHvap,18,2,6,+0.8941369580,+0.9513821574,18,1,
octane,dHvap,18,2,7,+0.8851555553,+0.9574965089,18,0,
octane,dHvap,18,2,8,+0.8780221777,+0.9609228934,17,0,
octane,dHvap,18,2,9,+0.8845430002,+0.9525291762,17,4,
octane,dHvap,18,2,10,+0.8786508510,+0.9410039502,15,3,
octane,dHvap,18,2,11,+0.8909488362,+0.9379389201,18,2,
octane,dHvap,18,2,12,+0.8872898308,+0.9550944845,17,0,
octane,dHvap,18,2,13,+0.8902531235,+0.9592291931,18,0,
octane,dHvap,18,2,14,+0.8922545896,+0.9471935858,18,0,
octane,dHvap,18,2,15,+0.8886903725,+0.9601658432,18,0,
octane,dHvap,18,2,16,+0.8721861431,+0.9545786667,17,0,
octane,dHvap,18,2,17,+0.8865886653,+0.9553662219,17,4,
octane,dHvap,18,2,18,+0.8934684341,+0.9406254157,18,6,
octane,dHvap,18,2,19,+0.8894534964,+0.9472140932,18,0,
octane,dHvap,18,2,20,+0.8872448959,+0.9251313335,17,2,
octane,dHvap,18,2,21,+0.8878684322,+0.9571303662,18,0,
octane,dHvap,18,2,22,+0.8872455297,+0.9505518738,18,0,
octane,dHvap,18,2,23,+0.8897127443,+0.9511217668,18,0,
octane,dHvap,18,2,24,+0.8911457924,+0.9582392850,18,16,
octane,dHvap,18,2,25,+0.8935578097,+0.9759652563,18,0,
octane,dHvap,18,2,26,+0.8880750542,+0.9657113811,18,0,
octane,dHvap,18,2,27,+0.8863261770,+0.9566861527,18,0,
octane,dHvap,18,2,28,+0.8979369301,+0.9598441130,18,1,
octane,dHvap,18,2,29,+0.8855042849,+0.9501499159,18,0,
octane,dHvap,18,2,30,+0.8880906615,+0.9639944267,18,0,
octane,dHvap,18,2,31,+0.8903675783,+0.9460494432,18,0,
octane,dHvap,18,2,32,+0.8857167802,+0.9595462090,18,0,
octane,dHvap,18,2,33,+0.8903642084,+0.9571061375,17,13,
octane,dHvap,18,2,34,+0.8844917334,+0.9604945537,18,0,
octane,dHvap,18,2,35,+0.8848364526,+0.9411151395,18,0,
octane,dHvap,18,2,36,+0.8854255590,+0.9581161878,18,0,
octane,dHvap,18,2,37,+0.8926043056,+0.9665011012,17,0,
octane,dHvap,18,2,38,+0.8842453936,+0.9603773244,18,0,
octane,dHvap,18,2,39,+0.8837990236,+0.9541865252,18,0,
octane,dHvap,18,2,40,+0.8824912215,+0.9676515556,18,0,
octane,dHvap,18,2,41,+0.8912049527,+0.9510024296,18,0,
octane,dHvap,18,2,42,+0.8814662638,+0.9580838680,4,0,
octane,dHvap,18,2,43,+0.8862104191,+0.9397947765,18,9,
octane,dHvap,18,2,44,+0.8847346266,+0.9646798342,18,0,
octane,dHvap,18,2,45,+0.8888659250,+0.9490987689,17,2,
octane,dHvap,18,2,46,+0.8898217255,+0.9563216422,18,0,
octane,dHvap,18,2,47,+0.8882615760,+0.9415944308,18,0,
octane,dHvap,18,2,48,+0.8941091294,+0.9607224526,18,0,
octane,dHvap,18,2,49,+0.8845652631,+0.9731245314,18,0,
octane,dHvap,18,12,0,+0.9538769524,+0.9341321483,0,0,+0.9183320331
octane,dHvap,18,12,1,+0.9344513874,+0.9540101878,1,0,+0.9455187529
octane,dHvap,18,12,2,+0.9533498776,+0.9500148606,1,0,+0.9586079056
octane,dHvap,18,12,3,+0.9430623380,+0.9534793881,1,0,+0.9516202461
octane,dHvap,18,12,4,+0.9389214137,+0.9294521120,1,0,+0.9370231826
octane,dHvap,18,12,5,+0.9426023358,+0.9234542492,1,0,+0.9512794888
octane,dHvap,18,12,6,+0.9331350793,+0.9305985845,1,17,+0.9347005584
octane,dHvap,18,12,7,+0.9469774455,+0.9329673621,0,0,+0.9539535724
octane,dHvap,18,12,8,+0.9436060880,+0.9058573859,0,0,+0.9637248420
octane,dHvap,18,12,9,+0.9422855829,+0.9621959984,2,0,+0.9364593640
octane,dHvap,18,12,10,+0.9269660624,+0.9040824646,0,0,+0.9447288397
octane,dHvap,18,12,11,+0.9381846069,+0.9599220330,1,0,+0.9260639866
octane,dHvap,18,12,12,+0.9405689053,+0.9451795482,1,0,+0.9267134298
octane,dHvap,18,12,13,+0.9465769567,+0.9433440383,1,0,+0.9573095231
octane,dHvap,18,12,14,+0.9472550490,+0.9240953734,0,0,+0.9290947307
octane,dHvap,18,12,15,+0.9334410999,+0.9066196254,1,0,+0.9315497291
octane,dHvap,18,12,16,+0.9411307013,+0.8945441577,0,0,+0.9302744495
octane,dHvap,18,12,17,+0.9530041141,+0.9287568917,0,0,+0.9592199890
octane,dHvap,18,12,18,+0.9371368941,+0.9463173272,0,0,+0.9403365083
octane,dHvap,18,12,19,+0.9391974427,+0.9674123202,1,0,+0.9492860951
octane,dHvap,18,12,20,+0.9414072685,+0.8840461998,1,0,+0.9517873028
octane,dHvap,18,12,21,+0.9516848599,+0.9548144555,0,0,+0.9515585207
octane,dHvap,18,12,22,+0.9506647717,+0.9356465931,0,0,+0.9413205358
octane,dHvap,18,12,23,+0.9419501047,+0.9143012752,1,0,+0.9543561621
octane,dHvap,18,12,24,+0.9406707090,+0.9102711290,0,0,+0.9701863397
octane,dHvap,18,12,25,+0.9385043196,+0.9465225985,1,0,+0.9310456672
octane,dHvap,18,12,26,+0.9424605613,+0.9315681120,0,0,+0.9260056645
octane,dHvap,18,12,27,+0.9398967994,+0.9380106905,1,0,+0.9672041674
octane,dHvap,18,12,28,+0.9401209160,+0.9428563860,0,0,+0.9355140114
octane,dHvap,18,12,29,+0.9356429929,+0.9398279982,1,0,+0.9737319574
octane,dHvap,18,12,30,+0.9617758952,+0.9401279031,0,0,+0.9554474993
octane,dHvap,18,12,31,+0.9291362728,+0.8907648675,0,0,+0.9399879914
octane,dHvap,18,12,32,+0.9414767948,+0.9037634149,1,0,+0.9543871282
octane,dHvap,18,12,33,+0.9456880944,+0.9568838624,1,0,+0.9430124049
octane,dHvap,18,12,34,+0.9453638407,+0.9224796397,1,0,+0.9574862129
octane,dHvap,18,12,35,+0.9407460049,+0.9510918919,0,0,+0.9403205548
octane,dHvap,18,12,36,+0.9414631483,+0.9400328620,1,0,+0.9503690407
octane,dHvap,18,12,37,+0.9468426310,+0.9136128394,0,0,+0.9460247143
octane,dHvap,18,12,38,+0.9452860677,+0.9500455591,0,0,+0.9412185610
octane,dHvap,18,12,39,+0.9436229314,+0.9482754182,1,0,+0.9535305615
octane,dHvap,18,12,40,+0.9381543298,+0.9683584055,2,0,+0.9422245410
octane,dHvap,18,12,41,+0.9520778180,+0.9171913210,0,0,+0.9671798587
octane,dHvap,18,12,42,+0.9387515538,+0.9345442860,0,0,+0.9577358754
octane,dHvap,18,12,43,+0.9368948589,+0.9268107912,2,0,+0.9068371504
octane,dHvap,18,12,44,+0.9491154800,+0.9167570872,0,0,+0.9262492466
octane,dHvap,18,12,45,+0.9389333939,+0.9191915619,1,0,+0.9266486743
octane,dHvap,18,12,46,+0.9442385617,+0.9321884269,0,0,+0.9652535539
octane,dHvap,18,12,47,+0.9473129189,+0.8937667828,0,0,+0.9307897552
octane,dHvap,18,12,48,+0.9416817256,+0.9579739313,1,0,+0.9466556064
octane,dHvap,18,12,49,+0.9516314445,+0.9344816552,1,0,+0.9540622738
octane,S,18,2,0,+0.9172339185,+0.9292925742,7,14,
octane,S,18,2,1,+0.9194109221,+0.8951858668,16,15,
octane,S,18,2,2,+0.9188189033,+0.9352072258,16,0,
octane,S,18,2,3,+0.9187924975,+0.9205369426,16,0,
octane,S,18,2,4,+0.9197668732,+0.9205398678,16,17,
octane,S,18,2,5,+0.9172938626,+0.9244234720,16,0,
octane,S,18,2,6,+0.9154394499,+0.9113788982,16,14,
octane,S,18,2,7,+0.9173897274,+0.8922285558,15,0,
octane,S,18,2,8,+0.9171150647,+0.9153218513,15,0,
octane,S,18,2,9,+0.9226321652,+0.9048636680,16,14,
octane,S,18,2,10,+0.9189896830,+0.8832779731,16,12,
octane,S,18,2,11,+0.9161719926,+0.9184136441,16,17,
octane,S,18,2,12,+0.9206119473,+0.9003930410,16,0,
octane,S,18,2,13,+0.9199453869,+0.9121355283,15,2,
octane,S,18,2,14,+0.9176939217,+0.8759963075,16,0,
octane,S,18,2,15,+0.9190848893,+0.8915310160,16,14,
octane,S,18,2,16,+0.9199039313,+0.9165515696,16,1,
octane,S,18,2,17,+0.9183880153,+0.9286204447,16,17,
octane,S,18,2,18,+0.9191229034,+0.9119913513,14,16,
octane,S,18,2,19,+0.9159611663,+0.9043530386,15,2,
octane,S,18,2,20,+0.9170227761,+0.9144809761,16,17,
octane,S,18,2,21,+0.9187492273,+0.9022313259,16,6,
octane,S,18,2,22,+0.9198234050,+0.8877457014,16,14,
octane,S,18,2,23,+0.9169332385,+0.8949282863,16,1,
octane,S,18,2,24,+0.9192307411,+0.9233204172,14,1,
octane,S,18,2,25,+0.9199743896,+0.9114559475,16,0,
octane,S,18,2,26,+0.9173186892,+0.9169194246,16,16,
octane,S,18,2,27,+0.9165560744,+0.9325979972,14,17,
octane,S,18,2,28,+0.9191633210,+0.9042444214,16,1,
octane,S,18,2,29,+0.9205485976,+0.9065926216,16,12,
octane,S,18,2,30,+0.9192686383,+0.9109034296,16,1,
octane,S,18,2,31,+0.9170166307,+0.8977019250,15,0,
octane,S,18,2,32,+0.9193371703,+0.8985199637,16,5,
octane,S,18,2,33,+0.9199208564,+0.9057672752,16,0,
octane,S,18,2,34,+0.9182279114,+0.9118730588,16,16,
octane,S,18,2,35,+0.9188374747,+0.9279699744,16,0,
octane,S,18,2,36,+0.9194846856,+0.9294092920,16,17,
octane,S,18,2,37,+0.9187879360,+0.9163705449,14,3,
octane,S,18,2,38,+0.9192893441,+0.9213021536,14,4,
octane,S,18,2,39,+0.9152337923,+0.9175079019,16,0,
octane,S,18,2,40,+0.9210321785,+0.9302551391,16,0,
octane,S,18,2,41,+0.9169431333,+0.9262772791,14,9,
octane,S,18,2,42,+0.9203272856,+0.9270761653,11,15,
octane,S,18,2,43,+0.9179201192,+0.9091325974,16,13,
octane,S,18,2,44,+0.9178126510,+0.9234900073,16,17,
octane,S,18,2,45,+0.9157522499,+0.9197384482,16,15,
octane,S,18,2,46,+0.9172118219,+0.9183820806,16,3,
octane,S,18,2,47,+0.9190463802,+0.9167560729,16,0,
octane,S,18,2,48,+0.9165725486,+0.9051448920,15,0,
octane,S,18,2,49,+0.9156805034,+0.9182562384,13,0,
octane,S,18,12,0,+0.8577623085,+0.7514631030,1,0,+0.8661923591
octane,S,18,12,1,+0.8896031335,+0.8263449326,1,1,+0.8674788219
octane,S,18,12,2,+0.8573881597,+0.8400773797,0,0,+0.8279674579
octane,S,18,12,3,+0.8599411544,+0.9321962769,1,0,+0.9117407317
octane,S,18,12,4,+0.8640956666,+0.8617288426,1,0,+0.9142965165
octane,S,18,12,5,+0.8640290100,+0.8917385989,1,0,+0.8970452606
octane,S,18,12,6,+0.8509617416,+0.8656561326,1,0,+0.9322250702
octane,S,18,12,7,+0.8557691144,+0.7445722341,0,1,+0.8828419384
octane,S,18,12,8,+0.8575040964,+0.8905640717,0,0,+0.8407904287
octane,S,18,12,9,+0.8477187472,+0.8339822198,1,0,+0.8887769844
octane,S,18,12,10,+0.8601005811,+0.7685017008,1,1,+0.8153916844
octane,S,18,12,11,+0.8571091172,+0.8261657829,1,1,+0.8666065150
octane,S,18,12,12,+0.8629893173,+0.9268588959,1,0,+0.8801243413
octane,S,18,12,13,+0.8750827746,+0.8734468276,1,0,+0.8429913398
octane,S,18,12,14,+0.8558031856,+0.9235046678,0,0,+0.9035420596
octane,S,18,12,15,+0.8455577502,+0.8043973869,0,1,+0.8198676180
octane,S,18,12,16,+0.8491717797,+0.8493966309,1,0,+0.8593786463
octane,S,18,12,17,+0.8666731398,+0.7742258197,1,0,+0.9015022985
octane,S,18,12,18,+0.8679806478,+0.8464029505,1,0,+0.8864140123
octane,S,18,12,19,+0.8547049824,+0.8495354387,0,0,+0.8570581631
octane,S,18,12,20,+0.8693842762,+0.8212103248,1,0,+0.8902076123
octane,S,18,12,21,+0.8583413842,+0.8592038930,1,0,+0.8832346954
octane,S,18,12,22,+0.8390687851,+0.9316785165,1,0,+0.9343526616
octane,S,18,12,23,+0.8500661155,+0.8188579824,1,1,+0.8959653654
octane,S,18,12,24,+0.8624802856,+0.8054236540,1,0,+0.8717111434
octane,S,18,12,25,+0.8631690084,+0.8923553176,1,1,+0.8806000212
octane,S,18,12,26,+0.8674627578,+0.8948908748,1,1,+0.9067172337
octane,S,18,12,27,+0.8514552906,+0.8406612475,0,1,+0.8861799678
octane,S,18,12,28,+0.8654522396,+0.7876288621,0,0,+0.8881758049
octane,S,18,12,29,+0.8589775420,+0.7858280098,1,1,+0.8514335368
octane,S,18,12,30,+0.8609473365,+0.8048788334,0,0,+0.8665431527
octane,S,18,12,31,+0.8481914067,+0.9382444937,0,0,+0.8113702438
octane,S,18,12,32,+0.8514849398,+0.9209892263,1,0,+0.9074011631
octane,S,18,12,33,+0.8415345257,+0.8390867681,1,2,+0.9008151577
octane,S,18,12,34,+0.8484728078,+0.7750014606,1,0,+0.8831194478
octane,S,18,12,35,+0.8673616134,+0.9397878673,1,0,+0.8937260610
octane,S,18,12,36,+0.8554103166,+0.7434051881,1,0,+0.9338005255
octane,S,18,12,37,+0.8661502116,+0.7763340521,1,0,+0.8477011543
octane,S,18,12,38,+0.8503277050,+0.8345044338,1,0,+0.8901656451
octane,S,18,12,39,+0.8706343687,+0.7597139852,0,0,+0.8997342948
octane,S,18,12,40,+0.8586554343,+0.8620480748,0,0,+0.8770502988
octane,S,18,12,41,+0.8527590920,+0.8747835663,1,0,+0.8791393927
octane,S,18,12,42,+0.8609954846,+0.8272175491,0,0,+0.8314737020
octane,S,18,12,43,+0.8632152268,+0.8172582680,1,1,+0.8291439322
octane,S,18,12,44,+0.8522573740,+0.8653592794,0,0,+0.8565623784
octane,S,18,12,45,+0.8615663770,+0.8651575181,1,0,+0.8660969702
octane,S,18,12,46,+0.8593278794,+0.9373475957,0,0,+0.8844102847
octane,S,18,12,47,+0.8464254413,+0.8559901841,1,0,+0.8405035750
octane,S,18,12,48,+0.8506897506,+0.8905045797,0,0,+0.9177258606
octane,S,18,12,49,+0.8526346039,+0.8907587194,0,1,+0.8781018321
octane,omega,18,2,0,+0.9799427669,+0.9737718747,0,0,
octane,omega,18,2,1,+0.9763158066,+0.9734413392,0,0,
octane,omega,18,2,2,+0.9780533838,+0.9745772816,0,0,
octane,omega,18,2,3,+0.9783549219,+0.9793327370,0,0,
octane,omega,18,2,4,+0.9788354795,+0.9626080452,0,0,
octane,omega,18,2,5,+0.9777163218,+0.9619352717,0,0,
octane,omega,18,2,6,+0.9803759368,+0.9721124514,0,0,
octane,omega,18,2,7,+0.9792271077,+0.9798997490,0,0,
octane,omega,18,2,8,+0.9788648684,+0.9760789623,0,0,
octane,omega,18,2,9,+0.9785016398,+0.9804110589,0,0,
octane,omega,18,2,10,+0.9778707467,+0.9793215755,0,0,
octane,omega,18,2,11,+0.9795707224,+0.9764606703,0,0,
octane,omega,18,2,12,+0.9773249623,+0.9771711495,0,0,
octane,omega,18,2,13,+0.9794340314,+0.9692305954,0,0,
octane,omega,18,2,14,+0.9782457703,+0.9801712652,0,0,
octane,omega,18,2,15,+0.9786296065,+0.9637632147,0,0,
octane,omega,18,2,16,+0.9796942803,+0.9722842402,0,0,
octane,omega,18,2,17,+0.9790584374,+0.9772916588,0,0,
octane,omega,18,2,18,+0.9788612276,+0.9788846529,0,0,
octane,omega,18,2,19,+0.9775990514,+0.9782850200,0,0,
octane,omega,18,2,20,+0.9784734811,+0.9718285300,0,0,
octane,omega,18,2,21,+0.9806060881,+0.9781616705,0,0,
octane,omega,18,2,22,+0.9804375328,+0.9677490092,0,0,
octane,omega,18,2,23,+0.9792726548,+0.9714168306,0,0,
octane,omega,18,2,24,+0.9797561021,+0.9747741207,0,0,
octane,omega,18,2,25,+0.9793868795,+0.9720241057,0,0,
octane,omega,18,2,26,+0.9785084142,+0.9713263959,0,0,
octane,omega,18,2,27,+0.9792281400,+0.9732957022,0,0,
octane,omega,18,2,28,+0.9789174047,+0.9764513375,0,0,
octane,omega,18,2,29,+0.9789271963,+0.9746422674,0,0,
octane,omega,18,2,30,+0.9797053991,+0.9809208150,0,0,
octane,omega,18,2,31,+0.9805866565,+0.9622514943,0,0,
octane,omega,18,2,32,+0.9797772360,+0.9713022269,0,0,
octane,omega,18,2,33,+0.9792226501,+0.9756839131,0,0,
octane,omega,18,2,34,+0.9800708515,+0.9777127500,0,0,
octane,omega,18,2,35,+0.9803629003,+0.9720724175,0,0,
octane,omega,18,2,36,+0.9776720496,+0.9724057551,0,0,
octane,omega,18,2,37,+0.9792256271,+0.9745640572,0,0,
octane,omega,18,2,38,+0.9795944918,+0.9773446649,0,0,
octane,omega,18,2,39,+0.9784691595,+0.9606303040,0,0,
octane,omega,18,2,40,+0.9785940734,+0.9720631413,0,0,
octane,omega,18,2,41,+0.9792012776,+0.9573004479,0,0,
octane,omega,18,2,42,+0.9788397782,+0.9762956455,0,0,
octane,omega,18,2,43,+0.9777834415,+0.9774949039,0,0,
octane,omega,18,2,44,+0.9776505750,+0.9739398237,0,0,
octane,omega,18,2,45,+0.9797334008,+0.9830509008,0,0,
octane,omega,18,2,46,+0.9760695916,+0.9855667533,0,0,
octane,omega,18,2,47,+0.9790307142,+0.9741042102,0,0,
octane,omega,18,2,48,+0.9787289008,+0.9706655534,0,0,
octane,omega,18,2,49,+0.9800736563,+0.9737409132,0,0,
octane,omega,18,12,0,+0.9809023457,+0.8591879728,0,0,+0.9020158468
octane,omega,18,12,1,+0.9861678521,+0.8736823498,0,15,+0.9513770281
octane,omega,18,12,2,+0.9818238281,+0.8658598226,0,11,+0.9700242331
octane,omega,18,12,3,+0.9807720098,+0.9643389286,0,0,+0.8706483555
octane,omega,18,12,4,+0.9848282913,+0.9360133602,0,2,+0.9662643721
octane,omega,18,12,5,+0.9664896013,+0.9251794800,0,0,+0.9573288031
octane,omega,18,12,6,+0.9694235671,+0.9545812204,0,0,+0.9499399968
octane,omega,18,12,7,+0.9739745515,+0.8975923601,0,0,+0.9663650437
octane,omega,18,12,8,+0.9748694904,+0.9548407338,0,17,+0.9626181862
octane,omega,18,12,9,+0.9820567348,+0.9530556849,0,0,+0.9221369952
octane,omega,18,12,10,+0.9816243328,+0.9385616683,0,0,+0.9850070348
octane,omega,18,12,11,+0.9144818553,+0.9433822397,1,0,+0.9728369615
octane,omega,18,12,12,+0.9837695820,+0.9592073073,0,0,+0.9503755045
octane,omega,18,12,13,+0.9674904892,+0.8345581494,0,0,+0.9528970551
octane,omega,18,12,14,+0.9753879518,+0.8304020745,0,0,+0.9353673887
octane,omega,18,12,15,+0.9842630929,+0.9448050352,0,0,+0.9683661413
octane,omega,18,12,16,+0.9745153437,+0.9197522934,0,0,+0.8824146506
octane,omega,18,12,17,+0.9845951830,+0.9732495026,0,0,+0.9869227380
octane,omega,18,12,18,+0.9858378899,+0.9836167465,0,0,+0.9721695071
octane,omega,18,12,19,+0.9853984909,+0.9603643289,0,0,+0.9617641199
octane,omega,18,12,20,+0.9681658378,+0.9365522126,0,0,+0.9439135649
octane,omega,18,12,21,+0.9592586386,+0.8356946816,0,0,+0.9506057005
octane,omega,18,12,22,+0.9859282819,+0.9693081663,0,0,+0.9834867928
octane,omega,18,12,23,+0.9844541591,+0.8973475163,0,0,+0.8874169576
octane,omega,18,12,24,+0.9834754075,+0.7939737274,0,0,+0.9342892567
octane,omega,18,12,25,+0.9786208992,+0.9332289802,0,0,+0.9033248678
octane,omega,18,12,26,+0.9638356312,+0.9600239603,0,0,+0.9489699482
octane,omega,18,12,27,+0.9678079085,+0.9672015796,0,0,+0.9214038228
octane,omega,18,12,28,+0.9863694724,+0.9766031969,0,0,+0.9431952850
octane,omega,18,12,29,+0.9675349922,+0.9734407936,0,0,+0.9474276830
octane,omega,18,12,30,+0.9757187012,+0.9362928446,0,17,+0.9526825257
octane,omega,18,12,31,+0.9762723959,+0.8465359381,0,12,+0.9592563357
octane,omega,18,12,32,+0.9719712257,+0.8727338562,0,0,+0.9169626873
octane,omega,18,12,33,+0.9765606249,+0.9455779597,0,0,+0.9064952699
octane,omega,18,12,34,+0.9818150681,+0.8439877906,0,0,+0.8974190235
octane,omega,18,12,35,+0.9786338969,+0.9759650507,0,0,+0.9269183879
octane,omega,18,12,36,+0.9811443669,+0.7965200512,0,0,+0.9814476688
octane,omega,18,12,37,+0.9860457469,+0.9729035831,0,0,+0.9232147387
octane,omega,18,12,38,+0.9732276024,+0.9476667661,0,0,+0.9425603816
octane,omega,18,12,39,+0.9723264580,+0.9714837127,0,0,+0.9767184648
octane,omega,18,12,40,+0.9851825319,+0.9558542445,0,1,+0.9625234294
octane,omega,18,12,41,+0.9644941761,+0.9288215510,0,0,+0.9837729328
octane,omega,18,12,42,+0.9731510231,+0.9610296356,0,0,+0.9526903203
octane,omega,18,12,43,+0.9648404524,+0.8707806468,0,0,+0.9573282230
octane,omega,18,12,44,+0.9733582732,+0.8808843598,0,0,+0.9847173879
octane,omega,18,12,45,+0.9787888364,+0.9691844871,0,0,+0.9716924104
octane,omega,18,12,46,+0.9844374752,+0.9106893677,0,0,+0.9060485382
octane,omega,18,12,47,+0.9860088489,+0.9618213034,0,0,+0.9633504108
octane,omega,18,12,48,+0.9759686813,+0.8547804991,0,0,+0.9247233476
octane,omega,18,12,49,+0.9790896265,+0.9232534479,0,1,+0.9326317527
nonane,T_B,35,2,0,+0.5839744255,+0.5805767800,0,0,
nonane,T_B,35,2,1,+0.5740966800,+0.5349006530,33,34,
nonane,T_B,35,2,2,+0.5552168807,+0.4514732003,4,0,
nonane,T_B,35,2,3,+0.5459658056,+0.6567326028,11,0,
nonane,T_B,35,2,4,+0.5768753661,+0.6679587627,3,0,
nonane,T_B,35,2,5,+0.5703031232,+0.5159271332,2,1,
nonane,T_B,35,2,6,+0.5750077608,+0.5496002636,34,3,
nonane,T_B,35,2,7,+0.5879412482,+0.6992255240,35,34,
nonane,T_B,35,2,8,+0.5764487004,+0.6058715413,33,0,
nonane,T_B,35,2,9,+0.5486580154,+0.5599343349,20,0,
nonane,T_B,35,2,10,+0.5807746280,+0.5104767261,33,1,
nonane,T_B,35,2,11,+0.5613989423,+0.5993792263,1,0,
nonane,T_B,35,2,12,+0.5884317733,+0.3928878721,32,19,
nonane,T_B,35,2,13,+0.5731506215,+0.7688474466,33,0,
nonane,T_B,35,2,14,+0.5649755328,+0.5141993668,0,0,
nonane,T_B,35,2,15,+0.5783258603,+0.6180429626,32,1,
nonane,T_B,35,2,16,+0.5490377043,+0.7056596917,13,0,
nonane,T_B,35,2,17,+0.5813214405,+0.6366587204,34,0,
nonane,T_B,35,2,18,+0.5956230303,+0.7005683302,34,0,
nonane,T_B,35,2,19,+0.5536125612,+0.5429216959,23,0,
nonane,T_B,35,2,20,+0.5830307127,+0.6288461758,33,0,
nonane,T_B,35,2,21,+0.5757991306,+0.4383565365,1,0,
nonane,T_B,35,2,22,+0.5836046065,+0.6789711126,1,0,
nonane,T_B,35,2,23,+0.5649259811,+0.5555583714,22,0,
nonane,T_B,35,2,24,+0.5699915683,+0.6424271925,34,0,
nonane,T_B,35,2,25,+0.5809342934,+0.7933326999,2,35,
nonane,T_B,35,2,26,+0.5773799252,+0.6624339253,33,1,
nonane,T_B,35,2,27,+0.5804124064,+0.5720279477,33,0,
nonane,T_B,35,2,28,+0.5626975669,+0.6494391847,31,0,
nonane,T_B,35,2,29,+0.5714206493,+0.6849504907,33,0,
nonane,T_B,35,2,30,+0.5781059564,+0.6571632415,34,0,
nonane,T_B,35,2,31,+0.5915041381,+0.5766698820,1,0,
nonane,T_B,35,2,32,+0.5760296328,+0.7880707690,2,0,
nonane,T_B,35,2,33,+0.5678362715,+0.5302240209,21,0,
nonane,T_B,35,2,34,+0.5468478476,+0.7482522959,25,0,
nonane,T_B,35,2,35,+0.5822744999,+0.6034685006,34,0,
nonane,T_B,35,2,36,+0.5693738635,+0.7292933940,32,0,
nonane,T_B,35,2,37,+0.5862407118,+0.6121400344,33,0,
nonane,T_B,35,2,38,+0.5824866623,+0.6862704183,0,0,
nonane,T_B,35,2,39,+0.5743435487,+0.5402428385,32,0,
nonane,T_B,35,2,40,+0.5817635321,+0.5554190228,35,0,
nonane,T_B,35,2,41,+0.5865642750,+0.5933570729,5,0,
nonane,T_B,35,2,42,+0.5825077364,+0.5405284972,33,0,
nonane,T_B,35,2,43,+0.5614274331,+0.6149075789,19,0,
nonane,T_B,35,2,44,+0.5687290831,+0.5672953911,0,0,
nonane,T_B,35,2,45,+0.5711935702,+0.4790303612,29,2,
nonane,T_B,35,2,46,+0.5802992703,+0.5670580100,1,0,
nonane,T_B,35,2,47,+0.5786454651,+0.5939357991,34,0,
nonane,T_B,35,2,48,+0.5736240687,+0.6950751702,33,0,
nonane,T_B,35,2,49,+0.5750952191,+0.5912496657,34,0,
nonane,T_B,35,12,0,+0.5249503030,+0.5388843631,0,0,+0.6058620714
nonane,T_B,35,12,1,+0.4503525529,+0.3498253421,1,0,+0.3914909503
nonane,T_B,35,12,2,+0.3680088514,+0.4644172357,0,0,+0.7455184037
nonane,T_B,35,12,3,+0.5274206340,+0.5908320869,0,0,+0.3446712456
nonane,T_B,35,12,4,+0.5659911993,+0.3861032362,0,0,+0.6987924843
nonane,T_B,35,12,5,+0.5465951138,+0.4788917121,0,0,+0.5559359067
nonane,T_B,35,12,6,+0.4521717631,+0.3283151864,0,0,+0.3414677470
nonane,T_B,35,12,7,+0.4715427797,+0.3011150961,0,1,+0.7262478774
nonane,T_B,35,12,8,+0.5053694589,+0.4026977788,0,3,+0.6607408732
nonane,T_B,35,12,9,+0.5745171088,+0.3974881550,0,0,+0.3337006668
nonane,T_B,35,12,10,+0.5492345018,+0.5110420328,0,0,+0.4072748485
nonane,T_B,35,12,11,+0.5330365457,+0.4677026442,0,0,+0.5897567580
nonane,T_B,35,12,12,+0.5283173550,+0.2454119074,0,0,+0.4812014262
nonane,T_B,35,12,13,+0.4905018684,+0.4826485361,0,0,+0.7163140694
nonane,T_B,35,12,14,+0.4030237310,+0.3168570541,0,0,+0.6343747767
nonane,T_B,35,12,15,+0.5185638422,+0.5539300261,0,0,+0.6852798186
nonane,T_B,35,12,16,+0.4348717352,+0.3167680518,0,0,+0.4825981526
nonane,T_B,35,12,17,+0.4196910842,+0.2859730745,0,33,+0.3922125803
nonane,T_B,35,12,18,+0.4661505339,+0.6424378209,1,0,+0.5304331076
nonane,T_B,35,12,19,+0.5291138118,+0.2144796348,0,1,+0.4641728437
nonane,T_B,35,12,20,+0.5659536452,+0.5132005525,0,0,+0.3821998001
nonane,T_B,35,12,21,+0.5299915011,+0.3039820611,0,33,+0.6456941230
nonane,T_B,35,12,22,+0.5299183025,+0.5352559340,0,0,+0.5763712667
nonane,T_B,35,12,23,+0.5286699473,+0.3194845308,0,0,+0.7029348632
nonane,T_B,35,12,24,+0.4911578838,+0.3817546188,0,0,+0.7434138065
nonane,T_B,35,12,25,+0.5199114871,+0.2956825646,0,0,+0.4554345428
nonane,T_B,35,12,26,+0.4992460159,+0.4983214322,0,0,+0.6757330740
nonane,T_B,35,12,27,+0.5538448561,+0.3948243935,0,0,+0.6254553487
nonane,T_B,35,12,28,+0.4999769117,+0.3969176610,0,0,+0.4650700654
nonane,T_B,35,12,29,+0.5544479387,+0.3552256824,0,2,+0.4582190999
nonane,T_B,35,12,30,+0.4885706847,+0.3862141315,0,0,+0.3201724398
nonane,T_B,35,12,31,+0.4418234167,+0.3752403506,0,32,+0.5790387740
nonane,T_B,35,12,32,+0.4950660904,+0.4060035212,0,0,+0.4119277955
nonane,T_B,35,12,33,+0.4799755286,+0.2802204248,0,0,+0.4555813554
nonane,T_B,35,12,34,+0.5109984545,+0.3915156982,0,0,+0.4843785026
nonane,T_B,35,12,35,+0.5804764936,+0.3916228840,0,33,+0.6662018127
nonane,T_B,35,12,36,+0.5438754737,+0.5907632044,0,0,+0.4517464031
nonane,T_B,35,12,37,+0.5652871541,+0.3453672292,0,4,+0.6305736525
nonane,T_B,35,12,38,+0.4845122316,+0.1265407230,0,18,+0.6209773448
nonane,T_B,35,12,39,+0.5008900591,+0.3437110555,0,0,+0.7103584777
nonane,T_B,35,12,40,+0.5527621900,+0.5921288150,0,0,+0.5078152218
nonane,T_B,35,12,41,+0.5374055804,+0.3614629678,0,0,+0.5699339996
nonane,T_B,35,12,42,+0.5221973892,+0.2888857580,0,31,+0.7365928591
nonane,T_B,35,12,43,+0.5152722043,+0.3984401513,0,0,+0.6332518249
nonane,T_B,35,12,44,+0.5717587436,+0.4964062991,0,0,+0.5782708313
nonane,T_B,35,12,45,+0.5316123651,+0.3286643986,0,1,+0.5898969305
nonane,T_B,35,12,46,+0.5379596321,+0.5268675060,0,0,+0.5380499650
nonane,T_B,35,12,47,+0.5434148032,+0.4120970455,0,0,+0.5912697743
nonane,T_B,35,12,48,+0.4540667337,+0.2734394710,1,34,+0.6778713621
nonane,T_B,35,12,49,+0.5529357531,+0.6100229123,0,0,+0.4431366121
nonane,dHvap,34,2,0,+0.8559241646,+0.9055435025,34,0,
nonane,dHvap,34,2,1,+0.8502639973,+0.9097236587,34,0,
nonane,dHvap,34,2,2,+0.8502994588,+0.8785359999,34,1,
nonane,dHvap,34,2,3,+0.8430732032,+0.9066182174,34,0,
nonane,dHvap,34,2,4,+0.8513420327,+0.8824014555,33,0,
nonane,dHvap,34,2,5,+0.8506544696,+0.8671789095,34,0,
nonane,dHvap,34,2,6,+0.8596562971,+0.8954813537,34,2,
nonane,dHvap,34,2,7,+0.8480350344,+0.8874923696,34,0,
nonane,dHvap,34,2,8,+0.8374524340,+0.9118945171,11,0,
nonane,dHvap,34,2,9,+0.8498163830,+0.8992172033,34,1,
nonane,dHvap,34,2,10,+0.8431767776,+0.9168099929,3,0,
nonane,dHvap,34,2,11,+0.8561220196,+0.8546204276,34,15,
nonane,dHvap,34,2,12,+0.8546951110,+0.8677372175,34,11,
nonane,dHvap,34,2,13,+0.8540807144,+0.8862434738,34,5,
nonane,dHvap,34,2,14,+0.8483348573,+0.8924112575,34,0,
nonane,dHvap,34,2,15,+0.8569716240,+0.8948187296,34,0,
nonane,dHvap,34,2,16,+0.8425274127,+0.9130167297,4,0,
nonane,dHvap,34,2,17,+0.8670028743,+0.8856197004,34,9,
nonane,dHvap,34,2,18,+0.8459023789,+0.8984940356,34,32,
nonane,dHvap,34,2,19,+0.8571717512,+0.8943941623,34,2,
nonane,dHvap,34,2,20,+0.8565829674,+0.9054484284,33,1,
nonane,dHvap,34,2,21,+0.8584429618,+0.9072575270,34,0,
nonane,dHvap,34,2,22,+0.8517287616,+0.8887525279,33,0,
nonane,dHvap,34,2,23,+0.8620606448,+0.8765177256,34,0,
nonane,dHvap,34,2,24,+0.8502572071,+0.8854750040,34,15,
nonane,dHvap,34,2,25,+0.8543839958,+0.9234489579,34,0,
nonane,dHvap,34,2,26,+0.8597930897,+0.9152698740,34,0,
nonane,dHvap,34,2,27,+0.8572609731,+0.8782777252,34,0,
nonane,dHvap,34,2,28,+0.8597713919,+0.8919716805,34,0,
nonane,dHvap,34,2,29,+0.8440682095,+0.8992342955,34,0,
nonane,dHvap,34,2,30,+0.8586609266,+0.8833106550,34,3,
nonane,dHvap,34,2,31,+0.8590828971,+0.8952362654,34,0,
nonane,dHvap,34,2,32,+0.8553456545,+0.9182196121,33,0,
nonane,dHvap,34,2,33,+0.8597388315,+0.8957925425,33,1,
nonane,dHvap,34,2,34,+0.8532072990,+0.9201750943,34,0,
nonane,dHvap,34,2,35,+0.8560442258,+0.8719706556,34,0,
nonane,dHvap,34,2,36,+0.8462686062,+0.9160832830,34,0,
nonane,dHvap,34,2,37,+0.8516052142,+0.9063626893,33,0,
nonane,dHvap,34,2,38,+0.8551055439,+0.9197655717,34,0,
nonane,dHvap,34,2,39,+0.8506380110,+0.8913332649,34,0,
nonane,dHvap,34,2,40,+0.8502629649,+0.8943075046,34,0,
nonane,dHvap,34,2,41,+0.8552496350,+0.9095692176,34,0,
nonane,dHvap,34,2,42,+0.8512208030,+0.8935733283,1,0,
nonane,dHvap,34,2,43,+0.8557698422,+0.8752671409,34,14,
nonane,dHvap,34,2,44,+0.8535734201,+0.9177340458,34,0,
nonane,dHvap,34,2,45,+0.8550638359,+0.9183626978,33,0,
nonane,dHvap,34,2,46,+0.8547846510,+0.9157553304,34,0,
nonane,dHvap,34,2,47,+0.8489992073,+0.8582521384,33,0,
nonane,dHvap,34,2,48,+0.8551581257,+0.8997255111,34,0,
nonane,dHvap,34,2,49,+0.8585241935,+0.8813703552,34,0,
nonane,dHvap,34,12,0,+0.9061104032,+0.8484702413,0,0,+0.8542139787
nonane,dHvap,34,12,1,+0.8817989020,+0.8966300380,16,0,+0.8886444175
nonane,dHvap,34,12,2,+0.9053188715,+0.9027904235,1,0,+0.8825913870
nonane,dHvap,34,12,3,+0.8939868792,+0.8777100287,1,0,+0.8972385764
nonane,dHvap,34,12,4,+0.8916621533,+0.8449566224,2,0,+0.8770988138
nonane,dHvap,34,12,5,+0.8742165207,+0.8673786022,3,0,+0.8998987784
nonane,dHvap,34,12,6,+0.8801871911,+0.8806337023,3,33,+0.9063445266
nonane,dHvap,34,12,7,+0.8981222216,+0.8618590530,0,0,+0.9003715457
nonane,dHvap,34,12,8,+0.8870759954,+0.8617923680,0,0,+0.9127689708
nonane,dHvap,34,12,9,+0.8779303100,+0.9086127745,6,0,+0.8818549860
nonane,dHvap,34,12,10,+0.8582456816,+0.8076589781,0,0,+0.8889952899
nonane,dHvap,34,12,11,+0.8861956297,+0.9059244947,1,0,+0.8607421993
nonane,dHvap,34,12,12,+0.8850699158,+0.8871823856,2,0,+0.8758686850
nonane,dHvap,34,12,13,+0.8984720877,+0.9054937894,4,0,+0.8991177964
nonane,dHvap,34,12,14,+0.9043865331,+0.8799061222,0,0,+0.9083514625
nonane,dHvap,34,12,15,+0.8897835023,+0.8949087058,0,0,+0.8595314376
nonane,dHvap,34,12,16,+0.9010852272,+0.8854700373,0,0,+0.8337578174
nonane,dHvap,34,12,17,+0.9053803157,+0.8889221120,0,0,+0.9093079199
nonane,dHvap,34,12,18,+0.8717035494,+0.9072151629,0,0,+0.8685908316
nonane,dHvap,34,12,19,+0.8884746943,+0.9166763172,1,0,+0.8732101019
nonane,dHvap,34,12,20,+0.8886968923,+0.8414704778,1,0,+0.8849612578
nonane,dHvap,34,12,21,+0.8989790269,+0.8818625047,0,0,+0.9035072998
nonane,dHvap,34,12,22,+0.9005710760,+0.8971621937,0,0,+0.8865518603
nonane,dHvap,34,12,23,+0.8855293252,+0.8643392295,15,0,+0.9132607217
nonane,dHvap,34,12,24,+0.8844884830,+0.8514997061,0,0,+0.9180403151
nonane,dHvap,34,12,25,+0.8914957625,+0.8903548205,3,0,+0.8888478311
nonane,dHvap,34,12,26,+0.9003019566,+0.8889238458,0,0,+0.8745831776
nonane,dHvap,34,12,27,+0.8874184442,+0.8985171757,0,0,+0.9146766397
nonane,dHvap,34,12,28,+0.8945602673,+0.8944242713,1,0,+0.8726771940
nonane,dHvap,34,12,29,+0.8661611140,+0.8555778437,7,0,+0.9043805966
nonane,dHvap,34,12,30,+0.9098389931,+0.8787886976,0,0,+0.8920311324
nonane,dHvap,34,12,31,+0.8823090633,+0.8510370502,0,0,+0.8806711681
nonane,dHvap,34,12,32,+0.8926410206,+0.8686693103,1,0,+0.9157409396
nonane,dHvap,34,12,33,+0.8963082769,+0.9038376136,2,0,+0.8646341366
nonane,dHvap,34,12,34,+0.8903813216,+0.8530482106,0,0,+0.9182291418
nonane,dHvap,34,12,35,+0.8880693038,+0.9026509330,0,0,+0.8860424121
nonane,dHvap,34,12,36,+0.8883175865,+0.8730944237,22,0,+0.8945949656
nonane,dHvap,34,12,37,+0.8933549029,+0.8708434803,0,0,+0.8820359852
nonane,dHvap,34,12,38,+0.8946106796,+0.8966501854,0,0,+0.8955704973
nonane,dHvap,34,12,39,+0.8940406788,+0.8314858381,30,0,+0.9094338500
nonane,dHvap,34,12,40,+0.8882342300,+0.9149891671,3,0,+0.8963437917
nonane,dHvap,34,12,41,+0.8922526249,+0.8842519252,3,0,+0.9147193903
nonane,dHvap,34,12,42,+0.8970547067,+0.8641765286,0,0,+0.8871924961
nonane,dHvap,34,12,43,+0.8814071896,+0.8307299104,28,0,+0.8354387500
nonane,dHvap,34,12,44,+0.9005961622,+0.8741552497,0,0,+0.8797576256
nonane,dHvap,34,12,45,+0.8986995296,+0.8811863173,2,0,+0.8861571091
nonane,dHvap,34,12,46,+0.8925740317,+0.8482831196,0,0,+0.9064606056
nonane,dHvap,34,12,47,+0.9019860692,+0.8233281172,0,0,+0.8832440003
nonane,dHvap,34,12,48,+0.8931514438,+0.9034198420,2,0,+0.8903186511
nonane,dHvap,34,12,49,+0.9006587654,+0.8834185516,1,0,+0.8991587919
