dataset,property,n,L,n_seeds,median_Q2_GM,median_Q2_LO,median_dQ2,LO_better,GM_edge_frac,LO_edge_frac,median_Q2_LO_hybrid,median_dQ2_hybrid,LO_hybrid_better
octane,T_B,18,2,50,0.6651736431,0.7303342031,+0.0619623327,36,0.6922222222,0.1377777778,,,
octane,T_B,18,12,50,0.6059557781,0.4952078356,-0.0861415912,13,0.0244444444,0.0577777778,0.5435475578,-0.0495403158,21
octane,dHf,18,2,50,0.8205964633,0.7688218646,-0.0417923008,11,0.5155555556,0.2277777778,,,
octane,dHf,18,12,50,0.8199926351,0.6702261653,-0.1547651629,6,0.0000000000,0.1277777778,0.7613748876,-0.0655637644,10
octane,dHvap,18,2,50,0.8872452128,0.9565038974,+0.0678954149,50,0.9700000000,0.0700000000,,,
octane,dHvap,18,12,50,0.9418159151,0.9343069018,-0.0104882585,17,0.0333333333,0.0188888889,0.9457717336,+0.0036349127,28
octane,S,18,2,50,0.9041247760,0.8910308760,-0.0140449529,11,0.8500000000,0.3988888889,,,
octane,S,18,12,50,0.8421762222,0.8377406662,-0.0018427055,24,0.0366666667,0.0188888889,0.8671434830,+0.0211206617,38
octane,omega,18,2,50,0.9789789553,0.9743341337,-0.0044732494,10,0.0000000000,0.0000000000,,,
octane,omega,18,12,50,0.9786273980,0.9375569404,-0.0375492409,2,0.0011111111,0.0844444444,0.9509913643,-0.0226587703,7
nonane,T_B,35,2,50,0.5759143817,0.6014238634,+0.0235466616,30,0.6114285714,0.0748571429,,,
nonane,T_B,35,12,50,0.5235738461,0.3915692911,-0.1131176590,9,0.0017142857,0.1291428571,0.5773210490,+0.0477906943,31
nonane,dHvap,34,2,50,0.8545395534,0.8953588096,+0.0431985325,49,0.9264705882,0.0658823529,,,
nonane,dHvap,34,12,50,0.8924133283,0.8809100098,-0.0159460202,15,0.0947058824,0.0194117647,0.8889215605,-0.0015689343,24
