name,cas,property,value_used,original_value,original_units,conditions,all_determinations,selection_rule,url,retrieved,verbatim_snippet
nonane,111-84-2,T_B,150.7,423.8 ± 0.3,K,"normal boiling point (1 atm); converted degC = K - 273.15, rounded half-up to 0.1","424.0 K (Weast and Grasselli, 1989; BS); 424. K (Majer and Svoboda, 1985; ); 423.82 K (Reddy, Reddy, et al., 1982; Uncertainty assigned by TRC = 0.25 K; TRC); 423.88 K (Otsa, Kudryavtseva, et al., 1980; Uncertainty assigned by TRC = 0.5 K; no exp. details; not clear whether obs. or literature data; TRC); 424.15 K (Maripuri and Ratcliff, 1972; Uncertainty assigned by TRC = 0.2 K; TRC); 423.9 K (Gilmour, Zwicker, et al., 1967; Uncertainty assigned by TRC = 0.5 K; may be a selected value, not measured; TRC); 423.54 K (Fahmy and Assal, 1966; Uncertainty assigned by TRC = 0.5 K; TRC); 423.2 K (Stadnichuk, Kormer, et al., 1964; Uncertainty assigned by TRC = 2. K; TRC; Data excluded from overall average); 423.75 K (Trabczynski, 1964; Uncertainty assigned by TRC = 0.3 K; TRC); 423.91 K (Maczynska and Zieborak, 1963; Uncertainty assigned by TRC = 0.15 K; TRC); 423.45 K (Galska-Krajewska and Zieborak, 1962; Uncertainty assigned by TRC = 0.4 K; TRC); 423.45 K (Galska-Krajewska, 1961; Uncertainty assigned by TRC = 0.17 K; TRC); 423.85 K (Kurtyka, 1961; Uncertainty assigned by TRC = 0.2 K; TRC); 423.45 K (Zieborak and Galska-Krajewska, 1959; Uncertainty assigned by TRC = 0.25 K; TRC); 423.95 K (Zieborak and Wyrzykowska-Stankiewicz, 1959; Uncertainty assigned by TRC = 0.15 K; TRC); 423.65 K (Zieborak and Wyrzykowska-Stankiewicz, 1958; Uncertainty assigned by TRC = 0.25 K; TRC); 423.95 K (Desty and Whyman, 1957; Uncertainty assigned by TRC = 0.3 K; TRC); 421.65 K (Gensler, Mahadevan, et al., 1956; Uncertainty assigned by TRC = 1.5 K; TRC; Data excluded from overall average); 423.75 K (Kincannon and Manning, 1955; Uncertainty assigned by TRC = 0.5 K; TRC); 423.8 K (Cronyn and Zararin, 1954; Uncertainty assigned by TRC = 0.6 K; TRC); 423.8 K (Anonymous, 1951; Uncertainty assigned by TRC = 0.2 K; TRC); 423.8 K (Desty and Fidler, 1951; Uncertainty assigned by TRC = 0.2 K; TRC); 422.95 K (Tilicheev, Peshkov, et al., 1951; Uncertainty assigned by TRC = 0.5 K; TRC; Data excluded from overall average); 423.92 K (Mears, Fookson, et al., 1950; Uncertainty assigned by TRC = 0.15 K; TRC); 423.86 K (Bazhulin, Ukholin, et al., 1949; Uncertainty assigned by TRC = 0.5 K; TRC); 423.90 K (Foehr and Fenske, 1949; Uncertainty assigned by TRC = 0.3 K; TRC); 423.940 K (Forziati and Rossini, 1949; Uncertainty assigned by TRC = 0.03 K; TRC); 423.05 K (Tilicheev and Milovidova, 1949; Uncertainty assigned by TRC = 1. K; TRC; Data excluded from overall average); 423.96 K (Boord, Greenlee, et al., 1947; Uncertainty assigned by TRC = 0.3 K; TRC); 423.95 K (Fenske, Braun, et al., 1947; Uncertainty assigned by TRC = 0.3 K; TRC); 423.94 K (Forziati, Glasgow, et al., 1946; Uncertainty assigned by TRC = 0.01 K; TRC); 424. K (Anonymous, 1944; Uncertainty assigned by TRC = 0.15 K; TRC); 424. K (Badin, 1943; Uncertainty assigned by TRC = 2. K; TRC); 423.65 K (Komarewsky and Kritchevsky, 1943; Uncertainty assigned by TRC = 2. K; TRC); 424. K (McArdle and Robertson, 1943; Uncertainty assigned by TRC = 0.2 K; TRC); 423.95 K (Willingham, 1943; Uncertainty assigned by TRC = 0.1 K; TRC); 423.85 K (Manzoni-Ansidei, 1940; Uncertainty assigned by TRC = 0.6 K; TRC); 423.85 K (Wibaut, Hoog, et al., 1939; Uncertainty assigned by TRC = 0.3 K; TRC); 423.96 K (Wojciechowski, 1939; Uncertainty assigned by TRC = 0.2 K; TRC); 423.4 K (Gibson, 1938; Uncertainty assigned by TRC = 0.7 K; TRC); 423.85 K (Smittenberg, Hoog, et al., 1938; Uncertainty assigned by TRC = 0.3 K; TRC); 423.7 K (Chavanne and Tock, 1932; Uncertainty assigned by TRC = 0.5 K; TRC); 423.87 K (Mair, 1932; Uncertainty assigned by TRC = 0.1 K; TRC); 423.86 K (Shepard, Henne, et al., 1931; Uncertainty assigned by TRC = 0.15 K; TRC); 423.88 K (White and Rose, 1931; Uncertainty assigned by TRC = 0.1 K; TRC); 423.86 K (White and Rose, 1931; Uncertainty assigned by TRC = 0.15 K; TRC); 423.87 K (White and Rose, 1931; Uncertainty assigned by TRC = 0.1 K; TRC); 421.15 K (Marvel, Hager, et al., 1927; Uncertainty assigned by TRC = 3. K; TRC; Data excluded from overall average); 423.9 K (Schutz, Buschmann, et al., 1924; Uncertainty assigned by TRC = 2. K; TRC); 422.65 K (Lagerlof, 1918; Uncertainty assigned by TRC = 0.7 K; TRC; Data excluded from overall average); 422.65 K (Engler and Halmai, 1910; Uncertainty assigned by TRC = 1. K; TRC; Data excluded from overall average)",NIST average (AVG) value — prereg primary rule,https://webbook.nist.gov/cgi/cbook.cgi?ID=C111842&Mask=4 ; points: https://webbook.nist.gov/cgi/cbook.cgi?ID=C111842&Type=TBOIL,2026-10-03,Tboil | 423.8 ± 0.3 | K | AVG | N/A | Average of 44 out of 51 values; Individual data points
nonane,111-84-2,dHvap,11.11,46.5 ± 0.2,kJ/mol,"standard enthalpy of vaporization (NIST ""ΔvapH°: Enthalpy of vaporization at standard conditions""); kcal/mol = kJ/4.184, rounded half-up to 0.01","46.43 kJ/mol (N/A; Majer and Svoboda, 1985; ); 46.5 ± 0.2 kJ/mol (C; Pashchenko and Kuznetsova, 2007; AC); 46.6 ± 0.2 kJ/mol (C; Varushchenko, Pashchenko, et al., 1996; AC); 46.6 kJ/mol (N/A; Ruzicka and Majer, 1994; AC); 46.4 kJ/mol (N/A; Reid, 1972; AC); 46.4 kJ/mol (C; Osborne and Ginnings, 1947; AC); 46.43 kJ/mol (C; Osborne and Ginnings, 1947, 2; ALS)",NIST average (AVG) value — prereg primary rule,https://webbook.nist.gov/cgi/cbook.cgi?ID=C111842&Mask=4 ; points: https://webbook.nist.gov/cgi/cbook.cgi?ID=C111842&Type=HVAP,2026-10-03,ΔvapH° | 46.5 ± 0.2 | kJ/mol | AVG | N/A | Average of 7 values; Individual data points
2-methyloctane,3221-61-2,T_B,143.0,416.1 ± 0.9,K,"normal boiling point (1 atm); converted degC = K - 273.15, rounded half-up to 0.1","416.4 K (Weast and Grasselli, 1989; BS); 415. K (Stadnichuk, Kormer, et al., 1964; Uncertainty assigned by TRC = 3. K; TRC); 416.65 K (Pines and Hoffman, 1954; Uncertainty assigned by TRC = 1. K; TRC); 416.41 K (Mears, Fookson, et al., 1950; Uncertainty assigned by TRC = 0.1 K; TRC); 416.5 K (Rossini, 1948; Uncertainty assigned by TRC = 0.3 K; TRC); 416.5 K (Rossini, 1943; Uncertainty assigned by TRC = 0.3 K; TRC); 416.41 K (Wojciechowski, 1939; Uncertainty assigned by TRC = 0.2 K; TRC); 415.25 K (Rudel, 1938; Uncertainty assigned by TRC = 0.4 K; TRC); 415.95 K (Whitmore and Orem, 1938; Uncertainty assigned by TRC = 0.4 K; TRC); 415.95 K (Whitmore and Southgate, 1938; Uncertainty assigned by TRC = 0.5 K; TRC); 416.4 K (White and Glasgow, 1937; Uncertainty assigned by TRC = 0.15 K; TRC); 415.95 K (Leslie and White, 1935; Uncertainty assigned by TRC = 0.7 K; TRC); 415.95 K (Rossini, 1935; Uncertainty assigned by TRC = 0.3 K; TRC); 415.95 K (Rossini, 1935, 2; Uncertainty assigned by TRC = 0.3 K; TRC)",NIST average (AVG) value — prereg primary rule,https://webbook.nist.gov/cgi/cbook.cgi?ID=C3221612&Mask=4 ; points: https://webbook.nist.gov/cgi/cbook.cgi?ID=C3221612&Type=TBOIL,2026-10-03,Tboil | 416.1 ± 0.9 | K | AVG | N/A | Average of 14 values; Individual data points
2-methyloctane,3221-61-2,dHvap,10.73,44.9,kJ/mol,"standard enthalpy of vaporization (NIST ""ΔvapH°: Enthalpy of vaporization at standard conditions""); kcal/mol = kJ/4.184, rounded half-up to 0.01","44.9 kJ/mol (method N/A; Reid, 1972: Reid, Robert C., Handbook on vapor pressure and heats of vaporization of hydrocarbons and related compounds, R. C. Wilhort and B. J. Zwolinski, Texas A Research Foundation. College Station, Texas(1971). 329 pages.$10.00, AIChE J., 1972, 18, 6, 1278-1278, https://doi.org/10.1002/aic.690180637 .; See also Labbauf, Greenshields, et al., 1961.; AC)","only one NIST ΔvapH° entry, non-calorimetric (method N/A); prereg rules (AVG / calorimetric) not met — used as sole available NIST value; FLAG",https://webbook.nist.gov/cgi/cbook.cgi?ID=C3221612&Mask=4,2026-10-03,"ΔvapH° | 44.9 | kJ/mol | N/A | Reid, 1972 | See also Labbauf, Greenshields, et al., 1961.; AC"
3-methyloctane,2216-33-3,T_B,143.9,417. ± 1.,K,"normal boiling point (1 atm); converted degC = K - 273.15, rounded half-up to 0.1","416. K (Al'bitskaya and Bryskovskaya, 1965; Uncertainty assigned by TRC = 3. K; TRC); 417.36 K (Pomerantz, Fookson, et al., 1954; Uncertainty assigned by TRC = 0.2 K; TRC); 417.33 K (Bazhulin, Ukholin, et al., 1949; Uncertainty assigned by TRC = 0.5 K; TRC); 417.4 K (Rossini, 1948; Uncertainty assigned by TRC = 0.3 K; TRC); 417.4 K (Rossini, 1943; Uncertainty assigned by TRC = 0.3 K; TRC); 417.33 K (Wojciechowski, 1939; Uncertainty assigned by TRC = 0.2 K; TRC); 415.75 K (Gibson, 1938; Uncertainty assigned by TRC = 0.5 K; TRC); 417.33 K (White and Glasgow, 1937; Uncertainty assigned by TRC = 0.15 K; TRC); 416.55 K (Leslie and White, 1935; Uncertainty assigned by TRC = 0.7 K; TRC); 416.55 K (Rossini, 1935; Uncertainty assigned by TRC = 0.3 K; TRC); 416.55 K (Rossini, 1935, 2; Uncertainty assigned by TRC = 0.3 K; TRC); 416.65 K (Levene and Marker, 1931; Uncertainty assigned by TRC = 1.5 K; TRC)",NIST average (AVG) value — prereg primary rule,https://webbook.nist.gov/cgi/cbook.cgi?ID=C2216333&Mask=4 ; points: https://webbook.nist.gov/cgi/cbook.cgi?ID=C2216333&Type=TBOIL,2026-10-03,Tboil | 417. ± 1. | K | AVG | N/A | Average of 12 values; Individual data points
3-methyloctane,2216-33-3,dHvap,10.73,44.9,kJ/mol,"standard enthalpy of vaporization (NIST ""ΔvapH°: Enthalpy of vaporization at standard conditions""); kcal/mol = kJ/4.184, rounded half-up to 0.01","44.9 kJ/mol (method N/A; Reid, 1972: Reid, Robert C., Handbook on vapor pressure and heats of vaporization of hydrocarbons and related compounds, R. C. Wilhort and B. J. Zwolinski, Texas A Research Foundation. College Station, Texas(1971). 329 pages.$10.00, AIChE J., 1972, 18, 6, 1278-1278, https://doi.org/10.1002/aic.690180637 .; See also Labbauf, Greenshields, et al., 1961.; AC)","only one NIST ΔvapH° entry, non-calorimetric (method N/A); prereg rules (AVG / calorimetric) not met — used as sole available NIST value; FLAG",https://webbook.nist.gov/cgi/cbook.cgi?ID=C2216333&Mask=4,2026-10-03,"ΔvapH° | 44.9 | kJ/mol | N/A | Reid, 1972 | See also Labbauf, Greenshields, et al., 1961.; AC"
4-methyloctane,2216-34-4,T_B,141.9,415. ± 1.,K,"normal boiling point (1 atm); converted degC = K - 273.15, rounded half-up to 0.1","416. K (Cherkasova, Bal'yan, et al., 1964; Uncertainty assigned by TRC = 2. K; TRC); 416. K (Genusov and Petrov, 1963; Uncertainty assigned by TRC = 3. K; TRC); 414.15 K (Petrov, Razumova, et al., 1959; Uncertainty assigned by TRC = 2. K; TRC); 414.1 K (Shuikin and Cherkashin, 1957; Uncertainty assigned by TRC = 2. K; TRC); 415.57 K (Pomerantz, Fookson, et al., 1954; Uncertainty assigned by TRC = 0.2 K; TRC); 415.45 K (Slabey and Wise, 1952; Uncertainty assigned by TRC = 0.4 K; TRC); 415.61 K (Bazhulin, Ukholin, et al., 1949; Uncertainty assigned by TRC = 0.3 K; TRC); 415.6 K (Rossini, 1948; Uncertainty assigned by TRC = 0.3 K; TRC); 415.6 K (Rossini, 1943; Uncertainty assigned by TRC = 0.3 K; TRC); 415.64 K (Wojciechowski, 1940; Uncertainty assigned by TRC = 0.2 K; TRC); 415.64 K (Wojciechowski, 1939; Uncertainty assigned by TRC = 0.2 K; TRC); 415.58 K (White and Glasgow, 1937; Uncertainty assigned by TRC = 0.15 K; TRC); 415.63 K (White and Glasgow, 1937; Uncertainty assigned by TRC = 0.1 K; TRC); 414.75 K (Leslie and White, 1935; Uncertainty assigned by TRC = 0.7 K; TRC); 414.75 K (Rossini, 1935; Uncertainty assigned by TRC = 0.3 K; TRC); 414.75 K (Rossini, 1935, 2; Uncertainty assigned by TRC = 0.3 K; TRC)",NIST average (AVG) value — prereg primary rule,https://webbook.nist.gov/cgi/cbook.cgi?ID=C2216344&Mask=4 ; points: https://webbook.nist.gov/cgi/cbook.cgi?ID=C2216344&Type=TBOIL,2026-10-03,Tboil | 415. ± 1. | K | AVG | N/A | Average of 16 values; Individual data points
4-methyloctane,2216-34-4,dHvap,10.64,44.5,kJ/mol,"standard enthalpy of vaporization (NIST ""ΔvapH°: Enthalpy of vaporization at standard conditions""); kcal/mol = kJ/4.184, rounded half-up to 0.01","44.5 kJ/mol (method N/A; Reid, 1972: Reid, Robert C., Handbook on vapor pressure and heats of vaporization of hydrocarbons and related compounds, R. C. Wilhort and B. J. Zwolinski, Texas A Research Foundation. College Station, Texas(1971). 329 pages.$10.00, AIChE J., 1972, 18, 6, 1278-1278, https://doi.org/10.1002/aic.690180637 .; See also Labbauf, Greenshields, et al., 1961.; AC)","only one NIST ΔvapH° entry, non-calorimetric (method N/A); prereg rules (AVG / calorimetric) not met — used as sole available NIST value; FLAG",https://webbook.nist.gov/cgi/cbook.cgi?ID=C2216344&Mask=4,2026-10-03,"ΔvapH° | 44.5 | kJ/mol | N/A | Reid, 1972 | See also Labbauf, Greenshields, et al., 1961.; AC"
3-ethylheptane,15869-80-4,T_B,143.6,416.75,K,"normal boiling point (1 atm); converted degC = K - 273.15, rounded half-up to 0.1","416.75 K (Bazhulin, Ukholin, et al., 1949: Bazhulin, P.A.; Ukholin, S.A.; Bulanova, T.F.; Koperina, A.V.; Plate, A.F.; Kazanskii, B.A., Izv. Akad. Nauk SSSR, 1949, 1949, 481.; Uncertainty assigned by TRC = 0.3 K; TRC); 416.25 K (Whitmore and Orem, 1938: Whitmore, F.C.; Orem, H.P., A New Synthesis of Teritary Hydrocarbons, J. Am. Chem. Soc., 1938, 60, 2573.; Uncertainty assigned by TRC = 0.4 K; TRC); 416.25 K (Whitmore and Southgate, 1938: Whitmore, F.C.; Southgate, H.A., The Nonanes. 2-Methyl, 3-Ethyl, 2,3-dimethylheptane and 2,2,4,4-tetramethylpentane, J. Am. Chem. Soc., 1938, 60, 2571.; Uncertainty assigned by TRC = 0.2 K; TRC)",no NIST AVG; most recent primary experimental determination (compilations e.g. Weast & Grasselli 1989 CRC excluded) — PREREG GAP: calorimetric fallback inapplicable to Tboil; interpretation needs author ratification,https://webbook.nist.gov/cgi/cbook.cgi?ID=C15869804&Mask=4,2026-10-03,"Tboil | 416.75 | K | N/A | Bazhulin, Ukholin, et al., 1949 | Uncertainty assigned by TRC = 0.3 K; TRC"
3-ethylheptane,15869-80-4,dHvap,10.64,44.5,kJ/mol,"standard enthalpy of vaporization (NIST ""ΔvapH°: Enthalpy of vaporization at standard conditions""); kcal/mol = kJ/4.184, rounded half-up to 0.01","44.5 kJ/mol (method N/A; Reid, 1972: Reid, Robert C., Handbook on vapor pressure and heats of vaporization of hydrocarbons and related compounds, R. C. Wilhort and B. J. Zwolinski, Texas A Research Foundation. College Station, Texas(1971). 329 pages.$10.00, AIChE J., 1972, 18, 6, 1278-1278, https://doi.org/10.1002/aic.690180637 .; See also Labbauf, Greenshields, et al., 1961.; AC)","only one NIST ΔvapH° entry, non-calorimetric (method N/A); prereg rules (AVG / calorimetric) not met — used as sole available NIST value; FLAG",https://webbook.nist.gov/cgi/cbook.cgi?ID=C15869804&Mask=4,2026-10-03,"ΔvapH° | 44.5 | kJ/mol | N/A | Reid, 1972 | See also Labbauf, Greenshields, et al., 1961.; AC"
4-ethylheptane,2216-32-2,T_B,141.2,414.35,K,"normal boiling point (1 atm); converted degC = K - 273.15, rounded half-up to 0.1","414.35 K (Butler, 1941: Butler, J.M., , Ph.D. Thesis, Ohio State Univ., Columbus, OH, 1941.; Uncertainty assigned by TRC = 0.7 K; TRC); 414.55 K (Brooks, Cleaton, et al., 1937: Brooks, D.B.; Cleaton, R.B.; Carter, F.R., Paraffin Hydrocarbons Isolated from Crude Synthetic Isooctane (2,2,4-Trimethylpentane), J. Res. Natl. Bur. Stand. (U. S.), 1937, 19, 319.; Uncertainty assigned by TRC = 1. K; identiy uncertain; TRC); 411.65 K (Oberreit, 1896: Oberreit, E., Chem. Ber., 1896, 29, 1998.; Uncertainty assigned by TRC = 2. K; TRC)",no NIST AVG; most recent primary experimental determination (compilations e.g. Weast & Grasselli 1989 CRC excluded) — PREREG GAP: calorimetric fallback inapplicable to Tboil; interpretation needs author ratification,https://webbook.nist.gov/cgi/cbook.cgi?ID=C2216322&Mask=4,2026-10-03,"Tboil | 414.35 | K | N/A | Butler, 1941 | Uncertainty assigned by TRC = 0.7 K; TRC"
4-ethylheptane,2216-32-2,dHvap,10.54,44.1,kJ/mol,"standard enthalpy of vaporization (NIST ""ΔvapH°: Enthalpy of vaporization at standard conditions""); kcal/mol = kJ/4.184, rounded half-up to 0.01","44.1 kJ/mol (method N/A; Labbauf, Greenshields, et al., 1961: Labbauf, A.; Greenshields, J.B.; Rossini, F.D., Heats of formation, combustion, and vaporization of the 35 nonanes and 75 decanes, J. Chem. Eng. Data, 1961, 6, 261-263.; AC)","only one NIST ΔvapH° entry, non-calorimetric (method N/A); prereg rules (AVG / calorimetric) not met — used as sole available NIST value; FLAG",https://webbook.nist.gov/cgi/cbook.cgi?ID=C2216322&Mask=4,2026-10-03,"ΔvapH° | 44.1 | kJ/mol | N/A | Labbauf, Greenshields, et al., 1961 | AC"
"2,2-dimethylheptane",1071-26-7,T_B,131.9,405. ± 3.,K,"normal boiling point (1 atm); converted degC = K - 273.15, rounded half-up to 0.1","405.9 K (Puzitskii, Bulanova, et al., 1970; Uncertainty assigned by TRC = 0.4 K; TRC); 404.65 K (Maretina and Petrov, 1961; Uncertainty assigned by TRC = 2. K; TRC); 401.15 K (Chel'tsova, Chernyshev, et al., 1955; Uncertainty assigned by TRC = 2. K; TRC); 405.87 K (Anonymous, 1952; Uncertainty assigned by TRC = 0.3 K; TRC); 406.04 K (Anonymous, 1951; Uncertainty assigned by TRC = 0.2 K; TRC); 406.04 K (Boord, Greenlee, et al., 1949; Uncertainty assigned by TRC = 0.3 K; TRC); 405.99 K (Boord, Greenlee, et al., 1949; Uncertainty assigned by TRC = 0.3 K; TRC); 405.45 K (Jamison, Lesslie, et al., 1949; Uncertainty assigned by TRC = 0.6 K; TRC); 405.84 K (Anonymous, 1947; Uncertainty assigned by TRC = 0.5 K; TRC); 403.65 K (Komarewsky and Shand, 1944; Uncertainty assigned by TRC = 1.5 K; TRC); 403.55 K (Marker and Oakwood, 1938; Uncertainty assigned by TRC = 1. K; TRC)",NIST average (AVG) value — prereg primary rule,https://webbook.nist.gov/cgi/cbook.cgi?ID=C1071267&Mask=4 ; points: https://webbook.nist.gov/cgi/cbook.cgi?ID=C1071267&Type=TBOIL,2026-10-03,Tboil | 405. ± 3. | K | AVG | N/A | Average of 11 values; Individual data points
"2,2-dimethylheptane",1071-26-7,dHvap,10.11,42.3,kJ/mol,"standard enthalpy of vaporization (NIST ""ΔvapH°: Enthalpy of vaporization at standard conditions""); kcal/mol = kJ/4.184, rounded half-up to 0.01","42.3 kJ/mol (method N/A; Reid, 1972: Reid, Robert C., Handbook on vapor pressure and heats of vaporization of hydrocarbons and related compounds, R. C. Wilhort and B. J. Zwolinski, Texas A Research Foundation. College Station, Texas(1971). 329 pages.$10.00, AIChE J., 1972, 18, 6, 1278-1278, https://doi.org/10.1002/aic.690180637 .; See also Labbauf, Greenshields, et al., 1961.; AC)","only one NIST ΔvapH° entry, non-calorimetric (method N/A); prereg rules (AVG / calorimetric) not met — used as sole available NIST value; FLAG",https://webbook.nist.gov/cgi/cbook.cgi?ID=C1071267&Mask=4,2026-10-03,"ΔvapH° | 42.3 | kJ/mol | N/A | Reid, 1972 | See also Labbauf, Greenshields, et al., 1961.; AC"
"2,3-dimethylheptane",3074-71-3,T_B,139.9,413. ± 2.,K,"normal boiling point (1 atm); converted degC = K - 273.15, rounded half-up to 0.1","413.15 K (Treshchova, Tatevskii, et al., 1953; Uncertainty assigned by TRC = 1. K; TRC); 411.45 K (Braun, Spooner, et al., 1950; Uncertainty assigned by TRC = 1.5 K; TRC); 413.15 K (Levina, Fainzil'berg, et al., 1950; Uncertainty assigned by TRC = 1. K; TRC); 413.7 K (Rossini, 1948; Uncertainty assigned by TRC = 0.3 K; TRC); 413.3 K (Cline, 1939; Uncertainty assigned by TRC = 0.7 K; TRC); 413.85 K (White and Glasgow, 1939; Uncertainty assigned by TRC = 0.3 K; TRC); 413.8 K (Whitmore and Southgate, 1938; Uncertainty assigned by TRC = 0.3 K; TRC)",NIST average (AVG) value — prereg primary rule,https://webbook.nist.gov/cgi/cbook.cgi?ID=C3074713&Mask=4 ; points: https://webbook.nist.gov/cgi/cbook.cgi?ID=C3074713&Type=TBOIL,2026-10-03,Tboil | 413. ± 2. | K | AVG | N/A | Average of 7 values; Individual data points
"2,3-dimethylheptane",3074-71-3,dHvap,10.42,43.6,kJ/mol,"standard enthalpy of vaporization (NIST ""ΔvapH°: Enthalpy of vaporization at standard conditions""); kcal/mol = kJ/4.184, rounded half-up to 0.01","43.6 kJ/mol (method N/A; Reid, 1972: Reid, Robert C., Handbook on vapor pressure and heats of vaporization of hydrocarbons and related compounds, R. C. Wilhort and B. J. Zwolinski, Texas A Research Foundation. College Station, Texas(1971). 329 pages.$10.00, AIChE J., 1972, 18, 6, 1278-1278, https://doi.org/10.1002/aic.690180637 .; See also Labbauf, Greenshields, et al., 1961.; AC)","only one NIST ΔvapH° entry, non-calorimetric (method N/A); prereg rules (AVG / calorimetric) not met — used as sole available NIST value; FLAG",https://webbook.nist.gov/cgi/cbook.cgi?ID=C3074713&Mask=4,2026-10-03,"ΔvapH° | 43.6 | kJ/mol | N/A | Reid, 1972 | See also Labbauf, Greenshields, et al., 1961.; AC"
"2,4-dimethylheptane",2213-23-2,T_B,132.9,406. ± 1.,K,"normal boiling point (1 atm); converted degC = K - 273.15, rounded half-up to 0.1","406.2 K (Cherkasova, Bal'yan, et al., 1964; Uncertainty assigned by TRC = 2. K; TRC); 405. K (Genusov and Petrov, 1963; Uncertainty assigned by TRC = 4. K; TRC); 405.65 K (Nazarov and Kakhniashvili, 1954; Uncertainty assigned by TRC = 1.5 K; TRC); 404.65 K (Braun, Spooner, et al., 1950; Uncertainty assigned by TRC = 1. K; TRC); 352. K (Herr, Whitmore, et al., 1945; Uncertainty assigned by TRC = 4. K; TRC; Data excluded from overall average); 406.25 K (Henne and Chanan, 1944; Uncertainty assigned by TRC = 0.5 K; TRC); 406.05 K (Beltz, 1939; Uncertainty assigned by TRC = 0.5 K; TRC); 406.65 K (Leslie and White, 1935; Uncertainty assigned by TRC = 0.7 K; TRC); 406.65 K (Rossini, 1935; Uncertainty assigned by TRC = 0.3 K; TRC); 404.4 K (Levene and Marker, 1931; Uncertainty assigned by TRC = 1.5 K; TRC); 406.1 K (Richards and Shipley, 1916; Uncertainty assigned by TRC = 0.3 K; TRC); 405.8 K (Richards and Shipley, 1916; Uncertainty assigned by TRC = 0.5 K; TRC)",NIST average (AVG) value — prereg primary rule,https://webbook.nist.gov/cgi/cbook.cgi?ID=C2213232&Mask=4 ; points: https://webbook.nist.gov/cgi/cbook.cgi?ID=C2213232&Type=TBOIL,2026-10-03,Tboil | 406. ± 1. | K | AVG | N/A | Average of 11 out of 12 values; Individual data points
"2,4-dimethylheptane",2213-23-2,dHvap,10.25,42.9,kJ/mol,"standard enthalpy of vaporization (NIST ""ΔvapH°: Enthalpy of vaporization at standard conditions""); kcal/mol = kJ/4.184, rounded half-up to 0.01","42.9 kJ/mol (method N/A; Reid, 1972: Reid, Robert C., Handbook on vapor pressure and heats of vaporization of hydrocarbons and related compounds, R. C. Wilhort and B. J. Zwolinski, Texas A Research Foundation. College Station, Texas(1971). 329 pages.$10.00, AIChE J., 1972, 18, 6, 1278-1278, https://doi.org/10.1002/aic.690180637 .; See also Labbauf, Greenshields, et al., 1961.; AC)","only one NIST ΔvapH° entry, non-calorimetric (method N/A); prereg rules (AVG / calorimetric) not met — used as sole available NIST value; FLAG",https://webbook.nist.gov/cgi/cbook.cgi?ID=C2213232&Mask=4,2026-10-03,"ΔvapH° | 42.9 | kJ/mol | N/A | Reid, 1972 | See also Labbauf, Greenshields, et al., 1961.; AC"
"2,5-dimethylheptane",2216-30-0,T_B,134.9,408. ± 2.,K,"normal boiling point (1 atm); converted degC = K - 273.15, rounded half-up to 0.1","407. K (Shuikin and Cherkashin, 1957; Uncertainty assigned by TRC = 4. K; TRC); 407.65 K (Hobbs and Houston, 1954; Uncertainty assigned by TRC = 1.5 K; TRC); 407.15 K (Braun, Spooner, et al., 1950; Uncertainty assigned by TRC = 1. K; TRC); 406.15 K (Nazarov, 1948; Uncertainty assigned by TRC = 1. K; TRC); 409.35 K (Henne and Chanan, 1944; Uncertainty assigned by TRC = 1. K; TRC); 409.1 K (Rossini, 1943; Uncertainty assigned by TRC = 0.3 K; TRC); 409.05 K (Leslie and White, 1935; Uncertainty assigned by TRC = 0.7 K; TRC); 408.9 K (Richards and Shipley, 1916; Uncertainty assigned by TRC = 0.4 K; TRC); 408.9 K (Clarke and Beggs, 1912; Uncertainty assigned by TRC = 0.3 K; TRC)",NIST average (AVG) value — prereg primary rule,https://webbook.nist.gov/cgi/cbook.cgi?ID=C2216300&Mask=4 ; points: https://webbook.nist.gov/cgi/cbook.cgi?ID=C2216300&Type=TBOIL,2026-10-03,Tboil | 408. ± 2. | K | AVG | N/A | Average of 9 values; Individual data points
"2,5-dimethylheptane",2216-30-0,dHvap,10.35,43.3,kJ/mol,"standard enthalpy of vaporization (NIST ""ΔvapH°: Enthalpy of vaporization at standard conditions""); kcal/mol = kJ/4.184, rounded half-up to 0.01","43.3 kJ/mol (method N/A; Reid, 1972: Reid, Robert C., Handbook on vapor pressure and heats of vaporization of hydrocarbons and related compounds, R. C. Wilhort and B. J. Zwolinski, Texas A Research Foundation. College Station, Texas(1971). 329 pages.$10.00, AIChE J., 1972, 18, 6, 1278-1278, https://doi.org/10.1002/aic.690180637 .; See also Labbauf, Greenshields, et al., 1961.; AC)","only one NIST ΔvapH° entry, non-calorimetric (method N/A); prereg rules (AVG / calorimetric) not met — used as sole available NIST value; FLAG",https://webbook.nist.gov/cgi/cbook.cgi?ID=C2216300&Mask=4,2026-10-03,"ΔvapH° | 43.3 | kJ/mol | N/A | Reid, 1972 | See also Labbauf, Greenshields, et al., 1961.; AC"
"2,6-dimethylheptane",1072-05-5,T_B,134.9,408. ± 2.,K,"normal boiling point (1 atm); converted degC = K - 273.15, rounded half-up to 0.1","408.4 K (Weast and Grasselli, 1989; BS); 408. K (Genusov and Petrov, 1965; Uncertainty assigned by TRC = 6. K; TRC); 408. K (Genusov and Petrov, 1965; Uncertainty assigned by TRC = 6. K; TRC); 407.5 K (Rust, 1957; Uncertainty assigned by TRC = 1.5 K; TRC); 406.15 K (Braun, Spooner, et al., 1950; Uncertainty assigned by TRC = 1. K; TRC); 408. K (Rossini, 1948; Uncertainty assigned by TRC = 0.3 K; TRC); 405.15 K (Soffer, Soffer, et al., 1945; Uncertainty assigned by TRC = 1.5 K; TRC); 408.35 K (Henne and Chanan, 1944; Uncertainty assigned by TRC = 0.5 K; TRC); 407. K (Komarewsky and Smith, 1944; Uncertainty assigned by TRC = 0.004 K; TRC); 408.4 K (Rossini, 1943; Uncertainty assigned by TRC = 0.3 K; TRC); 406.85 K (Butler, 1941; Uncertainty assigned by TRC = 0.5 K; TRC); 408.36 K (Wojciechowski, 1940; Uncertainty assigned by TRC = 0.2 K; TRC); 408.36 K (White, Rose, et al., 1939; Uncertainty assigned by TRC = 0.15 K; TRC); 408.35 K (White, Rose, et al., 1939; Uncertainty assigned by TRC = 0.2 K; TRC); 408.36 K (Wojciechowski, 1939; Uncertainty assigned by TRC = 0.2 K; TRC); 406.85 K (Rudel, 1938; Uncertainty assigned by TRC = 0.5 K; TRC); 406. K (Skita, 1908; Uncertainty assigned by TRC = 4. K; TRC)",NIST average (AVG) value — prereg primary rule,https://webbook.nist.gov/cgi/cbook.cgi?ID=C1072055&Mask=4 ; points: https://webbook.nist.gov/cgi/cbook.cgi?ID=C1072055&Type=TBOIL,2026-10-03,Tboil | 408. ± 2. | K | AVG | N/A | Average of 17 values; Individual data points
"2,6-dimethylheptane",1072-05-5,dHvap,10.35,43.3,kJ/mol,"standard enthalpy of vaporization (NIST ""ΔvapH°: Enthalpy of vaporization at standard conditions""); kcal/mol = kJ/4.184, rounded half-up to 0.01","43.3 kJ/mol (method N/A; Reid, 1972: Reid, Robert C., Handbook on vapor pressure and heats of vaporization of hydrocarbons and related compounds, R. C. Wilhort and B. J. Zwolinski, Texas A Research Foundation. College Station, Texas(1971). 329 pages.$10.00, AIChE J., 1972, 18, 6, 1278-1278, https://doi.org/10.1002/aic.690180637 .; See also Labbauf, Greenshields, et al., 1961.; AC)","only one NIST ΔvapH° entry, non-calorimetric (method N/A); prereg rules (AVG / calorimetric) not met — used as sole available NIST value; FLAG",https://webbook.nist.gov/cgi/cbook.cgi?ID=C1072055&Mask=4,2026-10-03,"ΔvapH° | 43.3 | kJ/mol | N/A | Reid, 1972 | See also Labbauf, Greenshields, et al., 1961.; AC"
"3,3-dimethylheptane",4032-86-4,T_B,136.9,410. ± 1.,K,"normal boiling point (1 atm); converted degC = K - 273.15, rounded half-up to 0.1","410.5 K (Weast and Grasselli, 1989; BS); 410.05 K (Puzitskii, Bulanova, et al., 1970; Uncertainty assigned by TRC = 0.6 K; TRC); 409. K (Kolyaskina and Petrov, 1962; Uncertainty assigned by TRC = 3. K; TRC); 409.4 K (Kolyaskina and Petrov, 1961; Uncertainty assigned by TRC = 1.5 K; TRC); 410.16 K (Mears, Fookson, et al., 1950; Uncertainty assigned by TRC = 0.15 K; TRC); 410.35 K (Marker and Oakwood, 1938; Uncertainty assigned by TRC = 0.6 K; TRC); 409.05 K (Brooks, Cleaton, et al., 1937; Uncertainty assigned by TRC = 1. K; identity somewhat uncertain; TRC); 410.65 K (Noller, 1929; Uncertainty assigned by TRC = 1. K; TRC)",NIST average (AVG) value — prereg primary rule,https://webbook.nist.gov/cgi/cbook.cgi?ID=C4032864&Mask=4 ; points: https://webbook.nist.gov/cgi/cbook.cgi?ID=C4032864&Type=TBOIL,2026-10-03,Tboil | 410. ± 1. | K | AVG | N/A | Average of 8 values; Individual data points
"3,3-dimethylheptane",4032-86-4,dHvap,10.18,42.6,kJ/mol,"standard enthalpy of vaporization (NIST ""ΔvapH°: Enthalpy of vaporization at standard conditions""); kcal/mol = kJ/4.184, rounded half-up to 0.01","42.6 kJ/mol (method N/A; Reid, 1972: Reid, Robert C., Handbook on vapor pressure and heats of vaporization of hydrocarbons and related compounds, R. C. Wilhort and B. J. Zwolinski, Texas A Research Foundation. College Station, Texas(1971). 329 pages.$10.00, AIChE J., 1972, 18, 6, 1278-1278, https://doi.org/10.1002/aic.690180637 .; See also Labbauf, Greenshields, et al., 1961.; AC)","only one NIST ΔvapH° entry, non-calorimetric (method N/A); prereg rules (AVG / calorimetric) not met — used as sole available NIST value; FLAG",https://webbook.nist.gov/cgi/cbook.cgi?ID=C4032864&Mask=4,2026-10-03,"ΔvapH° | 42.6 | kJ/mol | N/A | Reid, 1972 | See also Labbauf, Greenshields, et al., 1961.; AC"
"3,4-dimethylheptane",922-28-1,T_B,140.7,413.85,K,"normal boiling point (1 atm); converted degC = K - 273.15, rounded half-up to 0.1","413.8 K (Weast and Grasselli, 1989: CRC Handbook of Data on Organic Compounds, 2nd Editon, Weast,R.C and Grasselli, J.G., ed(s)., CRC Press, Inc., Boca Raton, FL, 1989, 1.; BS); 413.85 K (Fenske, Braun, et al., 1947: Fenske, M.R.; Braun, W.G.; Wiegand, R.V.; Quiggle, D.; McCormick, R.H.; Rank, D.H., Raman Spectra of Hydrocarbons, Anal. Chem., 1947, 19, 700.; Uncertainty assigned by TRC = 0.3 K; TRC); 413.25 K (Henne and Chanan, 1944: Henne, A.L.; Chanan, H.H., Diolefins from Allylic Chlorides II., J. Am. Chem. Soc., 1944, 66, 392.; Uncertainty assigned by TRC = 0.5 K; TRC)",no NIST AVG; most recent primary experimental determination (compilations e.g. Weast & Grasselli 1989 CRC excluded) — PREREG GAP: calorimetric fallback inapplicable to Tboil; interpretation needs author ratification,https://webbook.nist.gov/cgi/cbook.cgi?ID=C922281&Mask=4,2026-10-03,"Tboil | 413.85 | K | N/A | Fenske, Braun, et al., 1947 | Uncertainty assigned by TRC = 0.3 K; TRC"
"3,4-dimethylheptane",922-28-1,dHvap,10.42,43.6,kJ/mol,"standard enthalpy of vaporization (NIST ""ΔvapH°: Enthalpy of vaporization at standard conditions""); kcal/mol = kJ/4.184, rounded half-up to 0.01","43.6 kJ/mol (method N/A; Reid, 1972: Reid, Robert C., Handbook on vapor pressure and heats of vaporization of hydrocarbons and related compounds, R. C. Wilhort and B. J. Zwolinski, Texas A Research Foundation. College Station, Texas(1971). 329 pages.$10.00, AIChE J., 1972, 18, 6, 1278-1278, https://doi.org/10.1002/aic.690180637 .; See also Labbauf, Greenshields, et al., 1961.; AC)","only one NIST ΔvapH° entry, non-calorimetric (method N/A); prereg rules (AVG / calorimetric) not met — used as sole available NIST value; FLAG",https://webbook.nist.gov/cgi/cbook.cgi?ID=C922281&Mask=4,2026-10-03,"ΔvapH° | 43.6 | kJ/mol | N/A | Reid, 1972 | See also Labbauf, Greenshields, et al., 1961.; AC"
"3,5-dimethylheptane",926-82-9,T_B,135.5,408.65,K,"normal boiling point (1 atm); converted degC = K - 273.15, rounded half-up to 0.1","409.2 K (Weast and Grasselli, 1989: CRC Handbook of Data on Organic Compounds, 2nd Editon, Weast,R.C and Grasselli, J.G., ed(s)., CRC Press, Inc., Boca Raton, FL, 1989, 1.; BS); 408.65 K (Maurel, Choque, et al., 1964: Maurel, R.; Choque, A.; Pecque, M., Preparation of diastereoisomeric Saturated Aliphatic Hydrocarbons, C. R. Hebd. Seances Acad. Sci., 1964, 259, 2650.; Uncertainty assigned by TRC = 1. K; TRC); 408.05 K (Treshchova, Tatevskii, et al., 1953: Treshchova, E.G.; Tatevskii, V.M.; Fainzil'berg, A.A., Zh. Fiz. Khim., 1953, 27, 1564.; Uncertainty assigned by TRC = 1. K; TRC); 409.15 K (Fenske, Braun, et al., 1947: Fenske, M.R.; Braun, W.G.; Wiegand, R.V.; Quiggle, D.; McCormick, R.H.; Rank, D.H., Raman Spectra of Hydrocarbons, Anal. Chem., 1947, 19, 700.; Uncertainty assigned by TRC = 0.5 K; TRC)",no NIST AVG; most recent primary experimental determination (compilations e.g. Weast & Grasselli 1989 CRC excluded) — PREREG GAP: calorimetric fallback inapplicable to Tboil; interpretation needs author ratification,https://webbook.nist.gov/cgi/cbook.cgi?ID=C926829&Mask=4,2026-10-03,"Tboil | 408.65 | K | N/A | Maurel, Choque, et al., 1964 | Uncertainty assigned by TRC = 1. K; TRC"
"3,5-dimethylheptane",926-82-9,dHvap,10.35,43.3,kJ/mol,"standard enthalpy of vaporization (NIST ""ΔvapH°: Enthalpy of vaporization at standard conditions""); kcal/mol = kJ/4.184, rounded half-up to 0.01","43.3 kJ/mol (method N/A; Reid, 1972: Reid, Robert C., Handbook on vapor pressure and heats of vaporization of hydrocarbons and related compounds, R. C. Wilhort and B. J. Zwolinski, Texas A Research Foundation. College Station, Texas(1971). 329 pages.$10.00, AIChE J., 1972, 18, 6, 1278-1278, https://doi.org/10.1002/aic.690180637 .; AC)","only one NIST ΔvapH° entry, non-calorimetric (method N/A); prereg rules (AVG / calorimetric) not met — used as sole available NIST value; FLAG",https://webbook.nist.gov/cgi/cbook.cgi?ID=C926829&Mask=4,2026-10-03,"ΔvapH° | 43.3 | kJ/mol | N/A | Reid, 1972 | AC"
"4,4-dimethylheptane",1068-19-5,T_B,134.4,407.5,K,"normal boiling point (1 atm); converted degC = K - 273.15, rounded half-up to 0.1","408.4 K (Weast and Grasselli, 1989: CRC Handbook of Data on Organic Compounds, 2nd Editon, Weast,R.C and Grasselli, J.G., ed(s)., CRC Press, Inc., Boca Raton, FL, 1989, 1.; BS); 407.5 K (Levina, Tantsyreva, et al., 1952: Levina, R.Ya.; Tantsyreva, T.I.; Fainzil'berg, A.A., Synthesis of Hydrocarbons XX. Synthesis of Alkenes and Alkanes with A Quarternary Carbon Atom, Zh. Obshch. Khim., 1952, 22, 571.; Uncertainty assigned by TRC = 0.5 K; TRC); 408.35 K (Fenske, Braun, et al., 1947: Fenske, M.R.; Braun, W.G.; Wiegand, R.V.; Quiggle, D.; McCormick, R.H.; Rank, D.H., Raman Spectra of Hydrocarbons, Anal. Chem., 1947, 19, 700.; Uncertainty assigned by TRC = 0.5 K; TRC)",no NIST AVG; most recent primary experimental determination (compilations e.g. Weast & Grasselli 1989 CRC excluded) — PREREG GAP: calorimetric fallback inapplicable to Tboil; interpretation needs author ratification,https://webbook.nist.gov/cgi/cbook.cgi?ID=C1068195&Mask=4,2026-10-03,"Tboil | 407.5 | K | N/A | Levina, Tantsyreva, et al., 1952 | Uncertainty assigned by TRC = 0.5 K; TRC"
"4,4-dimethylheptane",1068-19-5,dHvap,10.09,42.2,kJ/mol,"standard enthalpy of vaporization (NIST ""ΔvapH°: Enthalpy of vaporization at standard conditions""); kcal/mol = kJ/4.184, rounded half-up to 0.01","42.2 kJ/mol (method N/A; Reid, 1972: Reid, Robert C., Handbook on vapor pressure and heats of vaporization of hydrocarbons and related compounds, R. C. Wilhort and B. J. Zwolinski, Texas A Research Foundation. College Station, Texas(1971). 329 pages.$10.00, AIChE J., 1972, 18, 6, 1278-1278, https://doi.org/10.1002/aic.690180637 .; See also Labbauf, Greenshields, et al., 1961.; AC)","only one NIST ΔvapH° entry, non-calorimetric (method N/A); prereg rules (AVG / calorimetric) not met — used as sole available NIST value; FLAG",https://webbook.nist.gov/cgi/cbook.cgi?ID=C1068195&Mask=4,2026-10-03,"ΔvapH° | 42.2 | kJ/mol | N/A | Reid, 1972 | See also Labbauf, Greenshields, et al., 1961.; AC"
3-ethyl-2-methylhexane,16789-46-1,T_B,138.0,411.15,K,"normal boiling point (1 atm); converted degC = K - 273.15, rounded half-up to 0.1","411.15 K (Fenske, Braun, et al., 1947: Fenske, M.R.; Braun, W.G.; Wiegand, R.V.; Quiggle, D.; McCormick, R.H.; Rank, D.H., Raman Spectra of Hydrocarbons, Anal. Chem., 1947, 19, 700.; Uncertainty assigned by TRC = 0.5 K; TRC)",single NIST Tboil determination (no AVG given),https://webbook.nist.gov/cgi/cbook.cgi?ID=C16789461&Mask=4,2026-10-03,"Tboil | 411.15 | K | N/A | Fenske, Braun, et al., 1947 | Uncertainty assigned by TRC = 0.5 K; TRC"
3-ethyl-2-methylhexane,16789-46-1,dHvap,10.33,43.2,kJ/mol,"standard enthalpy of vaporization (NIST ""ΔvapH°: Enthalpy of vaporization at standard conditions""); kcal/mol = kJ/4.184, rounded half-up to 0.01","43.2 kJ/mol (method N/A; Labbauf, Greenshields, et al., 1961: Labbauf, A.; Greenshields, J.B.; Rossini, F.D., Heats of formation, combustion, and vaporization of the 35 nonanes and 75 decanes, J. Chem. Eng. Data, 1961, 6, 261-263.; AC)","only one NIST ΔvapH° entry, non-calorimetric (method N/A); prereg rules (AVG / calorimetric) not met — used as sole available NIST value; FLAG",https://webbook.nist.gov/cgi/cbook.cgi?ID=C16789461&Mask=4,2026-10-03,"ΔvapH° | 43.2 | kJ/mol | N/A | Labbauf, Greenshields, et al., 1961 | AC"
3-ethyl-3-methylhexane,3074-76-8,T_B,140.6,413.75,K,"normal boiling point (1 atm); converted degC = K - 273.15, rounded half-up to 0.1","413.75 K (Fenske, Braun, et al., 1947: Fenske, M.R.; Braun, W.G.; Wiegand, R.V.; Quiggle, D.; McCormick, R.H.; Rank, D.H., Raman Spectra of Hydrocarbons, Anal. Chem., 1947, 19, 700.; Uncertainty assigned by TRC = 0.5 K; TRC)",single NIST Tboil determination (no AVG given),https://webbook.nist.gov/cgi/cbook.cgi?ID=C3074768&Mask=4,2026-10-03,"Tboil | 413.75 | K | N/A | Fenske, Braun, et al., 1947 | Uncertainty assigned by TRC = 0.5 K; TRC"
3-ethyl-3-methylhexane,3074-76-8,dHvap,10.25,42.9,kJ/mol,"standard enthalpy of vaporization (NIST ""ΔvapH°: Enthalpy of vaporization at standard conditions""); kcal/mol = kJ/4.184, rounded half-up to 0.01","42.9 kJ/mol (method N/A; Labbauf, Greenshields, et al., 1961: Labbauf, A.; Greenshields, J.B.; Rossini, F.D., Heats of formation, combustion, and vaporization of the 35 nonanes and 75 decanes, J. Chem. Eng. Data, 1961, 6, 261-263.; AC)","only one NIST ΔvapH° entry, non-calorimetric (method N/A); prereg rules (AVG / calorimetric) not met — used as sole available NIST value; FLAG",https://webbook.nist.gov/cgi/cbook.cgi?ID=C3074768&Mask=4,2026-10-03,"ΔvapH° | 42.9 | kJ/mol | N/A | Labbauf, Greenshields, et al., 1961 | AC"
4-ethyl-2-methylhexane,3074-75-7,T_B,133.8,406.95,K,"normal boiling point (1 atm); converted degC = K - 273.15, rounded half-up to 0.1","406.95 K (Fenske, Braun, et al., 1947: Fenske, M.R.; Braun, W.G.; Wiegand, R.V.; Quiggle, D.; McCormick, R.H.; Rank, D.H., Raman Spectra of Hydrocarbons, Anal. Chem., 1947, 19, 700.; Uncertainty assigned by TRC = 0.5 K; TRC)",single NIST Tboil determination (no AVG given),https://webbook.nist.gov/cgi/cbook.cgi?ID=C3074757&Mask=4,2026-10-03,"Tboil | 406.95 | K | N/A | Fenske, Braun, et al., 1947 | Uncertainty assigned by TRC = 0.5 K; TRC"
4-ethyl-2-methylhexane,3074-75-7,dHvap,10.25,42.9,kJ/mol,"standard enthalpy of vaporization (NIST ""ΔvapH°: Enthalpy of vaporization at standard conditions""); kcal/mol = kJ/4.184, rounded half-up to 0.01","42.9 kJ/mol (method N/A; Labbauf, Greenshields, et al., 1961: Labbauf, A.; Greenshields, J.B.; Rossini, F.D., Heats of formation, combustion, and vaporization of the 35 nonanes and 75 decanes, J. Chem. Eng. Data, 1961, 6, 261-263.; AC)","only one NIST ΔvapH° entry, non-calorimetric (method N/A); prereg rules (AVG / calorimetric) not met — used as sole available NIST value; FLAG",https://webbook.nist.gov/cgi/cbook.cgi?ID=C3074757&Mask=4,2026-10-03,"ΔvapH° | 42.9 | kJ/mol | N/A | Labbauf, Greenshields, et al., 1961 | AC"
3-ethyl-4-methylhexane,3074-77-9,T_B,140.4,413.55,K,"normal boiling point (1 atm); converted degC = K - 273.15, rounded half-up to 0.1","413.55 K (Fenske, Braun, et al., 1947: Fenske, M.R.; Braun, W.G.; Wiegand, R.V.; Quiggle, D.; McCormick, R.H.; Rank, D.H., Raman Spectra of Hydrocarbons, Anal. Chem., 1947, 19, 700.; Uncertainty assigned by TRC = 0.5 K)",single NIST Tboil determination (no AVG given),https://webbook.nist.gov/cgi/cbook.cgi?ID=C3074779&Mask=4,2026-10-03,"Tboil | 413.55 | K | N/A | Fenske, Braun, et al., 1947 | Uncertainty assigned by TRC = 0.5 K"
"2,2,3-trimethylhexane",16747-25-4,T_B,134.3,407.4,K,"normal boiling point (1 atm); converted degC = K - 273.15, rounded half-up to 0.1","407.4 K (Maretina and Petrov, 1961: Maretina, I.A.; Petrov, A.A., Conjugated Systems CXXIX. Enyne Compounds XLIX. The Order of Addition of Tertiary Alkyl Halides to Propenyl-, Isopropenyl, and Vinylmethylacetylenes, Zh. Obshch. Khim., 1961, 31, 419.; Uncertainty assigned by TRC = 1.5 K; TRC); 404.85 K (Braun, Spooner, et al., 1950: Braun, W.G.; Spooner, D.F.; Fenske, M.R., Raman spectra hydrocarbons and oxygenated compounds, Anal. Chem., 1950, 22, 1074.; Uncertainty assigned by TRC = 1. K; TRC); 406.55 K (Schlesman, 1943: Schlesman, C.H., Personal Commun., Socony Vacuum Oil Co., Paulsboro, 1943.; Uncertainty assigned by TRC = 0.5 K; TRC)",no NIST AVG; most recent primary experimental determination (compilations e.g. Weast & Grasselli 1989 CRC excluded) — PREREG GAP: calorimetric fallback inapplicable to Tboil; interpretation needs author ratification,https://webbook.nist.gov/cgi/cbook.cgi?ID=C16747254&Mask=4,2026-10-03,"Tboil | 407.4 | K | N/A | Maretina and Petrov, 1961 | Uncertainty assigned by TRC = 1.5 K; TRC"
"2,2,3-trimethylhexane",16747-25-4,dHvap,9.97,41.7,kJ/mol,"standard enthalpy of vaporization (NIST ""ΔvapH°: Enthalpy of vaporization at standard conditions""); kcal/mol = kJ/4.184, rounded half-up to 0.01","41.7 kJ/mol (method N/A; Reid, 1972: Reid, Robert C., Handbook on vapor pressure and heats of vaporization of hydrocarbons and related compounds, R. C. Wilhort and B. J. Zwolinski, Texas A Research Foundation. College Station, Texas(1971). 329 pages.$10.00, AIChE J., 1972, 18, 6, 1278-1278, https://doi.org/10.1002/aic.690180637 .; See also Labbauf, Greenshields, et al., 1961.; AC)","only one NIST ΔvapH° entry, non-calorimetric (method N/A); prereg rules (AVG / calorimetric) not met — used as sole available NIST value; FLAG",https://webbook.nist.gov/cgi/cbook.cgi?ID=C16747254&Mask=4,2026-10-03,"ΔvapH° | 41.7 | kJ/mol | N/A | Reid, 1972 | See also Labbauf, Greenshields, et al., 1961.; AC"
"2,2,4-trimethylhexane",16747-26-5,T_B,126.5,399.6 ± 0.4,K,"normal boiling point (1 atm); converted degC = K - 273.15, rounded half-up to 0.1","399.7 K (Weast and Grasselli, 1989; BS); 399.75 K (Fenske, Braun, et al., 1947; Uncertainty assigned by TRC = 0.6 K; TRC); 399.69 K (Howard, Mears, et al., 1947; Uncertainty assigned by TRC = 0.05 K; TRC); 399.85 K (Johnson and Fawcett, 1946; Uncertainty assigned by TRC = 0.3 K; TRC); 399.66 K (Brooks, Cleaton, et al., 1937; Uncertainty assigned by TRC = 0.5 K; identification somewhat uncertain; TRC); 399.15 K (Leslie and White, 1935; Uncertainty assigned by TRC = 1.5 K; TRC)",NIST average (AVG) value — prereg primary rule,https://webbook.nist.gov/cgi/cbook.cgi?ID=C16747265&Mask=4 ; points: https://webbook.nist.gov/cgi/cbook.cgi?ID=C16747265&Type=TBOIL,2026-10-03,Tboil | 399.6 ± 0.4 | K | AVG | N/A | Average of 6 values; Individual data points
"2,2,4-trimethylhexane",16747-26-5,dHvap,9.73,40.7,kJ/mol,"standard enthalpy of vaporization (NIST ""ΔvapH°: Enthalpy of vaporization at standard conditions""); kcal/mol = kJ/4.184, rounded half-up to 0.01","40.7 kJ/mol (method N/A; Reid, 1972: Reid, Robert C., Handbook on vapor pressure and heats of vaporization of hydrocarbons and related compounds, R. C. Wilhort and B. J. Zwolinski, Texas A Research Foundation. College Station, Texas(1971). 329 pages.$10.00, AIChE J., 1972, 18, 6, 1278-1278, https://doi.org/10.1002/aic.690180637 .; AC)","only one NIST ΔvapH° entry, non-calorimetric (method N/A); prereg rules (AVG / calorimetric) not met — used as sole available NIST value; FLAG",https://webbook.nist.gov/cgi/cbook.cgi?ID=C16747265&Mask=4,2026-10-03,"ΔvapH° | 40.7 | kJ/mol | N/A | Reid, 1972 | AC"
"2,2,5-trimethylhexane",3522-94-9,T_B,123.9,397. ± 2.,K,"normal boiling point (1 atm); converted degC = K - 273.15, rounded half-up to 0.1","397.3 K (Weast and Grasselli, 1989; BS); 397.2 K (Majer and Svoboda, 1985; ); 394.65 K (Maretina and Petrov, 1961; Uncertainty assigned by TRC = 1.5 K; TRC); 397.25 K (Weber, 1956; Uncertainty assigned by TRC = 0.4 K; TRC); 396.15 K (Marschner and Carmody, 1951; Uncertainty assigned by TRC = 2. K; TRC); 395.65 K (Marschner and Carmody, 1951; Uncertainty assigned by TRC = 2. K; TRC); 395.65 K (Marschner and Carmody, 1951; Uncertainty assigned by TRC = 3. K; TRC); 397.23 K (Forziati and Rossini, 1949; Uncertainty assigned by TRC = 0.03 K; TRC); 396.4 K (Hickinbottom, Porter, et al., 1949; Uncertainty assigned by TRC = 0.6 K; TRC); 397.25 K (Fenske, Braun, et al., 1947; Uncertainty assigned by TRC = 0.5 K; TRC); 397.24 K (Howard, Mears, et al., 1947; Uncertainty assigned by TRC = 0.1 K; TRC); 397.21 K (Boord, Greenlee, et al., 1946; Uncertainty assigned by TRC = 0.2 K; TRC); 397.21 K (Perilstein, 1945; Uncertainty assigned by TRC = 0.2 K; TRC); 397.15 K (Anonymous, 1944; Uncertainty assigned by TRC = 0.2 K; TRC); 397.24 K (Brooks, 1943; Uncertainty assigned by TRC = 0.2 K; TRC); 396.15 K (Henne, Chanan, et al., 1941; Uncertainty assigned by TRC = 1. K; TRC); 396.15 K (Turk, 1941; Uncertainty assigned by TRC = 1. K; TRC); 397.24 K (Brooks, Cleaton, et al., 1937; Uncertainty assigned by TRC = 0.4 K; TRC); 395.15 K (Noller, 1929; Uncertainty assigned by TRC = 1.5 K; TRC)",NIST average (AVG) value — prereg primary rule,https://webbook.nist.gov/cgi/cbook.cgi?ID=C3522949&Mask=4 ; points: https://webbook.nist.gov/cgi/cbook.cgi?ID=C3522949&Type=TBOIL,2026-10-03,Tboil | 397. ± 2. | K | AVG | N/A | Average of 19 values; Individual data points
"2,2,5-trimethylhexane",3522-94-9,dHvap,9.60,40.17,kJ/mol,"standard enthalpy of vaporization (NIST ""ΔvapH°: Enthalpy of vaporization at standard conditions""); kcal/mol = kJ/4.184, rounded half-up to 0.01","40.21 kJ/mol (method N/A; Majer and Svoboda, 1985: Majer, V.; Svoboda, V., Enthalpies of Vaporization of Organic Compounds: A Critical Review and Data Compilation, Blackwell Scientific Publications, Oxford, 1985, 300.; ); 40.2 kJ/mol (method N/A; Reid, 1972: Reid, Robert C., Handbook on vapor pressure and heats of vaporization of hydrocarbons and related compounds, R. C. Wilhort and B. J. Zwolinski, Texas A Research Foundation. College Station, Texas(1971). 329 pages.$10.00, AIChE J., 1972, 18, 6, 1278-1278, https://doi.org/10.1002/aic.690180637 .; AC); 40.2 kJ/mol (method C; Osborne and Ginnings, 1947: Osborne, Nathan S.; Ginnings, Defoe C., Measurements of heat of vaporization and heat capacity of a number of hydrocarbons, J. RES. NATL. BUR. STAN., 1947, 39, 5, 453-17, https://doi.org/10.6028/jres.039.031 .; AC); 40.17 kJ/mol (method C; Osborne and Ginnings, 1947, 2: Osborne, N.S.; Ginnings, D.C., Measurements of heat of vaporization and heat capacity of a number of hydrocarbons, J. Res. NBS, 1947, 39, 453-477.; ALS)",no NIST AVG; most recent calorimetric (method C) determination — prereg fallback rule (same study listed 2x; most precisely reported entry used),https://webbook.nist.gov/cgi/cbook.cgi?ID=C3522949&Mask=4,2026-10-03,"ΔvapH° | 40.17 | kJ/mol | C | Osborne and Ginnings, 1947, 2 | ALS"
"2,3,3-trimethylhexane",16747-28-7,T_B,136.3,409.45,K,"normal boiling point (1 atm); converted degC = K - 273.15, rounded half-up to 0.1","410.9 K (Weast and Grasselli, 1989: CRC Handbook of Data on Organic Compounds, 2nd Editon, Weast,R.C and Grasselli, J.G., ed(s)., CRC Press, Inc., Boca Raton, FL, 1989, 1.; BS); 409.45 K (Levina, Tantsyreva, et al., 1952: Levina, R.Ya.; Tantsyreva, T.I.; Fainzil'berg, A.A., Synthesis of Hydrocarbons XX. Synthesis of Alkenes and Alkanes with A Quarternary Carbon Atom, Zh. Obshch. Khim., 1952, 22, 571.; Uncertainty assigned by TRC = 0.5 K; TRC); 409.95 K (Buck, Elsner, et al., 1948: Buck, F.R.; Elsner, B.B.; Forbes, E.J.; Morrell, S.H.; Smith, J.C.; Wallsgrove, E.R., The Use of Zinc Alkyls in the Preparation of Hydrocarbons with a Quaternary Carbon Atom, J. Inst. Pet., 1948, 34, 339.; Uncertainty assigned by TRC = 0.4 K; TRC); 410.75 K (Cline, 1939: Cline, E.T., The Synthesis of Type III and Type V Olefins from Dimethylbutadien- monohydrobromide, Ph.D. Dissertation, Ohio State Univ., Columbus, OH, 1939.; Uncertainty assigned by TRC = 1. K; TRC)",no NIST AVG; most recent primary experimental determination (compilations e.g. Weast & Grasselli 1989 CRC excluded) — PREREG GAP: calorimetric fallback inapplicable to Tboil; interpretation needs author ratification,https://webbook.nist.gov/cgi/cbook.cgi?ID=C16747287&Mask=4,2026-10-03,"Tboil | 409.45 | K | N/A | Levina, Tantsyreva, et al., 1952 | Uncertainty assigned by TRC = 0.5 K; TRC"
"2,3,3-trimethylhexane",16747-28-7,dHvap,10.06,42.1,kJ/mol,"standard enthalpy of vaporization (NIST ""ΔvapH°: Enthalpy of vaporization at standard conditions""); kcal/mol = kJ/4.184, rounded half-up to 0.01","42.1 kJ/mol (method N/A; Reid, 1972: Reid, Robert C., Handbook on vapor pressure and heats of vaporization of hydrocarbons and related compounds, R. C. Wilhort and B. J. Zwolinski, Texas A Research Foundation. College Station, Texas(1971). 329 pages.$10.00, AIChE J., 1972, 18, 6, 1278-1278, https://doi.org/10.1002/aic.690180637 .; See also Labbauf, Greenshields, et al., 1961.; AC)","only one NIST ΔvapH° entry, non-calorimetric (method N/A); prereg rules (AVG / calorimetric) not met — used as sole available NIST value; FLAG",https://webbook.nist.gov/cgi/cbook.cgi?ID=C16747287&Mask=4,2026-10-03,"ΔvapH° | 42.1 | kJ/mol | N/A | Reid, 1972 | See also Labbauf, Greenshields, et al., 1961.; AC"
"2,3,4-trimethylhexane",921-47-1,T_B,138.9,412. ± 1.,K,"normal boiling point (1 atm); converted degC = K - 273.15, rounded half-up to 0.1","412. K (Maurel, Choque, et al., 1964; Uncertainty assigned by TRC = 1.5 K; TRC); 412.21 K (Anonymous, 1950; Uncertainty assigned by TRC = 0.3 K; TRC); 412.21 K (Boord, Greenlee, et al., 1950; Uncertainty assigned by TRC = 0.6 K; TRC); 410.85 K (Levina, Shusherina, et al., 1950; Uncertainty assigned by TRC = 0.7 K; TRC); 410.35 K (Anonymous, 1949; Uncertainty assigned by TRC = 0.4 K; TRC); 412.25 K (Fenske, Braun, et al., 1947; Uncertainty assigned by TRC = 0.3 K; TRC)",NIST average (AVG) value — prereg primary rule,https://webbook.nist.gov/cgi/cbook.cgi?ID=C921471&Mask=4 ; points: https://webbook.nist.gov/cgi/cbook.cgi?ID=C921471&Type=TBOIL,2026-10-03,Tboil | 412. ± 1. | K | AVG | N/A | Average of 6 values; Individual data points
"2,3,4-trimethylhexane",921-47-1,dHvap,10.21,42.7,kJ/mol,"standard enthalpy of vaporization (NIST ""ΔvapH°: Enthalpy of vaporization at standard conditions""); kcal/mol = kJ/4.184, rounded half-up to 0.01","42.7 kJ/mol (method N/A; Reid, 1972: Reid, Robert C., Handbook on vapor pressure and heats of vaporization of hydrocarbons and related compounds, R. C. Wilhort and B. J. Zwolinski, Texas A Research Foundation. College Station, Texas(1971). 329 pages.$10.00, AIChE J., 1972, 18, 6, 1278-1278, https://doi.org/10.1002/aic.690180637 .; See also Labbauf, Greenshields, et al., 1961.; AC)","only one NIST ΔvapH° entry, non-calorimetric (method N/A); prereg rules (AVG / calorimetric) not met — used as sole available NIST value; FLAG",https://webbook.nist.gov/cgi/cbook.cgi?ID=C921471&Mask=4,2026-10-03,"ΔvapH° | 42.7 | kJ/mol | N/A | Reid, 1972 | See also Labbauf, Greenshields, et al., 1961.; AC"
"2,3,5-trimethylhexane",1069-53-0,T_B,130.9,404. ± 2.,K,"normal boiling point (1 atm); converted degC = K - 273.15, rounded half-up to 0.1","404.5 K (Majer and Svoboda, 1985; ); 403.4 K (Finch, Furman, et al., 1951; Uncertainty assigned by TRC = 0.6 K; TRC); 404.52 K (Howard, Mears, et al., 1947; Uncertainty assigned by TRC = 0.1 K; TRC); 404.46 K (Anonymous, 1946; Uncertainty assigned by TRC = 0.25 K; TRC); 404.46 K (Boord, Greenlee, et al., 1946; Uncertainty assigned by TRC = 0.3 K; TRC); 402. K (Petrov, Koptev, et al., 1944; Uncertainty assigned by TRC = 2. K; TRC); 403.45 K (Henne, Chanan, et al., 1941; Uncertainty assigned by TRC = 0.5 K; TRC); 403.45 K (Turk, 1941; Uncertainty assigned by TRC = 0.5 K; TRC); 405. K (Cline, 1939; Uncertainty assigned by TRC = 0.4 K; TRC)",NIST average (AVG) value — prereg primary rule,https://webbook.nist.gov/cgi/cbook.cgi?ID=C1069530&Mask=4 ; points: https://webbook.nist.gov/cgi/cbook.cgi?ID=C1069530&Type=TBOIL,2026-10-03,Tboil | 404. ± 2. | K | AVG | N/A | Average of 9 values; Individual data points
"2,3,5-trimethylhexane",1069-53-0,dHvap,9.90,41.42,kJ/mol,"standard enthalpy of vaporization (NIST ""ΔvapH°: Enthalpy of vaporization at standard conditions""); kcal/mol = kJ/4.184, rounded half-up to 0.01","41.45 kJ/mol (method N/A; Majer and Svoboda, 1985: Majer, V.; Svoboda, V., Enthalpies of Vaporization of Organic Compounds: A Critical Review and Data Compilation, Blackwell Scientific Publications, Oxford, 1985, 300.; ); 41.4 kJ/mol (method N/A; Reid, 1972: Reid, Robert C., Handbook on vapor pressure and heats of vaporization of hydrocarbons and related compounds, R. C. Wilhort and B. J. Zwolinski, Texas A Research Foundation. College Station, Texas(1971). 329 pages.$10.00, AIChE J., 1972, 18, 6, 1278-1278, https://doi.org/10.1002/aic.690180637 .; AC); 41.4 kJ/mol (method C; Osborne and Ginnings, 1947: Osborne, Nathan S.; Ginnings, Defoe C., Measurements of heat of vaporization and heat capacity of a number of hydrocarbons, J. RES. NATL. BUR. STAN., 1947, 39, 5, 453-17, https://doi.org/10.6028/jres.039.031 .; AC); 41.42 kJ/mol (method C; Osborne and Ginnings, 1947, 2: Osborne, N.S.; Ginnings, D.C., Measurements of heat of vaporization and heat capacity of a number of hydrocarbons, J. Res. NBS, 1947, 39, 453-477.; ALS)",no NIST AVG; most recent calorimetric (method C) determination — prereg fallback rule (same study listed 2x; most precisely reported entry used),https://webbook.nist.gov/cgi/cbook.cgi?ID=C1069530&Mask=4,2026-10-03,"ΔvapH° | 41.42 | kJ/mol | C | Osborne and Ginnings, 1947, 2 | ALS"
"2,4,4-trimethylhexane",16747-30-1,T_B,130.9,404. ± 1.,K,"normal boiling point (1 atm); converted degC = K - 273.15, rounded half-up to 0.1","403.9 K (Weast and Grasselli, 1989; BS); 403.79 K (Forziati and Rossini, 1949; Uncertainty assigned by TRC = 0.03 K; TRC); 403.6 K (Fenske, Braun, et al., 1947; Uncertainty assigned by TRC = 0.25 K; TRC); 404.05 K (Johnson and Fawcett, 1946; Uncertainty assigned by TRC = 0.5 K; TRC); 403.95 K (Henne and Chanan, 1944; Uncertainty assigned by TRC = 0.5 K; TRC); 402.3 K (Rudel, 1938; Uncertainty assigned by TRC = 0.4 K; TRC)",NIST average (AVG) value — prereg primary rule,https://webbook.nist.gov/cgi/cbook.cgi?ID=C16747301&Mask=4 ; points: https://webbook.nist.gov/cgi/cbook.cgi?ID=C16747301&Type=TBOIL,2026-10-03,Tboil | 404. ± 1. | K | AVG | N/A | Average of 6 values; Individual data points
"2,4,4-trimethylhexane",16747-30-1,dHvap,9.82,41.1,kJ/mol,"standard enthalpy of vaporization (NIST ""ΔvapH°: Enthalpy of vaporization at standard conditions""); kcal/mol = kJ/4.184, rounded half-up to 0.01","41.1 kJ/mol (method N/A; Reid, 1972: Reid, Robert C., Handbook on vapor pressure and heats of vaporization of hydrocarbons and related compounds, R. C. Wilhort and B. J. Zwolinski, Texas A Research Foundation. College Station, Texas(1971). 329 pages.$10.00, AIChE J., 1972, 18, 6, 1278-1278, https://doi.org/10.1002/aic.690180637 .; See also Labbauf, Greenshields, et al., 1961.; AC)","only one NIST ΔvapH° entry, non-calorimetric (method N/A); prereg rules (AVG / calorimetric) not met — used as sole available NIST value; FLAG",https://webbook.nist.gov/cgi/cbook.cgi?ID=C16747301&Mask=4,2026-10-03,"ΔvapH° | 41.1 | kJ/mol | N/A | Reid, 1972 | See also Labbauf, Greenshields, et al., 1961.; AC"
"3,3,4-trimethylhexane",16747-31-2,T_B,140.4,413.57,K,"normal boiling point (1 atm); converted degC = K - 273.15, rounded half-up to 0.1","413.57 K (Pomerantz, Mears, et al., 1949: Pomerantz, P.; Mears, T.W.; Howard, F.L., Separation and Identification of the Major C1 to C10 Components of Triptene Residue, J. Res. Natl. Bur. Stand. (U. S.), 1949, 42, 617-32.; Uncertainty assigned by TRC = 0.15 K; TRC); 413.05 K (Fenske, Braun, et al., 1947: Fenske, M.R.; Braun, W.G.; Wiegand, R.V.; Quiggle, D.; McCormick, R.H.; Rank, D.H., Raman Spectra of Hydrocarbons, Anal. Chem., 1947, 19, 700.; Uncertainty assigned by TRC = 0.5 K; TRC)",no NIST AVG; most recent primary experimental determination (compilations e.g. Weast & Grasselli 1989 CRC excluded) — PREREG GAP: calorimetric fallback inapplicable to Tboil; interpretation needs author ratification,https://webbook.nist.gov/cgi/cbook.cgi?ID=C16747312&Mask=4,2026-10-03,"Tboil | 413.57 | K | N/A | Pomerantz, Mears, et al., 1949 | Uncertainty assigned by TRC = 0.15 K; TRC"
"3,3,4-trimethylhexane",16747-31-2,dHvap,10.09,42.2,kJ/mol,"standard enthalpy of vaporization (NIST ""ΔvapH°: Enthalpy of vaporization at standard conditions""); kcal/mol = kJ/4.184, rounded half-up to 0.01","42.2 kJ/mol (method N/A; Reid, 1972: Reid, Robert C., Handbook on vapor pressure and heats of vaporization of hydrocarbons and related compounds, R. C. Wilhort and B. J. Zwolinski, Texas A Research Foundation. College Station, Texas(1971). 329 pages.$10.00, AIChE J., 1972, 18, 6, 1278-1278, https://doi.org/10.1002/aic.690180637 .; See also Labbauf, Greenshields, et al., 1961.; AC)","only one NIST ΔvapH° entry, non-calorimetric (method N/A); prereg rules (AVG / calorimetric) not met — used as sole available NIST value; FLAG",https://webbook.nist.gov/cgi/cbook.cgi?ID=C16747312&Mask=4,2026-10-03,"ΔvapH° | 42.2 | kJ/mol | N/A | Reid, 1972 | See also Labbauf, Greenshields, et al., 1961.; AC"
"3,3-diethylpentane",1067-20-5,T_B,146.2,419.3 ± 0.4,K,"normal boiling point (1 atm); converted degC = K - 273.15, rounded half-up to 0.1","419.4 K (Weast and Grasselli, 1989; BS); 419.4 K (Majer and Svoboda, 1985; ); 418.83 K (Timmermans and Hennaut-Roland, 1955; Uncertainty assigned by TRC = 0.2 K; TRC); 419.32 K (Anonymous, 1953; Uncertainty assigned by TRC = 0.25 K; TRC); 419.3 K (Anonymous, 1951; Uncertainty assigned by TRC = 0.2 K; TRC); 419.35 K (Boord, Henne, et al., 1949; Uncertainty assigned by TRC = 0.3 K; TRC); 419.310 K (Forziati and Rossini, 1949; Uncertainty assigned by TRC = 0.03 K; TRC); 419.55 K (Kinney and Spliethoff, 1949; Uncertainty assigned by TRC = 0.6 K; TRC); 418.9 K (Buck, Elsner, et al., 1948; Uncertainty assigned by TRC = 0.4 K; TRC); 419.55 K (Horton, 1947; Uncertainty assigned by TRC = 0.3 K; TRC); 419.35 K (Boord, Greenlee, et al., 1946; Uncertainty assigned by TRC = 0.3 K; TRC); 419.32 K (Anonymous, 1943; Uncertainty assigned by TRC = 0.3 K; TRC); 412.35 K (Morgan, Carter, et al., 1925; Uncertainty assigned by TRC = 0.6 K; TRC; Data excluded from overall average)",NIST average (AVG) value — prereg primary rule,https://webbook.nist.gov/cgi/cbook.cgi?ID=C1067205&Mask=4 ; points: https://webbook.nist.gov/cgi/cbook.cgi?ID=C1067205&Type=TBOIL,2026-10-03,Tboil | 419.3 ± 0.4 | K | AVG | N/A | Average of 12 out of 13 values; Individual data points
"3,3-diethylpentane",1067-20-5,dHvap,10.18,42.6 ± 0.3,kJ/mol,"standard enthalpy of vaporization (NIST ""ΔvapH°: Enthalpy of vaporization at standard conditions""); kcal/mol = kJ/4.184, rounded half-up to 0.01","42.03 kJ/mol (method N/A; Majer and Svoboda, 1985: Majer, V.; Svoboda, V., Enthalpies of Vaporization of Organic Compounds: A Critical Review and Data Compilation, Blackwell Scientific Publications, Oxford, 1985, 300.; ); 42.6 ± 0.3 kJ/mol (method C; Fuchs and Peacock, 1979: Fuchs, R.; Peacock, L.A., Heats of vaporization and gaseous heats of formation of some five- and six-membered ring alkenes, Can. J. Chem., 1979, 57, 2302-2304.; ALS); 42.6 ± 0.3 kJ/mol (method GCC; Fuchs and Peacock, 1979: Fuchs, R.; Peacock, L.A., Heats of vaporization and gaseous heats of formation of some five- and six-membered ring alkenes, Can. J. Chem., 1979, 57, 2302-2304.; AC); 43.6 kJ/mol (method N/A; Reid, 1972: Reid, Robert C., Handbook on vapor pressure and heats of vaporization of hydrocarbons and related compounds, R. C. Wilhort and B. J. Zwolinski, Texas A Research Foundation. College Station, Texas(1971). 329 pages.$10.00, AIChE J., 1972, 18, 6, 1278-1278, https://doi.org/10.1002/aic.690180637 .; See also Labbauf, Greenshields, et al., 1961.; AC)",no NIST AVG; most recent calorimetric (method C) determination — prereg fallback rule,https://webbook.nist.gov/cgi/cbook.cgi?ID=C1067205&Mask=4,2026-10-03,"ΔvapH° | 42.6 ± 0.3 | kJ/mol | C | Fuchs and Peacock, 1979 | ALS"
"3-ethyl-2,2-dimethylpentane",16747-32-3,T_B,133.8,406.96,K,"normal boiling point (1 atm); converted degC = K - 273.15, rounded half-up to 0.1","406.96 K (Anonymous, 1953: Anonymous, R., , Physical Properties of Chemical Substances, Dow Chemical Company, 1953.; Uncertainty assigned by TRC = 0.25 K; TRC); 406.75 K (Fenske, Braun, et al., 1947: Fenske, M.R.; Braun, W.G.; Wiegand, R.V.; Quiggle, D.; McCormick, R.H.; Rank, D.H., Raman Spectra of Hydrocarbons, Anal. Chem., 1947, 19, 700.; Uncertainty assigned by TRC = 0.5 K; TRC); 406.98 K (Howard, Mears, et al., 1947: Howard, F.L.; Mears, T.W.; Fookson, A.; Pomerantz, P.; Brooks, D.B., Preparation and physical properties of several aliphatic hydrocarbons and intermediates, J. Res. Natl. Bur. Stand. (U. S.), 1947, 38, 365.; Uncertainty assigned by TRC = 0.1 K; TRC)",no NIST AVG; most recent primary experimental determination (compilations e.g. Weast & Grasselli 1989 CRC excluded) — PREREG GAP: calorimetric fallback inapplicable to Tboil; interpretation needs author ratification,https://webbook.nist.gov/cgi/cbook.cgi?ID=C16747323&Mask=4,2026-10-03,"Tboil | 406.96 | K | N/A | Anonymous, 1953 | Uncertainty assigned by TRC = 0.25 K; TRC"
"3-ethyl-2,2-dimethylpentane",16747-32-3,dHvap,9.97,41.7,kJ/mol,"standard enthalpy of vaporization (NIST ""ΔvapH°: Enthalpy of vaporization at standard conditions""); kcal/mol = kJ/4.184, rounded half-up to 0.01","41.7 kJ/mol (method N/A; Reid, 1972: Reid, Robert C., Handbook on vapor pressure and heats of vaporization of hydrocarbons and related compounds, R. C. Wilhort and B. J. Zwolinski, Texas A Research Foundation. College Station, Texas(1971). 329 pages.$10.00, AIChE J., 1972, 18, 6, 1278-1278, https://doi.org/10.1002/aic.690180637 .; See also Labbauf, Greenshields, et al., 1961.; AC)","only one NIST ΔvapH° entry, non-calorimetric (method N/A); prereg rules (AVG / calorimetric) not met — used as sole available NIST value; FLAG",https://webbook.nist.gov/cgi/cbook.cgi?ID=C16747323&Mask=4,2026-10-03,"ΔvapH° | 41.7 | kJ/mol | N/A | Reid, 1972 | See also Labbauf, Greenshields, et al., 1961.; AC"
"3-ethyl-2,3-dimethylpentane",16747-33-4,T_B,141.6,414.75,K,"normal boiling point (1 atm); converted degC = K - 273.15, rounded half-up to 0.1","414.75 K (Kinney and Spliethoff, 1949: Kinney, C.R.; Spliethoff, W.L., A System of Correlating Molecular Structure of Organic Compounds with Boiling Points VII. New Boiling Pts. for Certain Paraffins and Olefins, J. Org. Chem., 1949, 14, 71.; Uncertainty assigned by TRC = 0.5 K; TRC)",single NIST Tboil determination (no AVG given),https://webbook.nist.gov/cgi/cbook.cgi?ID=C16747334&Mask=4,2026-10-03,"Tboil | 414.75 | K | N/A | Kinney and Spliethoff, 1949 | Uncertainty assigned by TRC = 0.5 K; TRC"
"3-ethyl-2,3-dimethylpentane",16747-33-4,dHvap,10.21,42.7,kJ/mol,"standard enthalpy of vaporization (NIST ""ΔvapH°: Enthalpy of vaporization at standard conditions""); kcal/mol = kJ/4.184, rounded half-up to 0.01","42.7 kJ/mol (method N/A; Reid, 1972: Reid, Robert C., Handbook on vapor pressure and heats of vaporization of hydrocarbons and related compounds, R. C. Wilhort and B. J. Zwolinski, Texas A Research Foundation. College Station, Texas(1971). 329 pages.$10.00, AIChE J., 1972, 18, 6, 1278-1278, https://doi.org/10.1002/aic.690180637 .; See also Labbauf, Greenshields, et al., 1961.; AC)","only one NIST ΔvapH° entry, non-calorimetric (method N/A); prereg rules (AVG / calorimetric) not met — used as sole available NIST value; FLAG",https://webbook.nist.gov/cgi/cbook.cgi?ID=C16747334&Mask=4,2026-10-03,"ΔvapH° | 42.7 | kJ/mol | N/A | Reid, 1972 | See also Labbauf, Greenshields, et al., 1961.; AC"
"3-ethyl-2,4-dimethylpentane",1068-87-7,T_B,136.7,409.81,K,"normal boiling point (1 atm); converted degC = K - 273.15, rounded half-up to 0.1","409.81 K (Anonymous, 1954: Anonymous, R., Am. Pet. Inst. Res. Proj. 6, 1954, Carnegie-Mellon Univ., March 1954.; Uncertainty assigned by TRC = 0.06 K; TRC); 409.15 K (Bazhulin, Ukholin, et al., 1949: Bazhulin, P.A.; Ukholin, S.A.; Bulanova, T.F.; Koperina, A.V.; Plate, A.F.; Kazanskii, B.A., Izv. Akad. Nauk SSSR, 1949, 1949, 481.; Uncertainty assigned by TRC = 1.5 K; TRC); 409.75 K (Fenske, Braun, et al., 1947: Fenske, M.R.; Braun, W.G.; Wiegand, R.V.; Quiggle, D.; McCormick, R.H.; Rank, D.H., Raman Spectra of Hydrocarbons, Anal. Chem., 1947, 19, 700.; Uncertainty assigned by TRC = 0.5 K; TRC); 409.86 K (Howard, Mears, et al., 1947: Howard, F.L.; Mears, T.W.; Fookson, A.; Pomerantz, P.; Brooks, D.B., Preparation and physical properties of several aliphatic hydrocarbons and intermediates, J. Res. Natl. Bur. Stand. (U. S.), 1947, 38, 365.; Uncertainty assigned by TRC = 0.1 K; TRC)",no NIST AVG; most recent primary experimental determination (compilations e.g. Weast & Grasselli 1989 CRC excluded) — PREREG GAP: calorimetric fallback inapplicable to Tboil; interpretation needs author ratification,https://webbook.nist.gov/cgi/cbook.cgi?ID=C1068877&Mask=4,2026-10-03,"Tboil | 409.81 | K | N/A | Anonymous, 1954 | Uncertainty assigned by TRC = 0.06 K; TRC"
"3-ethyl-2,4-dimethylpentane",1068-87-7,dHvap,10.11,42.3,kJ/mol,"standard enthalpy of vaporization (NIST ""ΔvapH°: Enthalpy of vaporization at standard conditions""); kcal/mol = kJ/4.184, rounded half-up to 0.01","42.3 kJ/mol (method N/A; Reid, 1972: Reid, Robert C., Handbook on vapor pressure and heats of vaporization of hydrocarbons and related compounds, R. C. Wilhort and B. J. Zwolinski, Texas A Research Foundation. College Station, Texas(1971). 329 pages.$10.00, AIChE J., 1972, 18, 6, 1278-1278, https://doi.org/10.1002/aic.690180637 .; See also Labbauf, Greenshields, et al., 1961.; AC)","only one NIST ΔvapH° entry, non-calorimetric (method N/A); prereg rules (AVG / calorimetric) not met — used as sole available NIST value; FLAG",https://webbook.nist.gov/cgi/cbook.cgi?ID=C1068877&Mask=4,2026-10-03,"ΔvapH° | 42.3 | kJ/mol | N/A | Reid, 1972 | See also Labbauf, Greenshields, et al., 1961.; AC"
"2,2,3,3-tetramethylpentane",7154-79-2,T_B,140.3,413.42 ± 0.04,K,"normal boiling point (1 atm); converted degC = K - 273.15, rounded half-up to 0.1","413.5 K (Weast and Grasselli, 1989; BS); 413.42 K (Braun, Spooner, et al., 1950; Uncertainty assigned by TRC = 0.2 K; TRC); 413.4 K (Boord, Henne, et al., 1949; Uncertainty assigned by TRC = 0.4 K; TRC); 413.42 K (Forziati and Rossini, 1949; Uncertainty assigned by TRC = 0.03 K; TRC); 413.41 K (Howard, Mears, et al., 1947; Uncertainty assigned by TRC = 0.1 K; TRC); 413.39 K (Boord, Greenlee, et al., 1946; Uncertainty assigned by TRC = 0.2 K; TRC)",NIST average (AVG) value — prereg primary rule,https://webbook.nist.gov/cgi/cbook.cgi?ID=C7154792&Mask=4 ; points: https://webbook.nist.gov/cgi/cbook.cgi?ID=C7154792&Type=TBOIL,2026-10-03,Tboil | 413.42 ± 0.04 | K | AVG | N/A | Average of 6 values; Individual data points
"2,2,3,3-tetramethylpentane",7154-79-2,dHvap,9.85,41.2,kJ/mol,"standard enthalpy of vaporization (NIST ""ΔvapH°: Enthalpy of vaporization at standard conditions""); kcal/mol = kJ/4.184, rounded half-up to 0.01","41.2 kJ/mol (method N/A; Reid, 1972: Reid, Robert C., Handbook on vapor pressure and heats of vaporization of hydrocarbons and related compounds, R. C. Wilhort and B. J. Zwolinski, Texas A Research Foundation. College Station, Texas(1971). 329 pages.$10.00, AIChE J., 1972, 18, 6, 1278-1278, https://doi.org/10.1002/aic.690180637 .; See also Labbauf, Greenshields, et al., 1961.; AC)","only one NIST ΔvapH° entry, non-calorimetric (method N/A); prereg rules (AVG / calorimetric) not met — used as sole available NIST value; FLAG",https://webbook.nist.gov/cgi/cbook.cgi?ID=C7154792&Mask=4,2026-10-03,"ΔvapH° | 41.2 | kJ/mol | N/A | Reid, 1972 | See also Labbauf, Greenshields, et al., 1961.; AC"
"2,2,3,4-tetramethylpentane",1186-53-4,T_B,133.0,406.153 ± 0.009,K,"normal boiling point (1 atm); converted degC = K - 273.15, rounded half-up to 0.1","406.2 K (Weast and Grasselli, 1989; BS); 406.15 K (Kharasch, Liu, et al., 1954; Uncertainty assigned by TRC = 1. K; TRC); 406.160 K (Forziati and Rossini, 1949; Uncertainty assigned by TRC = 0.03 K; TRC); 406.15 K (Pomerantz, Mears, et al., 1949; Uncertainty assigned by TRC = 1.5 K; TRC); 406.15 K (Fenske, Braun, et al., 1947; Uncertainty assigned by TRC = 0.5 K; TRC); 406.16 K (Howard, Mears, et al., 1947; Uncertainty assigned by TRC = 0.1 K; TRC); 406.15 K (Johnson and Fawcett, 1946; Uncertainty assigned by TRC = 0.4 K; TRC)",NIST average (AVG) value — prereg primary rule,https://webbook.nist.gov/cgi/cbook.cgi?ID=C1186534&Mask=4 ; points: https://webbook.nist.gov/cgi/cbook.cgi?ID=C1186534&Type=TBOIL,2026-10-03,Tboil | 406.153 ± 0.009 | K | AVG | N/A | Average of 7 values; Individual data points
"2,2,3,4-tetramethylpentane",1186-53-4,dHvap,9.75,40.8,kJ/mol,"standard enthalpy of vaporization (NIST ""ΔvapH°: Enthalpy of vaporization at standard conditions""); kcal/mol = kJ/4.184, rounded half-up to 0.01","40.8 kJ/mol (method N/A; Reid, 1972: Reid, Robert C., Handbook on vapor pressure and heats of vaporization of hydrocarbons and related compounds, R. C. Wilhort and B. J. Zwolinski, Texas A Research Foundation. College Station, Texas(1971). 329 pages.$10.00, AIChE J., 1972, 18, 6, 1278-1278, https://doi.org/10.1002/aic.690180637 .; See also Labbauf, Greenshields, et al., 1961.; AC)","only one NIST ΔvapH° entry, non-calorimetric (method N/A); prereg rules (AVG / calorimetric) not met — used as sole available NIST value; FLAG",https://webbook.nist.gov/cgi/cbook.cgi?ID=C1186534&Mask=4,2026-10-03,"ΔvapH° | 40.8 | kJ/mol | N/A | Reid, 1972 | See also Labbauf, Greenshields, et al., 1961.; AC"
"2,2,4,4-tetramethylpentane",1070-87-7,T_B,122.3,395.4 ± 0.7,K,"normal boiling point (1 atm); converted degC = K - 273.15, rounded half-up to 0.1","395.9 K (Weast and Grasselli, 1989; BS); 395.5 K (Majer and Svoboda, 1985; ); 395.6 K (Backhurst, 1959; Uncertainty assigned by TRC = 1.3 K; TRC); 394.65 K (Kharasch, Liu, et al., 1955; Uncertainty assigned by TRC = 2. K; TRC); 395.430 K (Forziati and Rossini, 1949; Uncertainty assigned by TRC = 0.03 K; TRC); 395.43 K (Howard, 1940; Uncertainty assigned by TRC = 0.1 K; TRC); 395.45 K (Whitmore and Southgate, 1938; Uncertainty assigned by TRC = 0.3 K; TRC)",NIST average (AVG) value — prereg primary rule,https://webbook.nist.gov/cgi/cbook.cgi?ID=C1070877&Mask=4 ; points: https://webbook.nist.gov/cgi/cbook.cgi?ID=C1070877&Type=TBOIL,2026-10-03,Tboil | 395.4 ± 0.7 | K | AVG | N/A | Average of 7 values; Individual data points
"2,2,4,4-tetramethylpentane",1070-87-7,dHvap,9.20,38.5 ± 0.1,kJ/mol,"standard enthalpy of vaporization (NIST ""ΔvapH°: Enthalpy of vaporization at standard conditions""); kcal/mol = kJ/4.184, rounded half-up to 0.01","38.55 kJ/mol (method N/A; Majer and Svoboda, 1985: Majer, V.; Svoboda, V., Enthalpies of Vaporization of Organic Compounds: A Critical Review and Data Compilation, Blackwell Scientific Publications, Oxford, 1985, 300.; ); 38.5 ± 0.1 kJ/mol (method C; Fuchs, Peacock, et al., 1982: Fuchs, Richard; Peacock, L. Alan; Stephenson, W. Kirk, Enthalpies of interaction of polar and nonpolar molecules with aromatic solvents, Can. J. Chem., 1982, 60, 15, 1953-1958, https://doi.org/10.1139/v82-273 .; AC); 38.5 ± 0.3 kJ/mol (method C; Fuchs and Peacock, 1979: Fuchs, R.; Peacock, L.A., Heats of vaporization and gaseous heats of formation of some five- and six-membered ring alkenes, Can. J. Chem., 1979, 57, 2302-2304.; ALS); 38.5 ± 0.3 kJ/mol (method GCC; Fuchs and Peacock, 1979: Fuchs, R.; Peacock, L.A., Heats of vaporization and gaseous heats of formation of some five- and six-membered ring alkenes, Can. J. Chem., 1979, 57, 2302-2304.; AC); 38.2 kJ/mol (method N/A; Reid, 1972: Reid, Robert C., Handbook on vapor pressure and heats of vaporization of hydrocarbons and related compounds, R. C. Wilhort and B. J. Zwolinski, Texas A Research Foundation. College Station, Texas(1971). 329 pages.$10.00, AIChE J., 1972, 18, 6, 1278-1278, https://doi.org/10.1002/aic.690180637 .; See also Labbauf, Greenshields, et al., 1961.; AC)",no NIST AVG; most recent calorimetric (method C) determination — prereg fallback rule,https://webbook.nist.gov/cgi/cbook.cgi?ID=C1070877&Mask=4,2026-10-03,"ΔvapH° | 38.5 ± 0.1 | kJ/mol | C | Fuchs, Peacock, et al., 1982 | AC"
"2,3,3,4-tetramethylpentane",16747-38-9,T_B,139.9,413. ± 6.,K,"normal boiling point (1 atm); converted degC = K - 273.15, rounded half-up to 0.1","414.7 K (Weast and Grasselli, 1989; BS); 414.7 K (Forziati and Rossini, 1949; Uncertainty assigned by TRC = 0.03 K; TRC); 414.55 K (Pomerantz, Mears, et al., 1949; Uncertainty assigned by TRC = 0.4 K; TRC); 414.35 K (Fenske, Braun, et al., 1947; Uncertainty assigned by TRC = 0.5 K; TRC); 414.69 K (Howard, Mears, et al., 1947; Uncertainty assigned by TRC = 0.1 K; TRC); 414.55 K (Johnson and Fawcett, 1946; Uncertainty assigned by TRC = 0.5 K; TRC); 414.69 K (Streiff, Murphy, et al., 1946; Uncertainty assigned by TRC = 0.2 K; TRC); 405. K (Cline, 1939; Uncertainty assigned by TRC = 1.5 K; TRC)",NIST average (AVG) value — prereg primary rule,https://webbook.nist.gov/cgi/cbook.cgi?ID=C16747389&Mask=4 ; points: https://webbook.nist.gov/cgi/cbook.cgi?ID=C16747389&Type=TBOIL,2026-10-03,Tboil | 413. ± 6. | K | AVG | N/A | Average of 8 values; Individual data points
"2,3,3,4-tetramethylpentane",16747-38-9,dHvap,9.99,41.8,kJ/mol,"standard enthalpy of vaporization (NIST ""ΔvapH°: Enthalpy of vaporization at standard conditions""); kcal/mol = kJ/4.184, rounded half-up to 0.01","41.8 kJ/mol (method N/A; Reid, 1972: Reid, Robert C., Handbook on vapor pressure and heats of vaporization of hydrocarbons and related compounds, R. C. Wilhort and B. J. Zwolinski, Texas A Research Foundation. College Station, Texas(1971). 329 pages.$10.00, AIChE J., 1972, 18, 6, 1278-1278, https://doi.org/10.1002/aic.690180637 .; See also Labbauf, Greenshields, et al., 1961.; AC)","only one NIST ΔvapH° entry, non-calorimetric (method N/A); prereg rules (AVG / calorimetric) not met — used as sole available NIST value; FLAG",https://webbook.nist.gov/cgi/cbook.cgi?ID=C16747389&Mask=4,2026-10-03,"ΔvapH° | 41.8 | kJ/mol | N/A | Reid, 1972 | See also Labbauf, Greenshields, et al., 1961.; AC"
