property,model,seed,budget,alpha,beta,gamma,Q2_transfer_refit,Q2_transfer_frozen
T_B,GM,0,200,1.426,-1.999,0.000,+0.6366249348,+0.6353720109
T_B,LO,0,200,0.699,-0.549,-0.680,+0.6608258197,-0.1383218406
T_B,GM,0,500,0.691,-0.921,0.000,+0.6231112320,-15.4586181069
T_B,LO,0,500,0.699,-0.549,-0.680,+0.6608258197,-0.1383218406
T_B,GM,1,200,1.083,-1.564,0.000,+0.6073477777,+0.5910683888
T_B,LO,1,200,1.620,-1.933,-0.786,+0.6536508893,-3.2590021786
T_B,GM,1,500,1.281,-1.829,0.000,+0.6275352520,+0.6395629637
T_B,LO,1,500,1.620,-1.933,-0.786,+0.6536508893,-3.2590021786
T_B,GM,2,200,1.079,-1.593,0.000,+0.5892074268,+0.6048345004
T_B,LO,2,200,1.463,-1.880,-0.169,+0.6629119198,+0.6272171310
T_B,GM,2,500,0.664,-0.864,0.000,+0.6239747960,-24.8512819712
T_B,LO,2,500,1.217,-1.513,-0.184,+0.6833112707,+0.4557927454
T_B,GM,3,200,1.188,-1.779,0.000,+0.5855367651,+0.3033345413
T_B,LO,3,200,0.816,-0.767,-0.512,+0.7013493652,+0.6791164281
T_B,GM,3,500,0.905,-1.278,0.000,+0.6094462826,-0.8212854234
T_B,LO,3,500,0.816,-0.767,-0.512,+0.7013493652,+0.6791164281
T_B,GM,4,200,1.308,-1.852,0.000,+0.6322185357,+0.6457303086
T_B,LO,4,200,0.755,-0.780,-0.396,+0.6996840275,+0.6014426742
T_B,GM,4,500,0.698,-0.930,0.000,+0.6235092755,-15.0160960019
T_B,LO,4,500,0.755,-0.780,-0.396,+0.6996840275,+0.6014426742
T_B,GM,5,200,0.925,-1.251,0.000,+0.6291090342,-3.4442899133
T_B,LO,5,200,1.281,-1.598,-1.051,+0.5751334802,-5.9881859519
T_B,GM,5,500,1.348,-1.837,0.000,+0.6290328021,+0.4413540570
T_B,LO,5,500,0.874,-1.084,-0.552,+0.5922943595,-2.0597807011
T_B,GM,6,200,0.901,-1.258,0.000,+0.6162080627,-1.4810720072
T_B,LO,6,200,0.991,-1.147,-0.857,+0.5863530833,-4.2064502743
T_B,GM,6,500,0.995,-1.355,0.000,+0.6302682674,-1.7903440732
T_B,LO,6,500,1.481,-1.936,-0.375,+0.6848830748,-0.7665440957
T_B,GM,7,200,0.854,-1.181,0.000,+0.6182103998,-2.9380434574
T_B,LO,7,200,0.469,-0.375,-0.330,+0.7121876084,-5.9709591589
T_B,GM,7,500,1.407,-1.987,0.000,+0.6359560651,+0.6232048214
T_B,LO,7,500,0.469,-0.375,-0.330,+0.7121876084,-5.9709591589
T_B,GM,8,200,1.241,-1.672,0.000,+0.6263238975,-0.1267671121
T_B,LO,8,200,0.987,-1.077,-0.401,+0.7095366518,+0.7065525230
T_B,GM,8,500,1.011,-1.417,0.000,+0.6214003923,-0.2512185040
T_B,LO,8,500,0.273,-0.247,-0.132,+0.7213681160,-107.0679775618
T_B,GM,9,200,1.132,-1.574,0.000,+0.6307723021,+0.1505931335
T_B,LO,9,200,0.720,-0.548,-0.453,+0.6874621503,-0.6674272662
T_B,GM,9,500,1.397,-1.944,0.000,+0.6357912897,+0.6363134582
T_B,LO,9,500,0.981,-1.058,-0.279,+0.6910573645,-0.8626881746
T_B,GM,10,200,1.200,-1.624,0.000,+0.6300660618,-0.2363367450
T_B,LO,10,200,1.309,-1.654,-0.433,+0.6830910231,-0.7047974345
T_B,GM,10,500,1.321,-1.972,0.000,+0.5986579740,+0.0681150876
T_B,LO,10,500,1.309,-1.654,-0.433,+0.6830910231,-0.7047974345
T_B,GM,11,200,0.866,-1.187,0.000,+0.6230377451,-3.4749994153
T_B,LO,11,200,-1.567,1.503,-0.515,+0.5123028582,-3.9826588068
T_B,GM,11,500,1.268,-1.765,0.000,+0.6345753923,+0.5326405658
T_B,LO,11,500,1.288,-1.619,-0.444,+0.6820826282,-0.7325728707
T_B,GM,12,200,1.110,-1.512,0.000,+0.6323326285,-0.6176711440
T_B,LO,12,200,1.382,-1.849,-0.730,+0.6069875255,-4.4686776823
T_B,GM,12,500,0.981,-1.291,0.000,+0.6225262543,-4.5619060562
T_B,LO,12,500,-1.942,1.965,-0.275,+0.6647994087,+0.6696573739
T_B,GM,13,200,1.267,-1.773,0.000,+0.6338443271,+0.5789425703
T_B,LO,13,200,0.603,-0.380,-1.018,+0.5699798879,-3.6527896515
T_B,GM,13,500,1.339,-1.869,0.000,+0.6356385475,+0.6241352561
T_B,LO,13,500,-1.952,1.503,-0.783,+0.5444550073,-8.9683577284
T_B,GM,14,200,0.913,-1.240,0.000,+0.6280487653,-3.3194159936
T_B,LO,14,200,-1.989,1.704,-0.527,+0.5750706632,-6.5530361489
T_B,GM,14,500,1.120,-1.566,0.000,+0.6284728026,+0.2308168286
T_B,LO,14,500,0.976,-1.111,-0.398,+0.6999481255,+0.6246310053
T_B,GM,15,200,0.855,-1.166,0.000,+0.6243362054,-4.2198951140
T_B,LO,15,200,1.429,-1.903,-0.139,+0.6731197300,+0.6074576501
T_B,GM,15,500,1.300,-1.830,0.000,+0.6335951430,+0.6357785203
T_B,LO,15,500,1.429,-1.903,-0.139,+0.6731197300,+0.6074576501
T_B,GM,16,200,1.026,-1.432,0.000,+0.6243352666,-0.2998955500
T_B,LO,16,200,0.592,-0.638,-0.176,+0.7264201177,-15.7841433727
T_B,GM,16,500,1.347,-1.841,0.000,+0.6306646708,+0.4714900658
T_B,LO,16,500,0.592,-0.638,-0.176,+0.7264201177,-15.7841433727
T_B,GM,17,200,1.273,-1.839,0.000,+0.6204575613,+0.5906899494
T_B,LO,17,200,1.368,-1.487,-0.558,+0.6555800593,-0.5123755538
T_B,GM,17,500,0.763,-1.015,0.000,+0.6261622688,-11.2028162555
T_B,LO,17,500,1.237,-1.821,-0.573,+0.5469377774,-4.8716214752
T_B,GM,18,200,1.291,-1.727,0.000,+0.6175860449,-0.0262951583
T_B,LO,18,200,1.069,-1.179,-0.809,+0.6316698337,-3.0422595702
T_B,GM,18,500,1.281,-1.807,0.000,+0.6323539246,+0.6339505545
T_B,LO,18,500,1.069,-1.179,-0.809,+0.6316698337,-3.0422595702
T_B,GM,19,200,1.177,-1.607,0.000,+0.6328875947,-0.1160393003
T_B,LO,19,200,0.259,-0.153,-0.241,+0.6847763635,-34.7452514060
T_B,GM,19,500,1.425,-1.989,0.000,+0.6362228331,+0.6399392578
T_B,LO,19,500,0.259,-0.153,-0.241,+0.6847763635,-34.7452514060
T_B,GM,20,200,1.215,-1.722,0.000,+0.6275798259,+0.6118349519
T_B,LO,20,200,1.249,-1.568,-0.277,+0.6961207928,+0.5972600233
T_B,GM,20,500,1.049,-1.460,0.000,+0.6267521854,-0.2481593004
T_B,LO,20,500,1.249,-1.568,-0.277,+0.6961207928,+0.5972600233
T_B,GM,21,200,1.176,-1.630,0.000,+0.6328875591,+0.2455422557
T_B,LO,21,200,1.127,-1.264,-0.520,+0.6935936035,-0.1185189255
T_B,GM,21,500,1.177,-1.624,0.000,+0.6333887661,+0.1506976897
T_B,LO,21,500,1.127,-1.264,-0.520,+0.6935936035,-0.1185189255
T_B,GM,22,200,1.433,-1.922,0.000,+0.6082190172,+0.4589098088
T_B,LO,22,200,0.395,-0.428,-0.088,+0.7246271655,-99.9365216431
T_B,GM,22,500,1.169,-1.586,0.000,+0.6314994939,-0.3488303641
T_B,LO,22,500,0.395,-0.428,-0.088,+0.7246271655,-99.9365216431
T_B,GM,23,200,1.362,-1.801,0.000,+0.5955285467,+0.1289248272
T_B,LO,23,200,1.487,-1.958,-0.659,+0.6422200645,-3.5324716154
T_B,GM,23,500,1.272,-1.717,0.000,+0.6261931095,+0.0606229206
T_B,LO,23,500,1.151,-1.508,-0.194,+0.6812022477,+0.6757703102
T_B,GM,24,200,0.750,-1.009,0.000,+0.6233960638,-9.8410679662
T_B,LO,24,200,-1.907,1.842,-0.260,+0.6341438827,-0.1935867559
T_B,GM,24,500,1.386,-1.924,0.000,+0.6353938343,+0.6258945977
T_B,LO,24,500,1.025,-1.165,-0.797,+0.6136741904,-3.3552789450
T_B,GM,25,200,0.397,-0.498,0.000,+0.6163668308,-153.6315032053
T_B,LO,25,200,1.482,-1.936,-0.411,+0.6820236175,-1.0862152851
T_B,GM,25,500,1.271,-1.832,0.000,+0.6217324182,+0.6062510406
T_B,LO,25,500,1.482,-1.936,-0.411,+0.6820236175,-1.0862152851
T_B,GM,26,200,1.278,-1.933,0.000,+0.5834759073,-0.0941617922
T_B,LO,26,200,1.100,-1.375,-0.954,+0.5594176728,-5.6104128047
T_B,GM,26,500,1.181,-1.611,0.000,+0.6327239616,-0.1202677077
T_B,LO,26,500,1.100,-1.375,-0.954,+0.5594176728,-5.6104128047
T_B,GM,27,200,0.529,-0.752,0.000,+0.5710635038,-13.6812971718
T_B,LO,27,200,1.549,-1.963,-0.478,+0.6839535163,-1.2498596353
T_B,GM,27,500,1.415,-1.952,0.000,+0.6331183231,+0.6154855824
T_B,LO,27,500,1.549,-1.963,-0.478,+0.6839535163,-1.2498596353
T_B,GM,28,200,0.879,-1.261,0.000,+0.5959016943,-0.3884874398
T_B,LO,28,200,0.850,-0.737,-0.617,+0.6888908244,+0.3644619074
T_B,GM,28,500,1.284,-1.802,0.000,+0.6337758890,+0.6140265405
T_B,LO,28,500,1.000,-1.233,-0.128,+0.6846121440,-1.9526489798
T_B,GM,29,200,0.654,-0.862,0.000,+0.6237214563,-21.8919584916
T_B,LO,29,200,1.018,-1.383,-0.618,+0.5585092934,-3.9607408800
T_B,GM,29,500,1.121,-1.562,0.000,+0.6297062453,+0.1559729492
T_B,LO,29,500,0.538,-0.611,-0.273,+0.6316822780,-0.0735217954
T_B,GM,30,200,1.120,-1.594,0.000,+0.6198190742,+0.5211814615
T_B,LO,30,200,0.512,-0.597,-0.064,+0.6934992090,-60.8304683649
T_B,GM,30,500,0.970,-1.310,0.000,+0.6302272624,-2.7260726907
T_B,LO,30,500,0.512,-0.597,-0.064,+0.6934992090,-60.8304683649
T_B,GM,31,200,0.827,-1.193,0.000,+0.5870223479,-0.6602093629
T_B,LO,31,200,1.242,-1.513,-0.466,+0.6874668459,-0.5015764482
T_B,GM,31,500,1.061,-1.546,0.000,+0.5986763361,+0.6127768270
T_B,LO,31,500,1.242,-1.513,-0.466,+0.6874668459,-0.5015764482
T_B,GM,32,200,1.211,-1.730,0.000,+0.6233214914,+0.6380339680
T_B,LO,32,200,-1.175,1.202,-0.039,+0.7880707690,-4226.5717015756
T_B,GM,32,500,1.329,-1.945,0.000,+0.6152580986,+0.3856159239
T_B,LO,32,500,-1.175,1.202,-0.039,+0.7880707690,-4226.5717015756
T_B,GM,33,200,1.204,-1.702,0.000,+0.6281664648,+0.5839964461
T_B,LO,33,200,1.136,-1.698,-0.548,+0.5284957739,-4.8678036076
T_B,GM,33,500,0.986,-1.354,0.000,+0.6283002551,-1.4083006796
T_B,LO,33,500,1.086,-1.218,-0.526,+0.6900590216,-0.1954249373
T_B,GM,34,200,1.208,-1.699,0.000,+0.6303416588,+0.5450287259
T_B,LO,34,200,0.967,-0.964,-0.469,+0.7027060563,+0.6999896804
T_B,GM,34,500,0.605,-0.812,0.000,+0.6157438030,-21.5334237884
T_B,LO,34,500,0.516,-0.505,-0.343,+0.6576276273,-0.1896314844
T_B,GM,35,200,1.284,-1.957,0.000,+0.5767528333,-0.2780120476
T_B,LO,35,200,0.764,-0.494,-0.833,+0.6512793866,-0.8549918080
T_B,GM,35,500,1.357,-1.932,0.000,+0.6322919897,+0.6166552489
T_B,LO,35,500,-1.776,1.594,-0.331,+0.5880163822,-3.0067193832
T_B,GM,36,200,1.133,-1.666,0.000,+0.5969837060,+0.5884374238
T_B,LO,36,200,0.437,-0.298,-0.487,+0.6379064112,+0.5746822075
T_B,GM,36,500,1.240,-1.750,0.000,+0.6305131683,+0.6094015180
T_B,LO,36,500,1.298,-1.565,-0.514,+0.6866772817,-0.8277149922
T_B,GM,37,200,1.001,-1.419,0.000,+0.6141121414,+0.0450925326
T_B,LO,37,200,0.972,-1.063,-0.451,+0.7008518050,+0.5475237290
T_B,GM,37,500,0.964,-1.339,0.000,+0.6229640373,-1.0331577818
T_B,LO,37,500,0.972,-1.063,-0.451,+0.7008518050,+0.5475237290
T_B,GM,38,200,1.013,-1.654,0.000,+0.4974755327,-0.8378976695
T_B,LO,38,200,1.295,-1.842,-0.301,+0.6206083042,-1.6583874180
T_B,GM,38,500,1.348,-1.892,0.000,+0.6354323262,+0.6428050790
T_B,LO,38,500,0.396,-0.360,-0.202,+0.7254736513,-30.2460353360
T_B,GM,39,200,1.314,-1.809,0.000,+0.6340187885,+0.4911899324
T_B,LO,39,200,1.476,-1.972,-0.361,+0.6769500412,-1.0278347470
T_B,GM,39,500,0.955,-1.262,0.000,+0.6256487858,-4.8491022836
T_B,LO,39,500,1.476,-1.972,-0.361,+0.6769500412,-1.0278347470
T_B,GM,40,200,1.095,-1.482,0.000,+0.6314107584,-1.0101559998
T_B,LO,40,200,1.318,-1.738,-0.167,+0.6813926393,+0.6519356651
T_B,GM,40,500,1.141,-1.556,0.000,+0.6326386676,-0.3603377730
T_B,LO,40,500,0.838,-0.828,-0.498,+0.6985846636,+0.6314273413
T_B,GM,41,200,1.278,-1.908,0.000,+0.5952913527,+0.1610972975
T_B,LO,41,200,0.890,-0.840,-0.427,+0.6997571511,+0.3347046402
T_B,GM,41,500,1.320,-1.927,0.000,+0.6164540203,+0.4327603063
T_B,LO,41,500,0.890,-0.840,-0.427,+0.6997571511,+0.3347046402
T_B,GM,42,200,1.345,-1.927,0.000,+0.6291460197,+0.5887137221
T_B,LO,42,200,-1.614,1.610,-0.177,+0.6623566329,-2.4934595716
T_B,GM,42,500,1.323,-1.793,0.000,+0.6265675683,+0.3093890623
T_B,LO,42,500,1.384,-1.839,-0.201,+0.6825322456,+0.4194895606
T_B,GM,43,200,1.103,-1.547,0.000,+0.6263776479,+0.2349193234
T_B,LO,43,200,0.497,-0.393,-0.402,+0.6875198373,-0.8603620236
T_B,GM,43,500,1.048,-1.441,0.000,+0.6303567674,-0.7279022392
T_B,LO,43,500,0.497,-0.393,-0.402,+0.6875198373,-0.8603620236
T_B,GM,44,200,0.638,-0.840,0.000,+0.6233032630,-24.0377640143
T_B,LO,44,200,0.868,-1.268,-0.196,+0.5608325239,-0.3116945793
T_B,GM,44,500,1.259,-1.703,0.000,+0.6280306654,+0.0471285173
T_B,LO,44,500,0.936,-0.898,-0.464,+0.6985598926,+0.6627341162
T_B,GM,45,200,0.618,-0.833,0.000,+0.6146815068,-18.8458613370
T_B,LO,45,200,1.092,-1.362,-0.763,+0.5921748722,-4.0415274626
T_B,GM,45,500,1.372,-1.873,0.000,+0.6291592614,+0.5027867017
T_B,LO,45,500,1.092,-1.362,-0.763,+0.5921748722,-4.0415274626
T_B,GM,46,200,0.912,-1.252,0.000,+0.6249263838,-2.4680734696
T_B,LO,46,200,1.212,-1.533,-0.651,+0.6288235466,-3.0170926207
T_B,GM,46,500,1.197,-1.670,0.000,+0.6322792234,+0.4231162083
T_B,LO,46,500,1.350,-1.687,-0.396,+0.6924582021,-0.2150395785
T_B,GM,47,200,0.740,-0.967,0.000,+0.6249206325,-16.4105670789
T_B,LO,47,200,1.006,-1.448,-0.506,+0.5405380617,-3.7785058031
T_B,GM,47,500,1.160,-1.618,0.000,+0.6309898931,+0.3175678597
T_B,LO,47,500,1.006,-1.448,-0.506,+0.5405380617,-3.7785058031
T_B,GM,48,200,1.088,-1.553,0.000,+0.6158456430,+0.4915069363
T_B,LO,48,200,-1.670,1.621,-0.128,+0.6375811333,-1.5946992756
T_B,GM,48,500,1.164,-1.568,0.000,+0.6289175929,-0.6166173668
T_B,LO,48,500,0.781,-0.843,-0.248,+0.7232192904,-3.4329418066
T_B,GM,49,200,1.132,-1.498,0.000,+0.6185294883,-1.6017635920
T_B,LO,49,200,-1.619,0.457,-1.285,+0.5079802784,-11.6225125006
T_B,GM,49,500,1.317,-1.813,0.000,+0.6339749511,+0.4956220367
T_B,LO,49,500,-1.922,1.691,-0.466,+0.5794382393,-5.4363996261
T_B,GM,50,200,1.325,-1.828,0.000,+0.6344318903,+0.5304149951
T_B,LO,50,200,1.203,-1.394,-0.629,+0.6722655023,-1.5357351047
T_B,GM,50,500,1.313,-1.826,0.000,+0.6353152218,+0.5826272332
T_B,LO,50,500,1.203,-1.394,-0.629,+0.6722655023,-1.5357351047
T_B,GM,51,200,1.014,-1.509,0.000,+0.5768985913,+0.6063113981
T_B,LO,51,200,1.154,-1.225,-0.715,+0.6714678231,-1.5371783678
T_B,GM,51,500,1.341,-1.930,0.000,+0.6266649329,+0.5579295668
T_B,LO,51,500,-0.479,0.418,0.090,+0.7995249930,-1468.9151952190
T_B,GM,52,200,1.218,-1.669,0.000,+0.6334707403,+0.1563784714
T_B,LO,52,200,1.267,-1.994,-0.282,+0.5317122051,-3.7778023192
T_B,GM,52,500,1.318,-1.827,0.000,+0.6351775269,+0.5630854443
T_B,LO,52,500,1.218,-1.669,-0.081,+0.6583137241,+0.6631506836
T_B,GM,53,200,0.859,-1.154,0.000,+0.6279575901,-5.7699727112
T_B,LO,53,200,0.536,-0.245,-0.710,+0.6522399029,+0.3271518600
T_B,GM,53,500,1.294,-1.788,0.000,+0.6347445864,+0.4967443277
T_B,LO,53,500,1.477,-1.855,-0.705,+0.6559089805,-3.1788960513
T_B,GM,54,200,1.273,-1.759,0.000,+0.6346521033,+0.4570628296
T_B,LO,54,200,0.647,-0.588,-0.455,+0.6889297171,+0.6166843227
T_B,GM,54,500,0.983,-1.316,0.000,+0.6294894795,-3.1542478154
T_B,LO,54,500,0.647,-0.588,-0.455,+0.6889297171,+0.6166843227
T_B,GM,55,200,1.103,-1.522,0.000,+0.6314845619,-0.2061522991
T_B,LO,55,200,0.962,-1.320,-0.030,+0.6371202830,-0.6972076885
T_B,GM,55,500,1.200,-1.601,0.000,+0.6212396627,-0.6516166953
T_B,LO,55,500,1.555,-1.960,-0.649,+0.6674538213,-2.7086991771
T_B,GM,56,200,1.281,-1.922,0.000,+0.5910908192,+0.0613757892
T_B,LO,56,200,-1.224,1.224,-0.048,+0.6894241764,-357.6429750086
T_B,GM,56,500,1.245,-1.733,0.000,+0.6340723576,+0.4939229495
T_B,LO,56,500,-1.224,1.224,-0.048,+0.6894241764,-357.6429750086
T_B,GM,57,200,1.323,-1.782,0.000,+0.6217950638,+0.2187698548
T_B,LO,57,200,1.467,-1.903,-0.524,+0.6698840955,-2.0356815868
T_B,GM,57,500,1.149,-1.584,0.000,+0.6328602459,+0.0087120564
T_B,LO,57,500,1.467,-1.903,-0.524,+0.6698840955,-2.0356815868
T_B,GM,58,200,-0.763,0.799,0.000,+0.5731634932,-1244.4222253424
T_B,LO,58,200,1.033,-1.471,-0.497,+0.5523142351,-3.5272596769
T_B,GM,58,500,1.037,-1.410,0.000,+0.6313337925,-1.3744516436
T_B,LO,58,500,0.800,-0.865,-0.224,+0.7175952882,-5.2026656043
T_B,GM,59,200,1.077,-1.441,0.000,+0.6280948213,-1.7584465838
T_B,LO,59,200,1.167,-1.527,-0.056,+0.6525161399,-0.4412903540
T_B,GM,59,500,1.285,-1.789,0.000,+0.6348838301,+0.5584743642
T_B,LO,59,500,0.625,-0.699,-0.086,+0.6754804875,-43.2174203102
T_B,GM,60,200,1.286,-1.758,0.000,+0.6322422690,+0.3348760172
T_B,LO,60,200,0.932,-1.066,-0.540,+0.6525682715,-0.7614346786
T_B,GM,60,500,1.342,-1.954,0.000,+0.6196989181,+0.4340415258
T_B,LO,60,500,0.932,-1.066,-0.540,+0.6525682715,-0.7614346786
T_B,GM,61,200,1.234,-1.782,0.000,+0.6181708137,+0.6192690858
T_B,LO,61,200,0.446,-0.494,-0.201,+0.6497988411,-6.2315787566
T_B,GM,61,500,1.327,-1.877,0.000,+0.6332498817,+0.6452370891
T_B,LO,61,500,0.446,-0.494,-0.201,+0.6497988411,-6.2315787566
T_B,GM,62,200,0.533,-0.744,0.000,+0.5852177314,-17.8371602003
T_B,LO,62,200,-0.855,0.872,0.053,+0.5533472889,-428.2898497354
T_B,GM,62,500,1.382,-1.992,0.000,+0.6280518672,+0.4987762333
T_B,LO,62,500,1.353,-1.947,-0.016,+0.6302017107,+0.4863804564
T_B,GM,63,200,1.032,-1.395,0.000,+0.6310531077,-1.7584293329
T_B,LO,63,200,-1.450,-0.467,-1.021,+0.5219740481,-12.1017970775
T_B,GM,63,500,1.051,-1.501,0.000,+0.6128485854,+0.4063376858
T_B,LO,63,500,1.032,-1.395,-0.454,+0.5943907615,-2.1615341123
T_B,GM,64,200,1.363,-1.921,0.000,+0.6351965014,+0.6436013561
T_B,LO,64,200,0.422,-0.382,-0.550,+0.5441511569,-0.6460267953
T_B,GM,64,500,1.097,-1.494,0.000,+0.6322019178,-0.7275610526
T_B,LO,64,500,0.422,-0.382,-0.550,+0.5441511569,-0.6460267953
T_B,GM,65,200,1.488,-1.977,0.000,+0.5866275035,+0.4962837678
T_B,LO,65,200,-1.557,1.640,-0.421,+0.5234011919,-0.3378031587
T_B,GM,65,500,0.947,-1.277,0.000,+0.6298237136,-3.2587432995
T_B,LO,65,500,0.752,-0.638,-0.640,+0.6733589387,+0.0814817947
T_B,GM,66,200,1.105,-1.521,0.000,+0.6319341139,-0.2752081505
T_B,LO,66,200,0.661,-0.445,-0.637,+0.6801979519,+0.5828710726
T_B,GM,66,500,1.146,-1.595,0.000,+0.6310482909,+0.2264105360
T_B,LO,66,500,0.661,-0.445,-0.637,+0.6801979519,+0.5828710726
T_B,GM,67,200,1.019,-1.440,0.000,+0.6173213654,+0.0519335895
T_B,LO,67,200,-1.744,0.850,-1.210,+0.5111538872,-11.1754087648
T_B,GM,67,500,1.323,-1.860,0.000,+0.6345650073,+0.6403587006
T_B,LO,67,500,1.326,-1.867,0.036,+0.6195620789,+0.5580473196
T_B,GM,68,200,1.074,-1.431,0.000,+0.6261770191,-2.0180138122
T_B,LO,68,200,-1.908,1.369,-0.973,+0.5274321164,-9.9366630703
T_B,GM,68,500,1.327,-1.840,0.000,+0.6352431555,+0.5756727366
T_B,LO,68,500,0.326,-0.343,-0.202,+0.6067791039,-8.1683083570
T_B,GM,69,200,1.119,-1.525,0.000,+0.6324423063,-0.5327314860
T_B,LO,69,200,1.492,-1.894,-0.441,+0.6869161361,-0.9078466460
T_B,GM,69,500,1.347,-1.928,0.000,+0.6296880289,+0.5935347175
T_B,LO,69,500,0.967,-1.169,-0.232,+0.7033245539,+0.2301275500
T_B,GM,70,200,1.308,-1.859,0.000,+0.6308589516,+0.6424182666
T_B,LO,70,200,0.964,-1.124,-0.479,+0.6668615009,-0.2582857937
T_B,GM,70,500,0.949,-1.271,0.000,+0.6294983703,-3.7937957221
T_B,LO,70,500,0.281,-0.245,-0.094,+0.7520801514,-388.4818709917
T_B,GM,71,200,0.824,-1.163,0.000,+0.6033173512,-1.9177320149
T_B,LO,71,200,1.430,-1.661,-0.823,+0.6535877561,-3.2715816520
T_B,GM,71,500,1.225,-1.704,0.000,+0.6336685610,+0.4445672282
T_B,LO,71,500,1.430,-1.661,-0.823,+0.6535877561,-3.2715816520
T_B,GM,72,200,0.931,-1.379,0.000,+0.5739934401,+0.5479930973
T_B,LO,72,200,-1.945,1.104,-1.100,+0.5298618392,-10.9283443723
T_B,GM,72,500,1.386,-1.910,0.000,+0.6333221463,+0.5911671240
T_B,LO,72,500,-1.885,1.956,-0.375,+0.6468261326,+0.3052315848
T_B,GM,73,200,0.961,-1.317,0.000,+0.6278002836,-1.8461156766
T_B,LO,73,200,1.182,-1.449,-0.721,+0.6262091512,-3.2746573404
T_B,GM,73,500,1.286,-1.785,0.000,+0.6349727201,+0.5315947930
T_B,LO,73,500,1.404,-1.634,-0.665,+0.6737186281,-1.8651141815
T_B,GM,74,200,0.651,-0.887,0.000,+0.6115873900,-13.2631302835
T_B,LO,74,200,0.539,-0.614,-0.286,+0.6236870541,+0.2522641802
T_B,GM,74,500,1.236,-1.742,0.000,+0.6308210679,+0.5973330387
T_B,LO,74,500,1.316,-1.673,-0.339,+0.6917090721,+0.0560435417
T_B,GM,75,200,1.384,-1.945,0.000,+0.6360273831,+0.6427240403
T_B,LO,75,200,1.138,-1.714,-0.144,+0.5708193383,-1.0193807063
T_B,GM,75,500,1.055,-1.446,0.000,+0.6311236986,-0.8081348642
T_B,LO,75,500,0.272,-0.173,-0.207,+0.7272567478,-70.1990811490
T_B,GM,76,200,1.058,-1.500,0.000,+0.6180098027,+0.2971428655
T_B,LO,76,200,1.272,-1.657,-0.400,+0.6687888246,-0.8824484853
T_B,GM,76,500,1.406,-1.931,0.000,+0.6313120105,+0.5880257806
T_B,LO,76,500,1.272,-1.657,-0.400,+0.6687888246,-0.8824484853
T_B,GM,77,200,1.150,-1.582,0.000,+0.6330301452,-0.0443107340
T_B,LO,77,200,1.205,-1.637,-0.506,+0.6097553545,-2.7971757036
T_B,GM,77,500,1.046,-1.436,0.000,+0.6305912273,-0.8140497878
T_B,LO,77,500,0.884,-0.910,-0.434,+0.7096069413,+0.7006370047
T_B,GM,78,200,1.323,-1.880,0.000,+0.6315735508,+0.6389845031
T_B,LO,78,200,1.012,-1.204,-0.577,+0.6408819608,-1.5725357527
T_B,GM,78,500,0.829,-1.102,0.000,+0.6276578172,-8.2135286720
T_B,LO,78,500,0.667,-0.844,-0.069,+0.6700203882,-12.3867155084
T_B,GM,79,200,1.337,-1.918,0.000,+0.6281248426,+0.5864516450
T_B,LO,79,200,-1.608,0.666,-0.954,+0.5156116279,-10.7615068113
T_B,GM,79,500,1.433,-1.996,0.000,+0.6358375178,+0.6390084966
T_B,LO,79,500,1.147,-1.189,-0.638,+0.6818707599,-0.5924086898
T_B,GM,80,200,1.248,-1.823,0.000,+0.6110099056,+0.5229839280
T_B,LO,80,200,1.438,-1.698,-0.973,+0.6274802271,-4.6554310151
T_B,GM,80,500,1.201,-1.633,0.000,+0.6317666761,-0.1039808133
T_B,LO,80,500,1.438,-1.698,-0.973,+0.6274802271,-4.6554310151
T_B,GM,81,200,1.251,-1.759,0.000,+0.6321748888,+0.5965460219
T_B,LO,81,200,1.148,-1.728,-0.006,+0.5779390049,+0.2691617477
T_B,GM,81,500,1.383,-1.967,0.000,+0.6336347190,+0.6051236269
T_B,LO,81,500,1.361,-1.927,-0.193,+0.6448837993,-0.5416280004
T_B,GM,82,200,0.820,-1.127,0.000,+0.6190522837,-4.2982542159
T_B,LO,82,200,0.599,-0.524,-0.446,+0.6858385315,+0.4851024799
T_B,GM,82,500,0.995,-1.363,0.000,+0.6292632173,-1.4428068051
T_B,LO,82,500,0.590,-0.534,-0.329,+0.7249894104,-3.7923786816
T_B,GM,83,200,1.244,-1.770,0.000,+0.6272710948,+0.6410542474
T_B,LO,83,200,-1.987,1.860,-0.561,+0.5797914005,-5.3680211796
T_B,GM,83,500,1.349,-1.859,0.000,+0.6339171985,+0.5528123860
T_B,LO,83,500,0.841,-0.896,-0.224,+0.7005170511,-5.4081927397
T_B,GM,84,200,0.680,-1.056,0.000,+0.5151864385,+0.2273267880
T_B,LO,84,200,1.389,-1.758,-0.327,+0.6927157648,+0.1466726611
T_B,GM,84,500,1.332,-1.916,0.000,+0.6264670048,+0.5709052703
T_B,LO,84,500,1.389,-1.758,-0.327,+0.6927157648,+0.1466726611
T_B,GM,85,200,1.085,-1.515,0.000,+0.6272930363,+0.0499819758
T_B,LO,85,200,-1.992,0.932,-1.485,+0.5199195272,-11.7950897705
T_B,GM,85,500,1.376,-1.928,0.000,+0.6360666000,+0.6436182347
T_B,LO,85,500,1.374,-1.660,-0.884,+0.6296546525,-4.2756836159
T_B,GM,86,200,1.236,-1.814,0.000,+0.6064791035,+0.4889827026
T_B,LO,86,200,0.881,-1.302,-0.374,+0.5269691094,-2.6709110140
T_B,GM,86,500,1.384,-1.870,0.000,+0.6206379221,+0.4248487572
T_B,LO,86,500,0.787,-0.662,-0.527,+0.7010996835,+0.6813390769
T_B,GM,87,200,1.360,-1.914,0.000,+0.6353525228,+0.6448737677
T_B,LO,87,200,0.760,-0.787,-0.252,+0.7232152124,-5.4261083712
T_B,GM,87,500,1.083,-1.498,0.000,+0.6302674446,-0.2470277959
T_B,LO,87,500,0.760,-0.787,-0.252,+0.7232152124,-5.4261083712
T_B,GM,88,200,0.490,-0.643,0.000,+0.6170644436,-54.0867544510
T_B,LO,88,200,0.623,-0.674,-0.169,+0.7268511131,-16.8487982333
T_B,GM,88,500,1.412,-1.992,0.000,+0.6361971190,+0.6243739615
T_B,LO,88,500,0.623,-0.674,-0.169,+0.7268511131,-16.8487982333
T_B,GM,89,200,0.813,-1.089,0.000,+0.6269112541,-7.7439211225
T_B,LO,89,200,0.624,-0.717,-0.270,+0.6584851150,-0.0459709427
T_B,GM,89,500,1.268,-1.761,0.000,+0.6347076696,+0.5085353680
T_B,LO,89,500,1.144,-1.394,-0.343,+0.6982619681,+0.5166186240
T_B,GM,90,200,1.038,-1.507,0.000,+0.5997237762,+0.5691850491
T_B,LO,90,200,1.048,-1.203,-0.302,+0.7078098821,+0.5008393737
T_B,GM,90,500,1.370,-1.984,0.000,+0.6248060049,+0.4615555529
T_B,LO,90,500,1.048,-1.203,-0.302,+0.7078098821,+0.5008393737
T_B,GM,91,200,1.194,-1.676,0.000,+0.6304169171,+0.4994423497
T_B,LO,91,200,0.832,-0.749,-0.559,+0.6971154469,+0.5977951382
T_B,GM,91,500,1.154,-1.601,0.000,+0.6320726397,+0.1856187523
T_B,LO,91,500,1.411,-1.988,-0.116,+0.6548263781,+0.1307300771
T_B,GM,92,200,1.309,-1.833,0.000,+0.6348362329,+0.6204200472
T_B,LO,92,200,-1.628,1.545,-0.246,+0.6033272867,+0.1388403774
T_B,GM,92,500,1.273,-1.822,0.000,+0.6258719554,+0.6356967496
T_B,LO,92,500,0.821,-0.806,-0.388,+0.7181196682,+0.0057915054
T_B,GM,93,200,1.366,-1.935,0.000,+0.6341907184,+0.6321744645
T_B,LO,93,200,1.531,-1.967,-0.288,+0.6832227732,+0.0913155710
T_B,GM,93,500,1.409,-1.991,0.000,+0.6359160008,+0.6198086190
T_B,LO,93,500,1.534,-1.967,-0.346,+0.6870077305,-0.2910820137
T_B,GM,94,200,1.194,-1.663,0.000,+0.6325539641,+0.3891747406
T_B,LO,94,200,-1.833,1.687,-0.705,+0.5331510644,-6.8070133796
T_B,GM,94,500,1.334,-1.896,0.000,+0.6319629702,+0.6347046800
T_B,LO,94,500,-1.424,1.413,-0.102,+0.6673120455,-29.3282124849
T_B,GM,95,200,0.768,-1.010,0.000,+0.6260817882,-13.1182284638
T_B,LO,95,200,1.213,-1.843,-0.369,+0.5461571709,-3.7052211098
T_B,GM,95,500,0.840,-1.110,0.000,+0.6270844743,-8.6235467284
T_B,LO,95,500,1.124,-1.402,-0.225,+0.6972826238,+0.6405769655
T_B,GM,96,200,1.051,-1.510,0.000,+0.6086749255,+0.4907800302
T_B,LO,96,200,1.085,-1.676,-0.326,+0.5262575200,-3.3962393642
T_B,GM,96,500,1.110,-1.530,0.000,+0.6318757253,-0.2000648823
T_B,LO,96,500,0.938,-1.306,-0.531,+0.5456410223,-3.4749443570
T_B,GM,97,200,1.017,-1.408,0.000,+0.6271384535,-0.6901598843
T_B,LO,97,200,1.262,-1.616,-0.342,+0.6860496405,-0.0415584446
T_B,GM,97,500,1.385,-1.984,0.000,+0.6311004223,+0.5538954216
T_B,LO,97,500,1.262,-1.616,-0.342,+0.6860496405,-0.0415584446
T_B,GM,98,200,0.823,-1.088,0.000,+0.6271066506,-9.2951463288
T_B,LO,98,200,0.716,-0.468,-0.675,+0.6743856302,+0.4738123295
T_B,GM,98,500,1.357,-1.904,0.000,+0.6356528552,+0.6435685987
T_B,LO,98,500,1.391,-1.744,-0.703,+0.6487908196,-3.1963952172
T_B,GM,99,200,0.726,-0.920,0.000,+0.6076153225,-25.2359708687
T_B,LO,99,200,-1.322,1.406,-0.170,+0.5855280459,-52.5556408136
T_B,GM,99,500,1.393,-1.939,0.000,+0.6358384628,+0.6360858370
T_B,LO,99,500,-1.322,1.406,-0.170,+0.5855280459,-52.5556408136
dHvap,GM,0,200,0.626,-1.946,0.000,+0.8487517141,-2.0754548983
dHvap,LO,0,200,0.993,-1.653,-0.297,+0.9121120988,+0.1152795690
dHvap,GM,0,500,0.900,-1.726,0.000,+0.8640037810,+0.4040570524
dHvap,LO,0,500,1.036,-1.698,-0.482,+0.9185798619,-0.6011957270
dHvap,GM,1,200,1.030,-1.813,0.000,+0.8645990456,+0.6892955789
dHvap,LO,1,200,0.765,-1.286,-0.415,+0.9153054706,-0.0408395865
dHvap,GM,1,500,0.937,-1.708,0.000,+0.8645650340,+0.6595966298
dHvap,LO,1,500,0.765,-1.286,-0.415,+0.9153054706,-0.0408395865
dHvap,GM,2,200,0.990,-1.933,0.000,+0.8650522062,-0.0436509454
dHvap,LO,2,200,0.292,-0.279,-0.327,+0.9172320475,-3.9756970988
dHvap,GM,2,500,1.047,-1.988,0.000,+0.8665591299,+0.0347473375
dHvap,LO,2,500,-0.233,0.175,0.249,+0.9161499149,-99.1598362537
dHvap,GM,3,200,1.017,-1.821,0.000,+0.8653987964,+0.6049019876
dHvap,LO,3,200,-0.277,0.347,0.951,+0.9023125757,-17.5026036890
dHvap,GM,3,500,0.985,-1.848,0.000,+0.8656417659,+0.3270549426
dHvap,LO,3,500,-0.231,0.264,0.286,+0.9125828379,-54.3463579154
dHvap,GM,4,200,1.144,-1.954,0.000,+0.8629625756,+0.6856084802
dHvap,LO,4,200,0.490,-0.970,1.587,+0.8961867566,-16.4016298394
dHvap,GM,4,500,0.983,-1.861,0.000,+0.8655367945,+0.2563724405
dHvap,LO,4,500,-0.100,-0.063,1.085,+0.9030198695,-18.3768850005
dHvap,GM,5,200,0.826,-1.909,0.000,+0.8574082911,-0.9055861123
dHvap,LO,5,200,0.853,-1.241,-0.671,+0.9168866082,-0.4391936584
dHvap,GM,5,500,1.078,-1.860,0.000,+0.8634183714,+0.7260511040
dHvap,LO,5,500,0.747,-1.171,-0.646,+0.9155349813,-0.6425553001
dHvap,GM,6,200,0.921,-1.835,0.000,+0.8634659709,+0.0150527147
dHvap,LO,6,200,0.441,-0.691,1.696,+0.9006931021,-14.4920517901
dHvap,GM,6,500,0.999,-1.896,0.000,+0.8657729826,+0.1860847967
dHvap,LO,6,500,0.283,-0.299,-0.338,+0.9191269680,-1.7648634132
dHvap,GM,7,200,1.126,-1.949,0.000,+0.8645821251,+0.6279642725
dHvap,LO,7,200,0.387,-0.682,1.747,+0.9019287844,-14.3365340662
dHvap,GM,7,500,1.114,-1.932,0.000,+0.8646192361,+0.6356631546
dHvap,LO,7,500,0.658,-0.842,-0.403,+0.9165167818,+0.8617912170
dHvap,GM,8,200,0.903,-1.979,0.000,+0.8599273763,-0.7856210946
dHvap,LO,8,200,-0.287,0.233,0.383,+0.9115075614,-48.6785391349
dHvap,GM,8,500,0.825,-1.897,0.000,+0.8575669975,-0.8559412030
dHvap,LO,8,500,-0.287,0.233,0.383,+0.9115075614,-48.6785391349
dHvap,GM,9,200,1.076,-1.816,0.000,+0.8598592906,+0.8269041616
dHvap,LO,9,200,0.938,-1.645,-0.670,+0.9120197581,-1.6421387099
dHvap,GM,9,500,0.938,-1.708,0.000,+0.8645580501,+0.6639020199
dHvap,LO,9,500,1.133,-1.817,-0.373,+0.9163960417,-0.1139349245
dHvap,GM,10,200,0.809,-1.403,0.000,+0.8595114251,+0.8066430531
dHvap,LO,10,200,0.504,-1.001,-0.291,+0.9004456629,+0.3185669360
dHvap,GM,10,500,1.004,-1.904,0.000,+0.8658659695,+0.1777718009
dHvap,LO,10,500,0.554,-0.771,-0.570,+0.9168099929,+0.3935863031
dHvap,GM,11,200,0.908,-1.884,0.000,+0.8619723927,-0.3019992242
dHvap,LO,11,200,-0.340,0.213,0.693,+0.9026316450,-26.4878071249
dHvap,GM,11,500,0.886,-1.813,0.000,+0.8621605806,-0.0886112235
dHvap,LO,11,500,-0.340,0.213,0.693,+0.9026316450,-26.4878071249
dHvap,GM,12,200,0.998,-1.756,0.000,+0.8640120057,+0.7450066293
dHvap,LO,12,200,-0.004,-0.058,0.779,+0.9035231363,-22.9466442856
dHvap,GM,12,500,0.988,-1.982,0.000,+0.8641935697,-0.2927739548
dHvap,LO,12,500,-0.399,0.330,0.416,+0.9088848876,-44.3993129012
dHvap,GM,13,200,0.976,-1.892,0.000,+0.8650140830,+0.0694526962
dHvap,LO,13,200,0.224,-0.753,1.991,+0.8987485686,-13.8066910391
dHvap,GM,13,500,1.032,-1.751,0.000,+0.8602348255,+0.8472204009
dHvap,LO,13,500,0.976,-1.892,-0.621,+0.9052313127,-2.1802171825
dHvap,GM,14,200,0.830,-1.634,0.000,+0.8624235969,+0.4324780032
dHvap,LO,14,200,0.240,-0.724,1.759,+0.8996405482,-14.8751709445
dHvap,GM,14,500,1.023,-1.948,0.000,+0.8661197281,+0.0820172143
dHvap,LO,14,500,0.875,-1.308,-0.715,+0.9157670103,-0.7915622310
dHvap,GM,15,200,1.017,-1.755,0.000,+0.8624543557,+0.8069284454
dHvap,LO,15,200,0.987,-1.947,-0.646,+0.9036804870,-2.3803488123
dHvap,GM,15,500,1.032,-1.983,0.000,+0.8660941325,-0.0312705282
dHvap,LO,15,500,0.234,-0.255,-0.295,+0.9193029825,-3.5748891301
dHvap,GM,16,200,0.876,-1.537,0.000,+0.8616628064,+0.8760943603
dHvap,LO,16,200,-1.437,1.514,-0.265,+0.8925734598,-9.5282780562
dHvap,GM,16,500,0.923,-1.974,0.000,+0.8610420937,-0.6447618829
dHvap,LO,16,500,0.070,-0.293,1.473,+0.9025677048,-15.2889942017
dHvap,GM,17,200,1.005,-1.767,0.000,+0.8640771960,+0.7377291525
dHvap,LO,17,200,-0.287,0.445,0.946,+0.9007217517,-16.8063835248
dHvap,GM,17,500,1.011,-1.830,0.000,+0.8657018382,+0.5415189097
dHvap,LO,17,500,0.769,-1.340,-0.363,+0.9117412881,-0.0437615369
dHvap,GM,18,200,1.002,-1.965,0.000,+0.8651129926,-0.1256718983
dHvap,LO,18,200,0.594,-0.656,1.928,+0.8943645662,-13.1245598578
dHvap,GM,18,500,0.980,-1.882,0.000,+0.8652737172,+0.1407166678
dHvap,LO,18,500,1.025,-1.423,-0.502,+0.9093370400,+0.4494313294
dHvap,GM,19,200,0.990,-1.905,0.000,+0.8653948339,+0.0906226056
dHvap,LO,19,200,-0.021,0.033,0.723,+0.9033161331,-22.8627530311
dHvap,GM,19,500,1.072,-1.836,0.000,+0.8623145234,+0.7723937379
dHvap,LO,19,500,-0.021,0.033,0.723,+0.9033161331,-22.8627530311
dHvap,GM,20,200,0.980,-1.762,0.000,+0.8649128388,+0.6544496626
dHvap,LO,20,200,0.126,-0.430,1.986,+0.8998628047,-13.0830956582
dHvap,GM,20,500,0.889,-1.747,0.000,+0.8633581663,+0.2465219785
dHvap,LO,20,500,0.248,-0.265,-0.349,+0.9169699632,-1.0956797778
dHvap,GM,21,200,0.929,-1.999,0.000,+0.8608749368,-0.7270477220
dHvap,LO,21,200,0.847,-1.477,-0.575,+0.9129886068,-1.1101364074
dHvap,GM,21,500,0.953,-1.906,0.000,+0.8638052973,-0.1364545685
dHvap,LO,21,500,0.736,-1.009,-0.492,+0.9196951341,+0.6730221303
dHvap,GM,22,200,1.114,-1.994,0.000,+0.8671070781,+0.3910865582
dHvap,LO,22,200,-0.635,0.617,0.313,+0.9063105829,-53.3130774819
dHvap,GM,22,500,0.632,-1.935,0.000,+0.8491387963,-2.0081632041
dHvap,LO,22,500,0.731,-1.163,-0.356,+0.9177181923,+0.5755353090
dHvap,GM,23,200,0.946,-1.763,0.000,+0.8649819234,+0.4882026216
dHvap,LO,23,200,0.999,-1.615,-0.876,+0.9102569357,-1.9139266525
dHvap,GM,23,500,1.043,-1.968,0.000,+0.8665763916,+0.1057997746
dHvap,LO,23,500,-0.424,0.342,0.324,+0.9106873471,-67.6355669082
dHvap,GM,24,200,1.119,-1.988,0.000,+0.8667912229,+0.4429887259
dHvap,LO,24,200,0.927,-1.344,-0.665,+0.9168813145,-0.4358970889
dHvap,GM,24,500,0.960,-1.720,0.000,+0.8644077380,+0.7136544973
dHvap,LO,24,500,0.927,-1.344,-0.665,+0.9168813145,-0.4358970889
dHvap,GM,25,200,1.000,-1.901,0.000,+0.8657672801,+0.1684765122
dHvap,LO,25,200,0.272,-0.335,-0.209,+0.9234489579,-9.2453016099
dHvap,GM,25,500,1.029,-1.808,0.000,+0.8644424197,+0.7015633811
dHvap,LO,25,500,0.272,-0.335,-0.209,+0.9234489579,-9.2453016099
dHvap,GM,26,200,1.053,-1.905,0.000,+0.8664345740,+0.4467192241
dHvap,LO,26,200,0.753,-1.128,-0.279,+0.9154797919,+0.9173410994
dHvap,GM,26,500,1.017,-1.916,0.000,+0.8661552610,+0.1973824941
dHvap,LO,26,500,0.531,-0.800,-0.322,+0.9194271020,+0.9166034742
dHvap,GM,27,200,0.845,-1.853,0.000,+0.8593377388,-0.5306258293
dHvap,LO,27,200,-0.296,0.431,0.374,+0.9052027690,-32.6391085885
dHvap,GM,27,500,0.965,-1.980,0.000,+0.8630860549,-0.4222588220
dHvap,LO,27,500,-0.296,0.431,0.374,+0.9052027690,-32.6391085885
dHvap,GM,28,200,0.824,-1.969,0.000,+0.8563188958,-1.1861069179
dHvap,LO,28,200,-0.364,0.351,0.215,+0.9190703060,-95.1636835145
dHvap,GM,28,500,0.975,-1.861,0.000,+0.8652970756,+0.2102701039
dHvap,LO,28,500,-0.364,0.351,0.215,+0.9190703060,-95.1636835145
dHvap,GM,29,200,1.004,-1.798,0.000,+0.8651738012,+0.6308279568
dHvap,LO,29,200,0.555,-0.752,-0.510,+0.9192268125,+0.7154099961
dHvap,GM,29,500,0.961,-1.899,0.000,+0.8642856848,-0.0541685065
dHvap,LO,29,500,0.654,-0.862,-0.288,+0.9113042261,+0.1460687109
dHvap,GM,30,200,1.024,-1.896,0.000,+0.8663162519,+0.3288298762
dHvap,LO,30,200,-0.464,0.459,0.338,+0.9110134574,-48.1071914180
dHvap,GM,30,500,1.006,-1.981,0.000,+0.8650510186,-0.1787700187
dHvap,LO,30,500,0.351,-0.438,-0.176,+0.9181870775,-12.7272512246
dHvap,GM,31,200,1.101,-1.836,0.000,+0.8574703557,+0.8424438701
dHvap,LO,31,200,0.820,-1.160,-0.302,+0.9109068892,+0.8962635079
dHvap,GM,31,500,1.044,-1.910,0.000,+0.8665396044,+0.3770127329
dHvap,LO,31,500,0.820,-1.160,-0.302,+0.9109068892,+0.8962635079
dHvap,GM,32,200,0.712,-1.786,0.000,+0.8542629066,-0.9865712548
dHvap,LO,32,200,-0.680,0.748,0.173,+0.9007323954,-74.1106996039
dHvap,GM,32,500,1.083,-1.899,0.000,+0.8652040137,+0.6170124579
dHvap,LO,32,500,0.953,-1.465,-0.382,+0.9182196121,+0.3832748919
dHvap,GM,33,200,1.040,-1.918,0.000,+0.8665696329,+0.3194242993
dHvap,LO,33,200,1.136,-1.698,-0.548,+0.9171714423,-0.2806295995
dHvap,GM,33,500,1.084,-1.933,0.000,+0.8663863081,+0.4903006044
dHvap,LO,33,500,1.136,-1.698,-0.548,+0.9171714423,-0.2806295995
dHvap,GM,34,200,0.518,-1.496,0.000,+0.8504859535,-0.7281221991
dHvap,LO,34,200,0.962,-1.462,-0.497,+0.9201750943,-0.0325461960
dHvap,GM,34,500,0.867,-1.647,0.000,+0.8635674117,+0.5675994027
dHvap,LO,34,500,0.962,-1.462,-0.497,+0.9201750943,-0.0325461960
dHvap,GM,35,200,0.868,-1.608,0.000,+0.8635892104,+0.7144256967
dHvap,LO,35,200,-0.314,0.303,1.240,+0.8994643808,-15.3251408283
dHvap,GM,35,500,1.026,-1.917,0.000,+0.8663586044,+0.2446892498
dHvap,LO,35,500,-0.537,0.473,0.317,+0.9088601061,-63.5112451322
dHvap,GM,36,200,0.930,-1.848,0.000,+0.8636729271,+0.0061416446
dHvap,LO,36,200,1.013,-1.561,-0.469,+0.9197663105,-0.0605577002
dHvap,GM,36,500,1.038,-1.907,0.000,+0.8664948958,+0.3573651449
dHvap,LO,36,500,1.013,-1.561,-0.469,+0.9197663105,-0.0605577002
dHvap,GM,37,200,1.061,-1.938,0.000,+0.8668122155,+0.3468707418
dHvap,LO,37,200,0.894,-1.398,-0.452,+0.9199064122,+0.0507926046
dHvap,GM,37,500,1.071,-1.890,0.000,+0.8655036569,+0.5956655046
dHvap,LO,37,500,0.894,-1.398,-0.452,+0.9199064122,+0.0507926046
dHvap,GM,38,200,1.108,-1.972,0.000,+0.8667038536,+0.4525424245
dHvap,LO,38,200,-0.112,0.204,0.301,+0.9043549741,-44.0915111149
dHvap,GM,38,500,0.667,-1.349,0.000,+0.8594554802,+0.7688430188
dHvap,LO,38,500,-0.112,0.204,0.301,+0.9043549741,-44.0915111149
dHvap,GM,39,200,0.796,-1.617,0.000,+0.8611668263,+0.3222077373
dHvap,LO,39,200,-0.631,0.692,0.267,+0.9045592872,-49.4319645874
dHvap,GM,39,500,0.918,-1.823,0.000,+0.8635169256,+0.0550589645
dHvap,LO,39,500,0.655,-1.072,-0.329,+0.9153004748,+0.6617679052
dHvap,GM,40,200,0.842,-1.680,0.000,+0.8622871778,+0.2902121006
dHvap,LO,40,200,0.226,-0.351,-0.079,+0.9042473200,-28.5236051448
dHvap,GM,40,500,0.903,-1.762,0.000,+0.8637334112,+0.2569227812
dHvap,LO,40,500,0.350,-0.501,-0.207,+0.9192786584,-2.5578931861
dHvap,GM,41,200,0.795,-1.757,0.000,+0.8585846063,-0.3638574023
dHvap,LO,41,200,0.205,-0.300,-0.280,+0.9134050835,-0.8337082789
dHvap,GM,41,500,1.014,-1.895,0.000,+0.8661522586,+0.2770696934
dHvap,LO,41,500,1.113,-1.793,-0.321,+0.9137478793,+0.0864791363
dHvap,GM,42,200,0.974,-1.907,0.000,+0.8647363486,-0.0145590324
dHvap,LO,42,200,-0.136,0.091,1.056,+0.9036307086,-17.5460280427
dHvap,GM,42,500,0.914,-1.827,0.000,+0.8632704856,+0.0118087366
dHvap,LO,42,500,0.270,-0.411,-0.220,+0.9159178943,-1.8378473656
dHvap,GM,43,200,1.056,-1.923,0.000,+0.8666615874,+0.3854235286
dHvap,LO,43,200,1.045,-1.495,-0.633,+0.9146580554,-0.2788855220
dHvap,GM,43,500,1.024,-1.957,0.000,+0.8660734635,+0.0451455066
dHvap,LO,43,500,0.496,-0.854,-0.380,+0.9118016991,+0.5482049332
dHvap,GM,44,200,1.076,-1.942,0.000,+0.8667672474,+0.4108962135
dHvap,LO,44,200,-0.389,0.528,0.351,+0.9045384792,-33.5768191485
dHvap,GM,44,500,0.965,-1.824,0.000,+0.8652515910,+0.3236424037
dHvap,LO,44,500,-0.389,0.528,0.351,+0.9045384792,-33.5768191485
dHvap,GM,45,200,0.993,-1.868,0.000,+0.8657619403,+0.2812315064
dHvap,LO,45,200,-0.261,0.420,0.520,+0.9033366278,-24.7793538456
dHvap,GM,45,500,1.101,-1.982,0.000,+0.8671189455,+0.3727643018
dHvap,LO,45,500,0.986,-1.885,-0.468,+0.9058252357,-1.6242578481
dHvap,GM,46,200,0.836,-1.766,0.000,+0.8604989383,-0.1605342037
dHvap,LO,46,200,0.628,-0.942,-0.443,+0.9200308572,+0.6050347111
dHvap,GM,46,500,1.138,-1.977,0.000,+0.8652065292,+0.5802626569
dHvap,LO,46,500,0.628,-0.942,-0.443,+0.9200308572,+0.6050347111
dHvap,GM,47,200,0.843,-1.771,0.000,+0.8607625162,-0.1427710798
dHvap,LO,47,200,1.006,-1.448,-0.506,+0.9162915719,+0.2395673145
dHvap,GM,47,500,0.929,-1.960,0.000,+0.8616174727,-0.5425054167
dHvap,LO,47,500,1.006,-1.448,-0.506,+0.9162915719,+0.2395673145
dHvap,GM,48,200,1.043,-1.908,0.000,+0.8665203949,+0.3803294278
dHvap,LO,48,200,0.867,-1.330,-0.472,+0.9204063645,+0.1161035437
dHvap,GM,48,500,1.037,-1.844,0.000,+0.8653986793,+0.6108720192
dHvap,LO,48,500,0.867,-1.330,-0.472,+0.9204063645,+0.1161035437
dHvap,GM,49,200,0.991,-1.880,0.000,+0.8656459461,+0.2143372824
dHvap,LO,49,200,0.121,-0.454,1.436,+0.9011820705,-16.2804477237
dHvap,GM,49,500,1.044,-1.986,0.000,+0.8664800854,+0.0263500874
dHvap,LO,49,500,-0.527,0.518,0.183,+0.9163487133,-114.6289065016
dHvap,GM,50,200,1.184,-1.998,0.000,+0.8611970954,+0.7014552169
dHvap,LO,50,200,0.680,-0.970,-0.407,+0.9213246120,+0.8395436199
dHvap,GM,50,500,0.927,-1.928,0.000,+0.8621199812,-0.4006541464
dHvap,LO,50,500,0.680,-0.970,-0.407,+0.9213246120,+0.8395436199
dHvap,GM,51,200,0.882,-1.875,0.000,+0.8608111697,-0.4152294763
dHvap,LO,51,200,0.958,-1.450,-0.276,+0.9097578355,+0.8104779458
dHvap,GM,51,500,1.050,-1.918,0.000,+0.8666183171,+0.3746511393
dHvap,LO,51,500,0.958,-1.450,-0.276,+0.9097578355,+0.8104779458
dHvap,GM,52,200,0.956,-1.989,0.000,+0.8624569096,-0.5195365133
dHvap,LO,52,200,1.267,-1.994,-0.282,+0.9062235373,+0.2295072980
dHvap,GM,52,500,0.958,-1.824,0.000,+0.8650536262,+0.2841292872
dHvap,LO,52,500,-0.666,0.661,0.300,+0.9053968336,-53.4741358803
dHvap,GM,53,200,0.908,-1.684,0.000,+0.8642996035,+0.6179908296
dHvap,LO,53,200,0.334,-0.475,1.691,+0.9010301691,-14.0170955059
dHvap,GM,53,500,0.901,-1.929,0.000,+0.8607659709,-0.5614292671
dHvap,LO,53,500,0.334,-0.475,1.691,+0.9010301691,-14.0170955059
dHvap,GM,54,200,0.970,-1.958,0.000,+0.8637345141,-0.2857653534
dHvap,LO,54,200,0.480,-0.740,-0.302,+0.9178156240,+0.8889137962
dHvap,GM,54,500,0.870,-1.841,0.000,+0.8608355555,-0.3222407547
dHvap,LO,54,500,0.480,-0.740,-0.302,+0.9178156240,+0.8889137962
dHvap,GM,55,200,0.704,-1.712,0.000,+0.8550301522,-0.6859776032
dHvap,LO,55,200,0.429,-0.525,-0.482,+0.9177332154,+0.9159264700
dHvap,GM,55,500,0.913,-1.860,0.000,+0.8626606271,-0.1547305175
dHvap,LO,55,500,0.429,-0.525,-0.482,+0.9177332154,+0.9159264700
dHvap,GM,56,200,0.812,-1.632,0.000,+0.8616701183,+0.3428209518
dHvap,LO,56,200,0.441,-0.645,-0.378,+0.9190217677,+0.9200237789
dHvap,GM,56,500,0.929,-1.757,0.000,+0.8646420708,+0.4243601530
dHvap,LO,56,500,0.441,-0.645,-0.378,+0.9190217677,+0.9200237789
dHvap,GM,57,200,1.061,-1.907,0.000,+0.8663460990,+0.4798552313
dHvap,LO,57,200,0.913,-1.411,-0.759,+0.9144085184,-1.1831946698
dHvap,GM,57,500,1.047,-1.968,0.000,+0.8666812229,+0.1293873686
dHvap,LO,57,500,0.913,-1.411,-0.759,+0.9144085184,-1.1831946698
dHvap,GM,58,200,0.860,-1.853,0.000,+0.8600990531,-0.4408560386
dHvap,LO,58,200,1.033,-1.471,-0.497,+0.9135352867,+0.3230954260
dHvap,GM,58,500,1.034,-1.986,0.000,+0.8661351458,-0.0336255481
dHvap,LO,58,500,0.960,-1.508,-0.345,+0.9166333077,+0.3840217015
dHvap,GM,59,200,0.773,-1.749,0.000,+0.8576380991,-0.4567391051
dHvap,LO,59,200,-0.109,0.166,0.407,+0.9056680170,-35.8211971723
dHvap,GM,59,500,0.955,-1.970,0.000,+0.8627635167,-0.4344229908
dHvap,LO,59,500,0.636,-0.811,-0.579,+0.9162778653,+0.6079262267
dHvap,GM,60,200,0.648,-1.783,0.000,+0.8517573358,-1.3219090772
dHvap,LO,60,200,0.885,-1.443,-0.259,+0.9109095749,+0.5858709238
dHvap,GM,60,500,0.986,-1.971,0.000,+0.8642850829,-0.2516921081
dHvap,LO,60,500,0.885,-1.443,-0.259,+0.9109095749,+0.5858709238
dHvap,GM,61,200,1.067,-1.948,0.000,+0.8669092215,+0.3356954427
dHvap,LO,61,200,0.691,-0.995,-0.364,+0.9206282135,+0.8992938226
dHvap,GM,61,500,0.938,-1.985,0.000,+0.8616050946,-0.6079116770
dHvap,LO,61,500,0.691,-0.995,-0.364,+0.9206282135,+0.8992938226
dHvap,GM,62,200,1.048,-1.884,0.000,+0.8661222293,+0.5081138769
dHvap,LO,62,200,0.007,-0.192,1.425,+0.9024897255,-15.3485616463
dHvap,GM,62,500,0.960,-1.690,0.000,+0.8633848649,+0.7980569503
dHvap,LO,62,500,1.001,-1.658,-0.659,+0.9161996896,-1.3188183557
dHvap,GM,63,200,0.840,-1.766,0.000,+0.8607025239,-0.1363630230
dHvap,LO,63,200,-0.189,0.235,0.983,+0.9030889644,-17.4991419608
dHvap,GM,63,500,0.840,-1.650,0.000,+0.8626231419,+0.4156183319
dHvap,LO,63,500,0.935,-1.629,-0.312,+0.9098909542,-0.1884593753
dHvap,GM,64,200,0.888,-1.852,0.000,+0.8615493639,-0.2670685442
dHvap,LO,64,200,0.420,-0.612,-0.229,+0.9188397968,-0.5711887549
dHvap,GM,64,500,1.072,-1.979,0.000,+0.8671368056,+0.2237584841
dHvap,LO,64,500,0.420,-0.612,-0.229,+0.9188397968,-0.5711887549
dHvap,GM,65,200,1.082,-1.970,0.000,+0.8671189231,+0.3211194401
dHvap,LO,65,200,-0.251,0.323,0.639,+0.9053031900,-23.2619519796
dHvap,GM,65,500,1.077,-1.954,0.000,+0.8669440379,+0.3642488929
dHvap,LO,65,500,-0.251,0.323,0.639,+0.9053031900,-23.2619519796
dHvap,GM,66,200,0.956,-1.914,0.000,+0.8638141381,-0.1571435006
dHvap,LO,66,200,1.070,-1.620,-0.703,+0.9167595028,-0.9491131509
dHvap,GM,66,500,1.086,-1.891,0.000,+0.8645938386,+0.6581809073
dHvap,LO,66,500,1.070,-1.620,-0.703,+0.9167595028,-0.9491131509
dHvap,GM,67,200,1.060,-1.825,0.000,+0.8628552425,+0.7630059598
dHvap,LO,67,200,0.919,-1.544,-0.582,+0.9159816341,-1.0127120236
dHvap,GM,67,500,0.958,-1.860,0.000,+0.8646978875,+0.1153842760
dHvap,LO,67,500,0.919,-1.544,-0.582,+0.9159816341,-1.0127120236
dHvap,GM,68,200,0.818,-1.574,0.000,+0.8626262023,+0.6203253448
dHvap,LO,68,200,-0.161,0.060,0.569,+0.9057336257,-32.8239157451
dHvap,GM,68,500,0.843,-1.604,0.000,+0.8631536828,+0.6214700045
dHvap,LO,68,500,0.326,-0.343,-0.202,+0.9109025279,-22.1000358892
dHvap,GM,69,200,1.066,-1.960,0.000,+0.8669967107,+0.2762318956
dHvap,LO,69,200,-0.097,0.043,1.456,+0.9009981894,-14.4181252812
dHvap,GM,69,500,1.100,-1.973,0.000,+0.8669525401,+0.4062065916
dHvap,LO,69,500,-0.097,0.043,1.456,+0.9009981894,-14.4181252812
dHvap,GM,70,200,0.934,-1.793,0.000,+0.8645392868,+0.2903214142
dHvap,LO,70,200,-0.464,0.454,0.115,+0.9095720454,-260.4636564614
dHvap,GM,70,500,1.012,-1.898,0.000,+0.8661033168,+0.2519085085
dHvap,LO,70,500,-0.464,0.454,0.115,+0.9095720454,-260.4636564614
dHvap,GM,71,200,1.018,-1.749,0.000,+0.8619149180,+0.8220449068
dHvap,LO,71,200,-0.018,0.242,0.957,+0.8978342560,-16.6493348685
dHvap,GM,71,500,0.919,-1.649,0.000,+0.8637368517,+0.7762298655
dHvap,LO,71,500,0.659,-0.910,-0.331,+0.9191190603,+0.8445927471
dHvap,GM,72,200,1.010,-1.759,0.000,+0.8633354207,+0.7769080613
dHvap,LO,72,200,1.148,-1.963,-0.786,+0.9128357166,-2.1050322172
dHvap,GM,72,500,1.067,-1.918,0.000,+0.8664574593,+0.4650984327
dHvap,LO,72,500,1.221,-1.974,-0.514,+0.9193077778,-0.8472073850
dHvap,GM,73,200,1.064,-1.845,0.000,+0.8637823887,+0.7196951881
dHvap,LO,73,200,0.478,-0.663,-0.420,+0.9203091873,+0.9144428618
dHvap,GM,73,500,1.026,-1.961,0.000,+0.8661042119,+0.0380069699
dHvap,LO,73,500,0.478,-0.663,-0.420,+0.9203091873,+0.9144428618
dHvap,GM,74,200,0.811,-1.922,0.000,+0.8564945444,-1.0493117035
dHvap,LO,74,200,-0.623,0.587,0.217,+0.9124443143,-101.1703593015
dHvap,GM,74,500,0.995,-1.862,0.000,+0.8658227101,+0.3198040829
dHvap,LO,74,500,-0.623,0.587,0.217,+0.9124443143,-101.1703593015
dHvap,GM,75,200,1.162,-1.984,0.000,+0.8631599203,+0.6601377466
dHvap,LO,75,200,0.354,-0.662,1.762,+0.9022329199,-14.2723632857
dHvap,GM,75,500,1.034,-1.883,0.000,+0.8662715140,+0.4400702730
dHvap,LO,75,500,0.879,-1.191,-0.678,+0.9128944165,-0.1034676290
dHvap,GM,76,200,0.770,-1.572,0.000,+0.8606789921,+0.3837735923
dHvap,LO,76,200,0.884,-1.688,-0.764,+0.9042063029,-2.3433407039
dHvap,GM,76,500,1.031,-1.862,0.000,+0.8659872447,+0.5120704747
dHvap,LO,76,500,0.629,-0.925,-0.223,+0.9132826601,+0.4769806417
dHvap,GM,77,200,0.800,-1.833,0.000,+0.8574779290,-0.7009700134
dHvap,LO,77,200,0.795,-1.284,-0.631,+0.9155877814,-0.7992311124
dHvap,GM,77,500,1.159,-1.989,0.000,+0.8639313672,+0.6306257796
dHvap,LO,77,500,0.795,-1.284,-0.631,+0.9155877814,-0.7992311124
dHvap,GM,78,200,1.191,-1.951,0.000,+0.8526173302,+0.8291895746
dHvap,LO,78,200,0.760,-1.486,-0.610,+0.9042472621,-1.7417760897
dHvap,GM,78,500,0.908,-1.828,0.000,+0.8629714196,-0.0290770211
dHvap,LO,78,500,0.760,-1.486,-0.610,+0.9042472621,-1.7417760897
dHvap,GM,79,200,0.813,-1.907,0.000,+0.8568338510,-0.9702365356
dHvap,LO,79,200,0.247,-0.426,1.510,+0.9022560073,-15.0493483031
dHvap,GM,79,500,1.052,-1.884,0.000,+0.8660304684,+0.5280647263
dHvap,LO,79,500,0.909,-1.492,-0.469,+0.9179450071,-0.3705848851
dHvap,GM,80,200,0.998,-1.836,0.000,+0.8658064983,+0.4504766931
dHvap,LO,80,200,0.573,-0.920,-0.666,+0.9104690098,-0.6275388204
dHvap,GM,80,500,0.971,-1.799,0.000,+0.8653947862,+0.4661207605
dHvap,LO,80,500,0.914,-1.680,-0.639,+0.9090203292,-1.7901294919
dHvap,GM,81,200,1.040,-1.983,0.000,+0.8663749472,+0.0167322406
dHvap,LO,81,200,-0.136,0.159,0.877,+0.9042046599,-19.2841465741
dHvap,GM,81,500,1.114,-1.993,0.000,+0.8670831484,+0.3953815646
dHvap,LO,81,500,0.791,-1.163,-0.384,+0.9198991685,+0.7485015850
dHvap,GM,82,200,1.180,-1.979,0.000,+0.8597267215,+0.7418108843
dHvap,LO,82,200,0.296,-0.416,-0.412,+0.9137113647,+0.9014932808
dHvap,GM,82,500,1.069,-1.937,0.000,+0.8667662937,+0.3948877527
dHvap,LO,82,500,-0.296,0.309,0.248,+0.9159794118,-69.0551499437
dHvap,GM,83,200,1.016,-1.982,0.000,+0.8654719725,-0.1230219232
dHvap,LO,83,200,0.948,-1.446,-0.782,+0.9139518046,-1.2209492872
dHvap,GM,83,500,1.051,-1.886,0.000,+0.8661015635,+0.5150543148
dHvap,LO,83,500,0.384,-0.593,-0.491,+0.9120664762,+0.5900989828
dHvap,GM,84,200,1.080,-1.936,0.000,+0.8665716899,+0.4573761201
dHvap,LO,84,200,1.165,-1.756,-0.654,+0.9167847769,-0.7880022051
dHvap,GM,84,500,1.087,-1.955,0.000,+0.8668346072,+0.4138864133
dHvap,LO,84,500,0.710,-1.044,-0.503,+0.9203591253,+0.3620952199
dHvap,GM,85,200,0.928,-1.661,0.000,+0.8637891326,+0.7732395096
dHvap,LO,85,200,0.969,-1.690,-0.465,+0.9139803873,-0.8965988059
dHvap,GM,85,500,0.955,-1.827,0.000,+0.8649353388,+0.2531523223
dHvap,LO,85,500,0.969,-1.690,-0.465,+0.9139803873,-0.8965988059
dHvap,GM,86,200,0.869,-1.726,0.000,+0.8627970693,+0.2297396847
dHvap,LO,86,200,0.881,-1.302,-0.374,+0.9179207555,+0.6923012457
dHvap,GM,86,500,1.005,-1.810,0.000,+0.8654247850,+0.5907205341
dHvap,LO,86,500,0.881,-1.302,-0.374,+0.9179207555,+0.6923012457
dHvap,GM,87,200,1.068,-1.852,0.000,+0.8638520579,+0.7132348423
dHvap,LO,87,200,-0.410,0.305,0.734,+0.9015181178,-24.1049378221
dHvap,GM,87,500,0.828,-1.894,0.000,+0.8577624865,-0.8247414732
dHvap,LO,87,500,1.112,-1.850,-0.435,+0.9173676432,-0.6412574708
dHvap,GM,88,200,0.831,-2.000,0.000,+0.8561336088,-1.2827057654
dHvap,LO,88,200,-0.206,0.158,0.795,+0.9051306855,-21.7733286932
dHvap,GM,88,500,0.891,-1.883,0.000,+0.8611219256,-0.3998153218
dHvap,LO,88,500,0.495,-0.762,-0.332,+0.9181846696,+0.9203340493
dHvap,GM,89,200,1.039,-1.966,0.000,+0.8664757564,+0.0915836490
dHvap,LO,89,200,0.947,-1.556,-0.708,+0.9147959386,-1.3853380913
dHvap,GM,89,500,0.996,-1.869,0.000,+0.8658281109,+0.2936675468
dHvap,LO,89,500,0.947,-1.556,-0.708,+0.9147959386,-1.3853380913
dHvap,GM,90,200,1.035,-1.934,0.000,+0.8665124756,+0.2180323723
dHvap,LO,90,200,0.604,-1.153,-0.292,+0.9024043434,+0.1762905802
dHvap,GM,90,500,1.080,-1.940,0.000,+0.8666601243,+0.4405841153
dHvap,LO,90,500,0.189,-0.283,1.143,+0.9010922561,-17.5103853150
dHvap,GM,91,200,0.757,-1.758,0.000,+0.8567129377,-0.5954614647
dHvap,LO,91,200,0.421,-0.942,1.735,+0.8988101398,-15.4161467793
dHvap,GM,91,500,1.014,-1.815,0.000,+0.8653293650,+0.6135087720
dHvap,LO,91,500,0.351,-0.508,-0.240,+0.9194244139,-0.9248096641
dHvap,GM,92,200,1.044,-1.988,0.000,+0.8664631851,+0.0168146734
dHvap,LO,92,200,-0.049,0.004,0.971,+0.9040472947,-18.8161619301
dHvap,GM,92,500,1.028,-1.800,0.000,+0.8641373714,+0.7228101181
dHvap,LO,92,500,1.162,-1.860,-0.649,+0.9185525703,-1.2090071075
dHvap,GM,93,200,0.799,-1.976,0.000,+0.8551139050,-1.3504977811
dHvap,LO,93,200,-0.181,0.188,1.308,+0.9008529422,-14.9368715668
dHvap,GM,93,500,0.910,-1.893,0.000,+0.8619066785,-0.3336707892
dHvap,LO,93,500,0.821,-1.346,-0.801,+0.9101186576,-1.5752636045
dHvap,GM,94,200,0.794,-1.939,0.000,+0.8554669515,-1.2180227111
dHvap,LO,94,200,1.008,-1.779,-0.340,+0.9100589677,-0.5657369629
dHvap,GM,94,500,1.090,-1.968,0.000,+0.8670288747,+0.3739309701
dHvap,LO,94,500,1.125,-1.762,-0.648,+0.9185858000,-1.0133148144
dHvap,GM,95,200,0.793,-1.491,0.000,+0.8623513328,+0.7924382019
dHvap,LO,95,200,0.825,-1.262,-0.270,+0.9133933729,+0.8778969026
dHvap,GM,95,500,1.131,-1.907,0.000,+0.8603665612,+0.7739120488
dHvap,LO,95,500,0.825,-1.262,-0.270,+0.9133933729,+0.8778969026
dHvap,GM,96,200,1.046,-1.904,0.000,+0.8664746180,+0.4138974748
dHvap,LO,96,200,1.135,-1.872,-0.590,+0.9184353274,-1.1925481187
dHvap,GM,96,500,0.990,-1.922,0.000,+0.8651969076,+0.0092942113
dHvap,LO,96,500,1.135,-1.872,-0.590,+0.9184353274,-1.1925481187
dHvap,GM,97,200,0.827,-1.716,0.000,+0.8609610723,+0.0302315192
dHvap,LO,97,200,0.356,-0.493,1.900,+0.9003762159,-13.1797259548
dHvap,GM,97,500,1.067,-1.873,0.000,+0.8650223697,+0.6395130546
dHvap,LO,97,500,0.747,-1.023,-0.528,+0.9191140834,+0.5374019714
dHvap,GM,98,200,1.073,-1.920,0.000,+0.8663648655,+0.4876247009
dHvap,LO,98,200,0.752,-1.042,-0.470,+0.9199316499,+0.7048695789
dHvap,GM,98,500,1.155,-1.994,0.000,+0.8647139044,+0.5952337716
dHvap,LO,98,500,1.064,-1.704,-0.445,+0.9189873145,-0.3073264517
dHvap,GM,99,200,0.991,-1.846,0.000,+0.8657598476,+0.3692710941
dHvap,LO,99,200,1.099,-1.838,-0.805,+0.9128402040,-1.9742882164
dHvap,GM,99,500,0.947,-1.769,0.000,+0.8650010452,+0.4680445792
dHvap,LO,99,500,1.099,-1.838,-0.805,+0.9128402040,-1.9742882164
