dataset,property,n,budget,dQ2_LO_GM,ci95_lo,ci95_hi,boot_frac_pos,dQ2_LO_ridge,ci95_lo_ridge,ci95_hi_ridge
octane,T_B,18,200,+0.0100,-0.4389,+0.2597,0.555,+0.3078,-0.3226,+1.4993
octane,T_B,18,500,+0.0655,-0.3251,+0.3199,0.691,+0.3631,-0.2549,+1.6819
octane,dHf,18,200,-0.1205,-0.2809,-0.0436,0.001,+0.0352,-0.0526,+0.1272
octane,dHf,18,500,-0.0952,-0.2026,-0.0293,0.001,+0.0679,-0.0033,+0.1692
octane,dHvap,18,200,+0.0687,+0.0139,+0.1106,0.989,-0.0016,-0.0792,+0.0675
octane,dHvap,18,500,+0.0685,+0.0156,+0.1085,0.990,-0.0004,-0.0727,+0.0764
octane,S,18,200,-0.0120,-0.0639,+0.0144,0.144,+0.1678,+0.0233,+0.2971
octane,S,18,500,-0.0098,-0.0972,+0.0285,0.333,+0.1755,+0.0360,+0.3015
octane,omega,18,200,-0.0105,-0.0183,+0.0007,0.037,+0.1195,-0.0229,+0.2714
octane,omega,18,500,-0.0061,-0.0124,+0.0033,0.092,+0.1221,-0.0167,+0.2827
nonane,T_B,35,200,+0.0337,-0.2121,+0.2216,0.639,-0.0964,-0.3975,+0.3246
nonane,T_B,35,500,+0.0486,-0.1700,+0.2656,0.711,-0.0520,-0.3568,+0.4347
nonane,dHvap,34,200,+0.0482,-0.0063,+0.1128,0.962,-0.0274,-0.1013,+0.0317
nonane,dHvap,34,500,+0.0532,-0.0052,+0.1186,0.962,-0.0248,-0.1025,+0.0421
